{"bounds": [[40.50490859773053, 0.1519758975742347], [42.89463096684936, 3.352690020918921]], "vmin": 0.0, "vmax": 15.0, "data_max": 7.2258734703063965}