{"type":"FeatureCollection","features":[{"type":"Feature","properties":{"comarca":"01","nom_comar":"Alt Camp"},"geometry":{"type":"MultiPolygon","coordinates":[[[[1.47594,41.47798],[1.47459,41.4783],[1.47378,41.4775],[1.47063,41.47736],[1.46899,41.47644],[1.46342,41.47175],[1.46319,41.47047],[1.46127,41.46876],[1.45696,41.47051],[1.45375,41.46945],[1.45339,41.46857],[1.45509,41.46752],[1.45552,41.46575],[1.45419,41.46418],[1.45529,41.46248],[1.45088,41.4584],[1.44655,41.4559],[1.4454,41.45413],[1.4406,41.44983],[1.44064,41.44914],[1.43433,41.44867],[1.4285,41.44992],[1.42215,41.44931],[1.42071,41.44749],[1.41615,41.44404],[1.40819,41.44043],[1.40705,41.43792],[1.40391,41.43522],[1.40317,41.43546],[1.40318,41.43644],[1.40248,41.43686],[1.39922,41.43767],[1.38282,41.44787],[1.37889,41.44596],[1.37103,41.44477],[1.36898,41.4439],[1.36809,41.44267],[1.3692,41.44138],[1.36877,41.43851],[1.36948,41.43748],[1.37181,41.43679],[1.3653,41.43182],[1.35563,41.42831],[1.35165,41.42808],[1.34558,41.42881],[1.34112,41.4307],[1.32832,41.42723],[1.32716,41.42809],[1.3282,41.43225],[1.32716,41.44117],[1.32379,41.44409],[1.32288,41.44744],[1.32107,41.44823],[1.32019,41.4472],[1.31997,41.44512],[1.31794,41.4427],[1.31433,41.44159],[1.31161,41.43926],[1.31065,41.43708],[1.30777,41.43669],[1.3073,41.43361],[1.3058,41.43174],[1.30564,41.42965],[1.30342,41.42782],[1.30288,41.42848],[1.30004,41.42852],[1.29594,41.42622],[1.29154,41.42543],[1.29103,41.42375],[1.28936,41.42243],[1.2894,41.42122],[1.2878,41.41965],[1.28804,41.41881],[1.28723,41.4179],[1.28429,41.41686],[1.28317,41.41751],[1.27096,41.40806],[1.26327,41.40616],[1.25939,41.40385],[1.26119,41.39859],[1.25596,41.39081],[1.25227,41.38777],[1.25366,41.38483],[1.24046,41.38386],[1.23898,41.38003],[1.2401,41.37761],[1.24012,41.37622],[1.23946,41.37546],[1.23211,41.37474],[1.23016,41.37357],[1.22572,41.36363],[1.22536,41.36154],[1.22632,41.36025],[1.22562,41.35525],[1.22638,41.35344],[1.22483,41.35196],[1.22565,41.34975],[1.22271,41.34494],[1.221,41.34256],[1.21646,41.33907],[1.21525,41.337],[1.21127,41.33401],[1.20259,41.33142],[1.1969,41.32852],[1.19533,41.32684],[1.19427,41.32389],[1.19275,41.32189],[1.19282,41.31917],[1.19089,41.31624],[1.19129,41.3153],[1.19072,41.3159],[1.18809,41.31622],[1.18489,41.3196],[1.18269,41.32007],[1.17794,41.31954],[1.17468,41.32039],[1.17174,41.31701],[1.16916,41.31753],[1.16444,41.31567],[1.16182,41.31619],[1.15772,41.31517],[1.15238,41.31108],[1.14755,41.31167],[1.14412,41.30877],[1.14156,41.30808],[1.13835,41.30839],[1.135,41.30737],[1.13311,41.30568],[1.12635,41.30542],[1.11775,41.30641],[1.11377,41.3083],[1.10698,41.30815],[1.10312,41.30971],[1.1024,41.31051],[1.1078,41.31334],[1.10734,41.31416],[1.10607,41.31485],[1.10473,41.31456],[1.10409,41.31547],[1.09767,41.31526],[1.08074,41.31856],[1.07865,41.31847],[1.07515,41.32131],[1.06488,41.31986],[1.06689,41.32311],[1.06411,41.32629],[1.04287,41.31832],[1.05386,41.3063],[1.06622,41.30474],[1.05741,41.29412],[1.05814,41.27335],[1.0531,41.26808],[1.08878,41.26374],[1.09349,41.26592],[1.09989,41.26604],[1.10268,41.25737],[1.10384,41.25702],[1.10616,41.25692],[1.11628,41.2593],[1.11935,41.26097],[1.12106,41.26016],[1.12417,41.25711],[1.12483,41.25829],[1.12687,41.25934],[1.13248,41.25938],[1.13343,41.25827],[1.13484,41.25814],[1.14068,41.25834],[1.14186,41.25673],[1.14141,41.25386],[1.14208,41.25342],[1.13987,41.25235],[1.14241,41.25124],[1.14422,41.24841],[1.14343,41.24796],[1.14355,41.24722],[1.14931,41.24489],[1.15758,41.23922],[1.16045,41.23854],[1.16063,41.23807],[1.15665,41.23609],[1.15345,41.23208],[1.15799,41.22933],[1.17283,41.2233],[1.17456,41.22558],[1.18084,41.22343],[1.18748,41.23215],[1.18961,41.231],[1.19599,41.22373],[1.19924,41.22687],[1.20192,41.22835],[1.20298,41.22826],[1.20457,41.22611],[1.20585,41.22607],[1.20888,41.22244],[1.21202,41.22114],[1.21206,41.21942],[1.21373,41.21941],[1.21766,41.2154],[1.21959,41.21556],[1.22146,41.21439],[1.22305,41.21536],[1.22428,41.21429],[1.22567,41.21457],[1.2273,41.21876],[1.23004,41.21761],[1.23273,41.21732],[1.23317,41.21526],[1.2326,41.21101],[1.23383,41.20393],[1.24598,41.20395],[1.25903,41.19964],[1.26049,41.20121],[1.25303,41.21308],[1.24233,41.22143],[1.24686,41.22607],[1.25957,41.2225],[1.26195,41.22335],[1.26248,41.226],[1.26517,41.2264],[1.26533,41.22803],[1.26748,41.23079],[1.26698,41.23252],[1.27434,41.2347],[1.27649,41.23622],[1.2814,41.23301],[1.28432,41.23402],[1.28445,41.2354],[1.28508,41.23579],[1.28857,41.23625],[1.28959,41.23701],[1.29353,41.23679],[1.29493,41.23935],[1.29896,41.23626],[1.30106,41.23563],[1.3036,41.23667],[1.30877,41.23173],[1.31191,41.23163],[1.31562,41.22911],[1.31784,41.22367],[1.32209,41.22227],[1.32518,41.21936],[1.32761,41.21841],[1.32991,41.21952],[1.33597,41.22067],[1.33683,41.21983],[1.33789,41.21561],[1.33982,41.21405],[1.34119,41.21501],[1.34356,41.21479],[1.34304,41.21915],[1.34381,41.21951],[1.34496,41.21869],[1.34564,41.21889],[1.34686,41.22243],[1.3521,41.22065],[1.35349,41.22467],[1.35009,41.22614],[1.34797,41.22905],[1.34816,41.23004],[1.34958,41.23061],[1.34893,41.23179],[1.34757,41.23246],[1.34372,41.23115],[1.34661,41.22982],[1.34646,41.22835],[1.34348,41.2292],[1.34092,41.2288],[1.3398,41.22947],[1.34091,41.2315],[1.34074,41.23313],[1.33772,41.23269],[1.33722,41.23422],[1.33396,41.23582],[1.33385,41.23719],[1.3346,41.23801],[1.3378,41.23862],[1.34015,41.2373],[1.34283,41.2391],[1.34584,41.23674],[1.34893,41.23819],[1.3507,41.23824],[1.35075,41.24053],[1.34767,41.24044],[1.34712,41.24145],[1.34951,41.24417],[1.35211,41.2458],[1.35226,41.24839],[1.35506,41.24964],[1.35387,41.25137],[1.35578,41.25138],[1.35751,41.25471],[1.36068,41.252],[1.36442,41.25166],[1.36633,41.25085],[1.36632,41.2488],[1.36762,41.2473],[1.36776,41.24517],[1.37036,41.24288],[1.37752,41.24254],[1.38104,41.24139],[1.38589,41.24202],[1.38999,41.2418],[1.39478,41.23954],[1.39835,41.23916],[1.40257,41.23959],[1.40715,41.24153],[1.41316,41.24119],[1.41515,41.24527],[1.42093,41.24858],[1.42609,41.24818],[1.43512,41.25126],[1.43438,41.255],[1.43086,41.25741],[1.41881,41.26286],[1.41531,41.26325],[1.40317,41.26275],[1.39997,41.26347],[1.40212,41.26547],[1.40301,41.26762],[1.40273,41.27082],[1.40716,41.27316],[1.40869,41.27505],[1.42053,41.27421],[1.42851,41.27271],[1.43467,41.27315],[1.43756,41.27216],[1.4395,41.2723],[1.43737,41.27706],[1.43344,41.2824],[1.43583,41.28525],[1.43601,41.28606],[1.43507,41.28711],[1.4283,41.28622],[1.41461,41.28749],[1.40385,41.29001],[1.39897,41.29228],[1.40948,41.29846],[1.41577,41.2988],[1.41883,41.303],[1.42411,41.30473],[1.42546,41.30816],[1.42029,41.31382],[1.41473,41.31739],[1.41198,41.3189],[1.40363,41.32125],[1.4029,41.32425],[1.402,41.325],[1.4088,41.32735],[1.42718,41.33608],[1.44766,41.34849],[1.46282,41.35624],[1.47223,41.35527],[1.49374,41.35528],[1.50436,41.36159],[1.51252,41.35916],[1.51827,41.36456],[1.5281,41.369],[1.53702,41.38534],[1.53109,41.38763],[1.52291,41.38773],[1.51858,41.38886],[1.51172,41.39405],[1.5097,41.39423],[1.50777,41.39367],[1.50493,41.39074],[1.50303,41.3907],[1.50213,41.39157],[1.49809,41.38973],[1.49706,41.39033],[1.49546,41.38967],[1.49241,41.38674],[1.49166,41.38716],[1.49065,41.38659],[1.48805,41.38361],[1.48705,41.38319],[1.48576,41.38366],[1.48491,41.38143],[1.47838,41.38125],[1.47698,41.38182],[1.47319,41.38026],[1.47411,41.38301],[1.4761,41.38347],[1.47728,41.38551],[1.48033,41.38733],[1.48111,41.395],[1.48211,41.39812],[1.48948,41.39988],[1.4902,41.40173],[1.48774,41.40617],[1.4874,41.40972],[1.4827,41.41543],[1.48181,41.41853],[1.48384,41.42046],[1.48367,41.42174],[1.47746,41.4234],[1.47596,41.42931],[1.47854,41.4331],[1.48199,41.43201],[1.4835,41.4309],[1.48616,41.43286],[1.49047,41.43374],[1.49191,41.43548],[1.49595,41.43572],[1.47609,41.4355],[1.47444,41.43821],[1.46865,41.44369],[1.46906,41.44479],[1.48028,41.45384],[1.48699,41.46452],[1.48636,41.46525],[1.48714,41.46841],[1.48579,41.4719],[1.48456,41.4721],[1.48297,41.47469],[1.47594,41.47798]]]]}},{"type":"Feature","properties":{"comarca":"02","nom_comar":"Alt Empordà"},"geometry":{"type":"MultiPolygon","coordinates":[[[[3.12383,42.13573],[3.1232,42.13593],[3.12318,42.13523],[3.12383,42.13573]],[[3.26378,42.23718],[3.26435,42.2373],[3.26335,42.2373],[3.26378,42.23718]],[[3.19825,42.24246],[3.19859,42.24289],[3.19815,42.24305],[3.19774,42.2427],[3.19825,42.24246]],[[3.29374,42.28096],[3.29328,42.28201],[3.29201,42.28236],[3.2918,42.28118],[3.29294,42.28035],[3.29374,42.28096]],[[3.30845,42.29229],[3.30856,42.29136],[3.30928,42.29132],[3.30845,42.29229]],[[3.2963,42.29396],[3.29467,42.29424],[3.29379,42.29352],[3.29411,42.29277],[3.29315,42.29287],[3.29612,42.29019],[3.29676,42.29029],[3.29619,42.29105],[3.29686,42.29066],[3.29628,42.29134],[3.29678,42.29187],[3.29611,42.29253],[3.29685,42.29333],[3.2963,42.29396]],[[3.29658,42.29396],[3.29676,42.29445],[3.29544,42.29536],[3.29658,42.29396]],[[3.33182,42.31906],[3.33248,42.32005],[3.3315,42.32018],[3.33182,42.31906]],[[3.31934,42.32381],[3.31943,42.32483],[3.31824,42.32442],[3.31948,42.32285],[3.32155,42.32213],[3.32143,42.32148],[3.32443,42.32129],[3.32186,42.32199],[3.32295,42.32246],[3.3223,42.32341],[3.3207,42.32376],[3.32015,42.32289],[3.3199,42.3238],[3.31934,42.32381]],[[3.30655,42.32755],[3.30511,42.32819],[3.30399,42.3274],[3.30655,42.32755]],[[3.28681,42.33221],[3.28701,42.33281],[3.28579,42.33345],[3.28602,42.3322],[3.28681,42.33221]],[[3.24079,42.33707],[3.24132,42.33742],[3.24057,42.33772],[3.24079,42.33707]],[[3.24332,42.33935],[3.24233,42.34013],[3.24179,42.33979],[3.24332,42.33935]],[[3.18312,42.35302],[3.18334,42.35341],[3.18256,42.3535],[3.18245,42.35288],[3.18312,42.35302]],[[3.16634,42.40162],[3.16524,42.4017],[3.16526,42.40074],[3.16581,42.40061],[3.16634,42.40162]],[[3.1652,42.41077],[3.16558,42.4113],[3.16472,42.41087],[3.1652,42.41077]],[[2.95937,42.47432],[2.95013,42.47846],[2.94674,42.48142],[2.9453,42.47985],[2.93793,42.47727],[2.93733,42.47612],[2.93506,42.47453],[2.9319,42.47418],[2.93002,42.47203],[2.92721,42.4664],[2.9247,42.46397],[2.92529,42.4622],[2.92451,42.45855],[2.91752,42.45628],[2.91101,42.45747],[2.90464,42.45692],[2.90074,42.4584],[2.89865,42.46011],[2.89147,42.46201],[2.88944,42.46186],[2.88612,42.4598],[2.88224,42.46049],[2.87652,42.46554],[2.87048,42.46743],[2.86813,42.46664],[2.86594,42.4647],[2.86413,42.46434],[2.86339,42.46354],[2.86426,42.45962],[2.86161,42.45501],[2.85675,42.45406],[2.83909,42.45941],[2.83761,42.45691],[2.83558,42.45614],[2.83538,42.45444],[2.83231,42.45223],[2.83348,42.44873],[2.83314,42.44733],[2.82717,42.43914],[2.82512,42.43884],[2.81863,42.44052],[2.81444,42.43803],[2.81034,42.43393],[2.80994,42.43165],[2.80765,42.43109],[2.80396,42.43304],[2.80408,42.42931],[2.80235,42.42733],[2.80093,42.42394],[2.80064,42.42159],[2.8023,42.42063],[2.80118,42.41865],[2.79063,42.41837],[2.78992,42.41765],[2.78598,42.41685],[2.78395,42.4175],[2.77856,42.41245],[2.7774,42.412],[2.773,42.4129],[2.77047,42.41163],[2.76829,42.4137],[2.76665,42.41439],[2.76434,42.41698],[2.76151,42.41748],[2.75979,42.4186],[2.75747,42.42428],[2.75593,42.42577],[2.75313,42.4264],[2.75141,42.42539],[2.74308,42.42507],[2.73991,42.42378],[2.73335,42.42454],[2.73032,42.42258],[2.72502,42.42298],[2.71708,42.42152],[2.71062,42.41598],[2.70643,42.41476],[2.70315,42.4115],[2.697,42.41034],[2.69332,42.40665],[2.68917,42.40603],[2.68609,42.40714],[2.68025,42.40656],[2.67434,42.40498],[2.6713,42.40236],[2.6734,42.39917],[2.67177,42.39169],[2.67217,42.39061],[2.67138,42.38818],[2.67036,42.38733],[2.66854,42.38642],[2.66666,42.3865],[2.66573,42.38562],[2.65195,42.38888],[2.6514,42.38659],[2.65232,42.38457],[2.65676,42.38214],[2.66118,42.37731],[2.66167,42.37387],[2.66283,42.37162],[2.66104,42.36893],[2.66088,42.36602],[2.66411,42.36437],[2.66553,42.36262],[2.66747,42.36182],[2.66993,42.36196],[2.67163,42.35992],[2.67364,42.35909],[2.67315,42.3575],[2.6751,42.35685],[2.67441,42.35531],[2.6761,42.35376],[2.67568,42.34762],[2.6766,42.34726],[2.67659,42.3464],[2.6755,42.34241],[2.6728,42.34185],[2.67175,42.34087],[2.66984,42.3405],[2.66675,42.34131],[2.66502,42.34076],[2.66387,42.34124],[2.66249,42.3405],[2.6602,42.34122],[2.6547,42.34141],[2.6543,42.3432],[2.6529,42.34309],[2.65074,42.34413],[2.64739,42.34351],[2.64216,42.34455],[2.63848,42.34361],[2.63448,42.34389],[2.63289,42.34492],[2.63264,42.34557],[2.63335,42.3463],[2.63138,42.34655],[2.62283,42.34516],[2.6102,42.34681],[2.6085,42.34821],[2.60101,42.34925],[2.60012,42.3516],[2.59222,42.35292],[2.58769,42.35485],[2.58829,42.35645],[2.58698,42.35722],[2.58164,42.35708],[2.57701,42.35807],[2.5723,42.3574],[2.57077,42.35824],[2.56927,42.35671],[2.56769,42.35638],[2.56389,42.36035],[2.56187,42.36113],[2.5615,42.3572],[2.56224,42.3553],[2.5565,42.35395],[2.55414,42.35408],[2.55359,42.35006],[2.55467,42.3481],[2.55373,42.34766],[2.55342,42.34538],[2.55174,42.3444],[2.55255,42.34284],[2.54822,42.33965],[2.54435,42.34007],[2.54407,42.33762],[2.54215,42.33425],[2.54323,42.33302],[2.55124,42.3285],[2.55155,42.32751],[2.55525,42.32514],[2.55624,42.32303],[2.5621,42.31941],[2.56207,42.3177],[2.5714,42.32038],[2.57816,42.32152],[2.58065,42.32631],[2.59177,42.32785],[2.61404,42.31856],[2.61209,42.31614],[2.61212,42.31485],[2.61551,42.31306],[2.61768,42.30685],[2.61837,42.30814],[2.62081,42.30972],[2.63078,42.31281],[2.63228,42.30524],[2.63091,42.30454],[2.62958,42.30272],[2.63009,42.30011],[2.62789,42.29597],[2.62914,42.29561],[2.63888,42.29635],[2.64477,42.29773],[2.65681,42.29618],[2.65639,42.29461],[2.65855,42.29329],[2.65954,42.28947],[2.66294,42.28727],[2.66236,42.2864],[2.66504,42.28415],[2.66578,42.28169],[2.66499,42.28061],[2.66439,42.27738],[2.66751,42.27262],[2.66719,42.2717],[2.66567,42.27198],[2.66423,42.27067],[2.66151,42.26997],[2.66091,42.26764],[2.6635,42.26786],[2.66408,42.26654],[2.6622,42.26633],[2.66169,42.26535],[2.665,42.26413],[2.67144,42.26337],[2.67048,42.26142],[2.67163,42.26026],[2.67061,42.25942],[2.67104,42.25799],[2.67255,42.25689],[2.67694,42.26019],[2.67268,42.26184],[2.67227,42.26255],[2.67581,42.26343],[2.68189,42.26309],[2.68643,42.26213],[2.6903,42.26265],[2.68982,42.26357],[2.68681,42.265],[2.68348,42.26794],[2.67666,42.27073],[2.6798,42.27216],[2.6819,42.27193],[2.6899,42.2736],[2.69606,42.27391],[2.70244,42.27109],[2.7088,42.267],[2.70627,42.25962],[2.70253,42.25873],[2.70118,42.25458],[2.70232,42.24945],[2.71824,42.25081],[2.72209,42.24672],[2.72326,42.24709],[2.72559,42.24836],[2.72719,42.25022],[2.72652,42.2544],[2.72761,42.25609],[2.72916,42.26318],[2.73054,42.26389],[2.73702,42.26249],[2.74072,42.26081],[2.74425,42.26093],[2.75222,42.25878],[2.77151,42.25221],[2.76926,42.24525],[2.76853,42.23836],[2.77821,42.2272],[2.77591,42.22389],[2.77645,42.21607],[2.78484,42.20506],[2.78446,42.20279],[2.78276,42.20135],[2.78622,42.19878],[2.79856,42.19867],[2.80734,42.20205],[2.80946,42.20072],[2.81148,42.2008],[2.8133,42.19882],[2.81508,42.19877],[2.81656,42.2],[2.81947,42.19959],[2.82106,42.19822],[2.82208,42.19891],[2.82253,42.20057],[2.82539,42.20209],[2.82842,42.20161],[2.82884,42.20082],[2.82834,42.19991],[2.831,42.19922],[2.83238,42.19981],[2.83267,42.20163],[2.83411,42.20234],[2.83493,42.20197],[2.83475,42.20084],[2.83283,42.20052],[2.83408,42.19829],[2.83311,42.18984],[2.83352,42.18925],[2.82788,42.18302],[2.8333,42.17919],[2.84143,42.1812],[2.84915,42.1803],[2.84968,42.18218],[2.85165,42.18216],[2.85468,42.18541],[2.85616,42.18802],[2.8592,42.19031],[2.86129,42.1951],[2.86112,42.1969],[2.86186,42.19908],[2.86399,42.20102],[2.86841,42.19933],[2.86856,42.19802],[2.87073,42.19662],[2.87897,42.19548],[2.87865,42.19264],[2.87914,42.19068],[2.87737,42.18784],[2.87611,42.1835],[2.88384,42.18248],[2.88901,42.17927],[2.89211,42.17878],[2.89383,42.17681],[2.89431,42.17174],[2.89764,42.1652],[2.89842,42.16222],[2.89286,42.15757],[2.89156,42.15506],[2.88835,42.15404],[2.88846,42.14995],[2.89035,42.14993],[2.89388,42.14834],[2.90118,42.13876],[2.90102,42.13408],[2.89841,42.13197],[2.89935,42.12966],[2.8985,42.12102],[2.90428,42.11062],[2.90601,42.1101],[2.90702,42.11033],[2.90699,42.11137],[2.9096,42.11165],[2.9095,42.11102],[2.91149,42.11026],[2.91337,42.11055],[2.91413,42.11291],[2.91591,42.11301],[2.91606,42.114],[2.9192,42.11489],[2.92473,42.1152],[2.92628,42.11681],[2.93002,42.11397],[2.9315,42.11369],[2.93389,42.11553],[2.93925,42.11637],[2.94338,42.11411],[2.94483,42.11373],[2.94793,42.11426],[2.953,42.11338],[2.95433,42.11211],[2.95577,42.11276],[2.96021,42.11224],[2.96067,42.11382],[2.96269,42.11448],[2.97524,42.1151],[2.98151,42.1188],[2.99504,42.12331],[2.99557,42.12953],[2.99694,42.13048],[2.99876,42.1302],[2.99733,42.1328],[2.99554,42.1343],[3.00129,42.13505],[3.00061,42.13791],[3.00134,42.13954],[3.00422,42.14047],[3.0084,42.13536],[3.01414,42.1334],[3.01603,42.12869],[3.01746,42.12825],[3.01856,42.12683],[3.02137,42.12753],[3.02631,42.12526],[3.03317,42.12391],[3.03475,42.12143],[3.04179,42.11675],[3.04533,42.11017],[3.04756,42.11056],[3.05015,42.10969],[3.04993,42.11248],[3.05372,42.11378],[3.0593,42.11463],[3.05963,42.11629],[3.06664,42.11856],[3.07449,42.1189],[3.07448,42.11752],[3.07741,42.11779],[3.0776,42.11902],[3.08567,42.11976],[3.08593,42.12126],[3.08813,42.121],[3.08879,42.12195],[3.09084,42.12146],[3.09157,42.12408],[3.0905,42.1246],[3.09101,42.12563],[3.0928,42.12562],[3.09477,42.12665],[3.09714,42.11877],[3.10561,42.11764],[3.10763,42.11679],[3.1074,42.11563],[3.1062,42.11468],[3.10597,42.11219],[3.10838,42.10295],[3.11257,42.1034],[3.12103,42.10661],[3.12805,42.10843],[3.12981,42.10803],[3.13207,42.0983],[3.15366,42.10439],[3.16151,42.1089],[3.17182,42.10821],[3.1746,42.1073],[3.17506,42.10892],[3.17649,42.1096],[3.17614,42.11013],[3.17684,42.11148],[3.1726,42.11174],[3.17149,42.1143],[3.16928,42.11501],[3.16692,42.11334],[3.16484,42.11305],[3.16335,42.11535],[3.1583,42.11583],[3.15706,42.11745],[3.15468,42.11767],[3.14975,42.12113],[3.14721,42.12099],[3.14542,42.11981],[3.14829,42.12094],[3.15067,42.12042],[3.14922,42.11954],[3.14855,42.11935],[3.14809,42.12021],[3.14836,42.1193],[3.14501,42.11891],[3.14851,42.11853],[3.14904,42.11702],[3.14735,42.11648],[3.14554,42.11752],[3.14715,42.11808],[3.14328,42.11719],[3.1454,42.11748],[3.14573,42.11586],[3.14516,42.11563],[3.14331,42.11589],[3.14272,42.11691],[3.14299,42.1155],[3.14174,42.11499],[3.13807,42.11567],[3.13694,42.11696],[3.13835,42.11859],[3.13831,42.12189],[3.13653,42.12442],[3.13666,42.12643],[3.1357,42.12712],[3.13516,42.12646],[3.13385,42.12794],[3.13378,42.12672],[3.13314,42.12659],[3.12984,42.12751],[3.12893,42.12699],[3.12763,42.12765],[3.12561,42.127],[3.12365,42.12862],[3.12464,42.13078],[3.12239,42.1314],[3.12234,42.13218],[3.12374,42.13317],[3.12184,42.13391],[3.12226,42.13566],[3.1213,42.13689],[3.12009,42.13706],[3.1192,42.1399],[3.12148,42.14084],[3.11947,42.14024],[3.11788,42.14196],[3.11467,42.15255],[3.1126,42.16475],[3.11087,42.18463],[3.11162,42.19911],[3.11084,42.20207],[3.11474,42.21655],[3.11797,42.22464],[3.12163,42.2309],[3.13082,42.24205],[3.13434,42.24531],[3.13583,42.24519],[3.13507,42.24591],[3.13547,42.24637],[3.13483,42.2461],[3.13339,42.24733],[3.13479,42.2467],[3.13506,42.24734],[3.13638,42.24568],[3.13651,42.24641],[3.1351,42.24755],[3.13535,42.24804],[3.14584,42.25647],[3.14877,42.25812],[3.14995,42.25834],[3.15029,42.25784],[3.15089,42.2592],[3.15132,42.25831],[3.15078,42.25724],[3.15158,42.25821],[3.15102,42.25973],[3.15629,42.26236],[3.16132,42.26397],[3.16629,42.26471],[3.17085,42.26445],[3.17368,42.26321],[3.17445,42.26118],[3.17149,42.25989],[3.17505,42.26137],[3.17545,42.26098],[3.17282,42.25952],[3.17589,42.26103],[3.17921,42.25868],[3.17949,42.2581],[3.17724,42.25768],[3.17879,42.25776],[3.17587,42.25706],[3.17524,42.25512],[3.17562,42.25407],[3.1764,42.25426],[3.17559,42.25517],[3.17622,42.25708],[3.18064,42.25786],[3.181,42.25648],[3.17812,42.25607],[3.17798,42.25663],[3.17897,42.25683],[3.17756,42.25686],[3.17665,42.25639],[3.17764,42.25653],[3.17789,42.25558],[3.17665,42.25541],[3.1782,42.25531],[3.17891,42.2525],[3.17943,42.25257],[3.17843,42.25538],[3.18108,42.25579],[3.18107,42.25396],[3.18046,42.25396],[3.18108,42.25378],[3.18108,42.2521],[3.18003,42.2521],[3.18002,42.25104],[3.1768,42.25149],[3.17735,42.25095],[3.18164,42.25096],[3.18204,42.24966],[3.18044,42.24777],[3.18225,42.24552],[3.18355,42.24493],[3.18374,42.24561],[3.18521,42.24534],[3.18615,42.24588],[3.19086,42.24551],[3.1945,42.24744],[3.19657,42.24709],[3.1979,42.24615],[3.19754,42.24485],[3.19851,42.24309],[3.20276,42.24181],[3.20355,42.24091],[3.20549,42.24122],[3.20767,42.24063],[3.20907,42.23903],[3.20734,42.23736],[3.21196,42.23743],[3.21491,42.23439],[3.21638,42.23479],[3.21795,42.23239],[3.21884,42.23231],[3.21872,42.23313],[3.21963,42.23285],[3.22091,42.23401],[3.22053,42.23658],[3.22644,42.23765],[3.22452,42.23898],[3.22482,42.23977],[3.22747,42.2394],[3.22894,42.2404],[3.2288,42.24105],[3.22642,42.24189],[3.22584,42.24353],[3.22655,42.24416],[3.22928,42.24384],[3.23083,42.24516],[3.22676,42.2491],[3.2272,42.25061],[3.22947,42.25158],[3.23258,42.24918],[3.23764,42.24749],[3.23752,42.24902],[3.23905,42.25098],[3.24005,42.251],[3.24169,42.24978],[3.24386,42.24967],[3.24553,42.24626],[3.24793,42.2441],[3.24786,42.24177],[3.24924,42.2407],[3.25452,42.23961],[3.25437,42.23907],[3.25921,42.23894],[3.26163,42.2372],[3.26437,42.23788],[3.26388,42.23813],[3.26553,42.23895],[3.26513,42.23977],[3.26569,42.24023],[3.26457,42.24087],[3.26656,42.24259],[3.26626,42.24334],[3.2625,42.24423],[3.25901,42.2435],[3.25401,42.24429],[3.25413,42.24583],[3.25261,42.24642],[3.25497,42.2472],[3.25634,42.24889],[3.25535,42.24931],[3.25532,42.25117],[3.25365,42.25174],[3.25364,42.25256],[3.25513,42.25339],[3.26138,42.25096],[3.26213,42.25227],[3.26324,42.25197],[3.26665,42.25367],[3.26931,42.25343],[3.27427,42.25425],[3.27483,42.25312],[3.27684,42.25266],[3.27781,42.25352],[3.2794,42.2531],[3.27899,42.25493],[3.28153,42.25378],[3.28009,42.2556],[3.28096,42.25816],[3.28245,42.25821],[3.28214,42.25903],[3.28285,42.25897],[3.28292,42.26011],[3.28433,42.26196],[3.28528,42.26197],[3.28551,42.26329],[3.28689,42.26391],[3.28777,42.26587],[3.28631,42.2676],[3.28752,42.26922],[3.28699,42.26991],[3.28726,42.27099],[3.28547,42.27134],[3.28406,42.26996],[3.2829,42.2702],[3.28331,42.27123],[3.28263,42.27254],[3.28311,42.27352],[3.28053,42.27437],[3.28099,42.27501],[3.28028,42.27679],[3.27674,42.28001],[3.27724,42.28127],[3.28076,42.2804],[3.27567,42.28375],[3.27666,42.28584],[3.27609,42.28706],[3.27924,42.28887],[3.28068,42.28869],[3.28178,42.28676],[3.28341,42.28574],[3.2847,42.2852],[3.28626,42.28586],[3.28776,42.28493],[3.28695,42.28408],[3.2876,42.28251],[3.28868,42.28354],[3.29047,42.28214],[3.2913,42.28272],[3.29131,42.28359],[3.29203,42.28283],[3.29456,42.28301],[3.29603,42.28233],[3.29506,42.28303],[3.2957,42.28311],[3.29515,42.28423],[3.29699,42.28365],[3.29565,42.28526],[3.29625,42.28526],[3.296,42.28581],[3.29925,42.28455],[3.29912,42.28579],[3.29767,42.28603],[3.29793,42.28797],[3.29582,42.28992],[3.29044,42.29225],[3.29051,42.29084],[3.29161,42.28956],[3.29075,42.2895],[3.28619,42.29325],[3.28766,42.2944],[3.28926,42.29402],[3.29202,42.29487],[3.29116,42.29711],[3.28944,42.29677],[3.28853,42.29737],[3.28979,42.29807],[3.2895,42.29915],[3.29102,42.29853],[3.292,42.29904],[3.29117,42.2999],[3.29283,42.30072],[3.29299,42.30171],[3.29228,42.3023],[3.28956,42.30217],[3.28911,42.30273],[3.28804,42.30193],[3.28654,42.30356],[3.28827,42.30308],[3.28865,42.30421],[3.28992,42.30434],[3.29008,42.30534],[3.28932,42.30571],[3.28984,42.30609],[3.28918,42.30675],[3.29101,42.30726],[3.29323,42.30704],[3.29387,42.30638],[3.29466,42.3071],[3.29504,42.30511],[3.2958,42.30465],[3.29695,42.30488],[3.29846,42.30395],[3.29899,42.30422],[3.29842,42.305],[3.29947,42.30424],[3.30029,42.30448],[3.30005,42.30572],[3.29818,42.30677],[3.30013,42.30718],[3.30005,42.30774],[3.30274,42.30806],[3.30208,42.30895],[3.30271,42.30943],[3.30151,42.31014],[3.30283,42.31022],[3.30274,42.31145],[3.30425,42.31],[3.30368,42.31163],[3.30516,42.31184],[3.30538,42.31123],[3.30626,42.31332],[3.3066,42.31218],[3.30585,42.31058],[3.30758,42.31066],[3.30665,42.31171],[3.3083,42.31261],[3.30757,42.31406],[3.30926,42.31265],[3.31274,42.31302],[3.31207,42.31574],[3.31246,42.31657],[3.31104,42.31709],[3.31145,42.31764],[3.31278,42.31739],[3.31574,42.31448],[3.31844,42.31446],[3.31824,42.31534],[3.31695,42.31564],[3.31515,42.31764],[3.31696,42.31741],[3.31752,42.31668],[3.31771,42.31716],[3.32036,42.31674],[3.32089,42.3173],[3.32042,42.31753],[3.32145,42.31806],[3.32132,42.31896],[3.32225,42.31947],[3.31853,42.32086],[3.32002,42.32112],[3.31643,42.32323],[3.31545,42.32327],[3.3151,42.3223],[3.31517,42.32296],[3.31391,42.32423],[3.31175,42.32466],[3.31055,42.32383],[3.31164,42.3216],[3.3112,42.32079],[3.31174,42.32018],[3.31094,42.32007],[3.30946,42.32147],[3.30923,42.32085],[3.30693,42.32254],[3.3076,42.32268],[3.30749,42.32349],[3.30892,42.3231],[3.30796,42.3236],[3.30817,42.32429],[3.30734,42.32496],[3.30831,42.32518],[3.30861,42.32598],[3.30765,42.327],[3.30442,42.3267],[3.3057,42.32599],[3.30509,42.32602],[3.30537,42.32539],[3.30263,42.32664],[3.30072,42.32587],[3.30105,42.32653],[3.29693,42.32785],[3.297,42.32894],[3.29433,42.32975],[3.29341,42.32888],[3.2921,42.32966],[3.29305,42.32675],[3.29063,42.32917],[3.28907,42.32938],[3.28915,42.32733],[3.28813,42.32799],[3.2882,42.32665],[3.286,42.32542],[3.28702,42.32713],[3.28698,42.32892],[3.28628,42.3293],[3.28679,42.32967],[3.28572,42.3315],[3.28355,42.33197],[3.28391,42.33227],[3.28244,42.33288],[3.28145,42.33287],[3.28216,42.33217],[3.28096,42.33196],[3.27746,42.33257],[3.27978,42.33297],[3.28024,42.33425],[3.27846,42.33488],[3.28063,42.33562],[3.28031,42.33621],[3.27932,42.33677],[3.27893,42.3361],[3.2781,42.3363],[3.2778,42.33719],[3.27644,42.33744],[3.27624,42.33631],[3.27195,42.33818],[3.27083,42.33771],[3.27108,42.33829],[3.26834,42.33936],[3.26761,42.34044],[3.26114,42.34034],[3.26264,42.33892],[3.26326,42.33671],[3.26207,42.33703],[3.26199,42.3377],[3.26188,42.33717],[3.2608,42.33765],[3.26134,42.33674],[3.26074,42.33626],[3.26193,42.33578],[3.26167,42.33531],[3.26261,42.33455],[3.26004,42.33486],[3.26046,42.3331],[3.25869,42.3351],[3.25626,42.33534],[3.2541,42.33505],[3.25494,42.33414],[3.25352,42.33311],[3.25326,42.33433],[3.25056,42.33581],[3.25103,42.334],[3.25011,42.33261],[3.25114,42.3316],[3.25132,42.33017],[3.24972,42.32971],[3.24805,42.33184],[3.24686,42.33213],[3.2475,42.33384],[3.24562,42.33546],[3.24679,42.33601],[3.24647,42.33643],[3.24322,42.33649],[3.24134,42.33515],[3.24053,42.33713],[3.23953,42.33749],[3.24014,42.33863],[3.23991,42.33992],[3.23796,42.34103],[3.23846,42.34183],[3.2374,42.34221],[3.23681,42.34346],[3.23821,42.3441],[3.23747,42.34501],[3.23846,42.34611],[3.23833,42.34897],[3.23583,42.35012],[3.23489,42.34938],[3.23465,42.35016],[3.23245,42.35009],[3.23138,42.35114],[3.22926,42.35156],[3.22753,42.35138],[3.22761,42.35052],[3.22661,42.35034],[3.22686,42.34936],[3.22619,42.34967],[3.22514,42.34878],[3.2246,42.34932],[3.22313,42.34908],[3.22283,42.34723],[3.22139,42.34878],[3.21993,42.34878],[3.21919,42.34978],[3.21531,42.34949],[3.2149,42.34903],[3.21584,42.34755],[3.21491,42.34668],[3.21139,42.3471],[3.21124,42.34499],[3.21036,42.34486],[3.21005,42.34379],[3.20902,42.34409],[3.20924,42.34548],[3.20659,42.34624],[3.20714,42.34578],[3.20532,42.34731],[3.20343,42.34706],[3.20281,42.34554],[3.20193,42.34523],[3.20205,42.34435],[3.19997,42.34083],[3.20113,42.34197],[3.20229,42.34117],[3.20166,42.34144],[3.20266,42.34142],[3.20183,42.34174],[3.2025,42.34184],[3.20195,42.34228],[3.20252,42.34215],[3.20302,42.34133],[3.20118,42.34096],[3.20213,42.3406],[3.20328,42.34126],[3.20338,42.34079],[3.20222,42.34018],[3.20351,42.34019],[3.20232,42.33966],[3.20353,42.34017],[3.20256,42.33936],[3.20376,42.33987],[3.20296,42.33917],[3.20396,42.33917],[3.2034,42.3385],[3.20236,42.33868],[3.20213,42.33792],[3.20335,42.33771],[3.2034,42.33716],[3.20235,42.33722],[3.20296,42.33713],[3.20275,42.33649],[3.20009,42.33514],[3.19636,42.33499],[3.19549,42.33588],[3.1944,42.33592],[3.19345,42.33812],[3.19031,42.33906],[3.1895,42.34063],[3.18988,42.34158],[3.18875,42.34154],[3.18842,42.34246],[3.18684,42.34256],[3.18551,42.34365],[3.18513,42.34555],[3.18574,42.34608],[3.18525,42.34623],[3.18656,42.34747],[3.18616,42.34917],[3.18811,42.34982],[3.18838,42.35121],[3.18787,42.35181],[3.18546,42.35166],[3.18556,42.35113],[3.18427,42.35038],[3.1836,42.35164],[3.18243,42.35113],[3.18154,42.35182],[3.1825,42.3526],[3.18105,42.35261],[3.17986,42.35345],[3.17805,42.35289],[3.17823,42.35386],[3.17745,42.35457],[3.17616,42.35405],[3.17244,42.35574],[3.17104,42.35702],[3.17112,42.35794],[3.16968,42.35835],[3.16876,42.35778],[3.16831,42.35881],[3.16304,42.36029],[3.16294,42.36129],[3.16446,42.36212],[3.16311,42.36338],[3.16339,42.36501],[3.16478,42.36507],[3.16444,42.36561],[3.16536,42.36629],[3.16644,42.36606],[3.16605,42.36663],[3.16709,42.36782],[3.16675,42.36826],[3.16752,42.36796],[3.1667,42.3685],[3.16711,42.36888],[3.16616,42.36867],[3.16564,42.36923],[3.16602,42.3697],[3.16535,42.37025],[3.16607,42.3711],[3.1646,42.37155],[3.16526,42.37288],[3.16466,42.37312],[3.16508,42.37428],[3.16265,42.37484],[3.16266,42.37438],[3.16428,42.37436],[3.16429,42.37362],[3.16179,42.37261],[3.16284,42.37303],[3.16199,42.37229],[3.16309,42.37273],[3.16221,42.37202],[3.16348,42.37224],[3.16241,42.37177],[3.16369,42.37199],[3.16261,42.37152],[3.16385,42.37179],[3.16251,42.37123],[3.16137,42.37264],[3.16296,42.37384],[3.16113,42.37303],[3.16199,42.37137],[3.15941,42.3717],[3.15883,42.37322],[3.15919,42.37406],[3.15857,42.37473],[3.15771,42.37451],[3.15882,42.3755],[3.15869,42.37625],[3.15732,42.37641],[3.15702,42.37791],[3.15507,42.37845],[3.15582,42.37911],[3.15516,42.37997],[3.15579,42.38118],[3.15755,42.38151],[3.15761,42.38287],[3.15983,42.38523],[3.16162,42.38557],[3.16279,42.38473],[3.16327,42.38606],[3.16256,42.38626],[3.16325,42.38627],[3.16514,42.38868],[3.16699,42.38879],[3.16698,42.3897],[3.16451,42.39007],[3.16464,42.39074],[3.16315,42.39167],[3.16262,42.39143],[3.16286,42.39075],[3.16128,42.39051],[3.16071,42.38914],[3.1597,42.38894],[3.15656,42.39081],[3.15561,42.3905],[3.15374,42.3912],[3.1527,42.39367],[3.15682,42.39637],[3.15778,42.39594],[3.1577,42.39662],[3.16053,42.39784],[3.1648,42.401],[3.16415,42.40303],[3.16256,42.40455],[3.15793,42.40514],[3.15881,42.40463],[3.15733,42.40356],[3.15763,42.40442],[3.1557,42.40557],[3.15596,42.40716],[3.15802,42.40789],[3.15873,42.40757],[3.1585,42.40828],[3.16145,42.40914],[3.16209,42.41136],[3.16558,42.41141],[3.16457,42.41328],[3.17097,42.41641],[3.16894,42.41835],[3.16938,42.41959],[3.1688,42.41978],[3.16865,42.4215],[3.16881,42.42332],[3.17066,42.42397],[3.17036,42.42443],[3.16621,42.42667],[3.16557,42.42656],[3.16803,42.4254],[3.1668,42.42498],[3.16353,42.4273],[3.16162,42.42667],[3.16057,42.4282],[3.16177,42.4285],[3.16243,42.42976],[3.16427,42.42935],[3.16423,42.43044],[3.16898,42.43004],[3.16859,42.43068],[3.16945,42.43139],[3.17026,42.43121],[3.17031,42.4322],[3.17145,42.43339],[3.17351,42.43397],[3.17491,42.43354],[3.17396,42.43439],[3.17497,42.43498],[3.1672,42.43521],[3.16353,42.43609],[3.15642,42.43414],[3.15344,42.43578],[3.14521,42.43324],[3.14007,42.43385],[3.1377,42.4355],[3.13326,42.43593],[3.13037,42.43511],[3.12566,42.43485],[3.12235,42.43603],[3.12031,42.43798],[3.11525,42.43562],[3.10996,42.43536],[3.10788,42.43401],[3.10645,42.43084],[3.1039,42.4298],[3.10283,42.42862],[3.10267,42.42659],[3.09887,42.42515],[3.08639,42.42546],[3.08053,42.4285],[3.07752,42.4315],[3.07653,42.43536],[3.06995,42.43599],[3.06705,42.44258],[3.05818,42.44585],[3.05673,42.4482],[3.05416,42.44997],[3.05168,42.45289],[3.05127,42.45459],[3.04752,42.45683],[3.0467,42.46115],[3.04554,42.46156],[3.04376,42.46485],[3.04295,42.46784],[3.04173,42.46946],[3.04189,42.47131],[3.04044,42.47366],[3.03713,42.4736],[3.03182,42.47492],[3.02659,42.47223],[3.02347,42.47216],[3.02239,42.47125],[3.01838,42.47011],[3.01302,42.4664],[3.00739,42.46939],[3.00355,42.47047],[3.0025,42.4721],[2.99987,42.47333],[2.9888,42.47402],[2.98244,42.4718],[2.98254,42.46957],[2.97969,42.46735],[2.97663,42.46762],[2.96741,42.4655],[2.96255,42.47021],[2.95937,42.47432]]]]}},{"type":"Feature","properties":{"comarca":"03","nom_comar":"Alt Penedès"},"geometry":{"type":"MultiPolygon","coordinates":[[[[1.63329,41.50721],[1.63259,41.50788],[1.62804,41.50841],[1.6192,41.51128],[1.61802,41.51241],[1.61519,41.51328],[1.60588,41.51303],[1.60764,41.51269],[1.61006,41.50944],[1.6105,41.50521],[1.60122,41.50418],[1.59941,41.49999],[1.60088,41.49946],[1.60006,41.49698],[1.60216,41.49499],[1.59998,41.49399],[1.59295,41.49348],[1.58433,41.49089],[1.58143,41.48843],[1.57955,41.48562],[1.57595,41.48423],[1.57038,41.48035],[1.57061,41.4723],[1.58325,41.4618],[1.58429,41.46128],[1.59142,41.4613],[1.59435,41.4513],[1.58801,41.44823],[1.57216,41.44319],[1.57123,41.44616],[1.56708,41.44815],[1.56436,41.45064],[1.55379,41.45104],[1.55136,41.44649],[1.54741,41.44689],[1.54331,41.44534],[1.5425,41.44201],[1.54175,41.44177],[1.53647,41.44502],[1.53411,41.44335],[1.53316,41.44186],[1.53547,41.43996],[1.52215,41.43834],[1.51055,41.43491],[1.50262,41.42846],[1.49595,41.43572],[1.49191,41.43548],[1.49047,41.43374],[1.48616,41.43286],[1.4835,41.4309],[1.48199,41.43201],[1.47854,41.4331],[1.47578,41.42845],[1.47746,41.4234],[1.48367,41.42174],[1.48384,41.42046],[1.48181,41.41853],[1.4827,41.41543],[1.4874,41.40972],[1.48774,41.40617],[1.4902,41.40173],[1.48948,41.39988],[1.48211,41.39812],[1.48111,41.395],[1.48033,41.38733],[1.47728,41.38551],[1.4761,41.38347],[1.47411,41.38301],[1.47319,41.38026],[1.47698,41.38182],[1.47838,41.38125],[1.48491,41.38143],[1.48576,41.38366],[1.48705,41.38319],[1.48805,41.38361],[1.49065,41.38659],[1.49166,41.38716],[1.49241,41.38674],[1.49546,41.38967],[1.49706,41.39033],[1.49809,41.38973],[1.50213,41.39157],[1.50303,41.3907],[1.50493,41.39074],[1.50777,41.39367],[1.5097,41.39423],[1.51172,41.39405],[1.51858,41.38886],[1.52291,41.38773],[1.53109,41.38763],[1.53702,41.38534],[1.54181,41.38142],[1.54171,41.38089],[1.54586,41.3794],[1.54805,41.3746],[1.54727,41.37263],[1.55124,41.36841],[1.55367,41.36806],[1.55591,41.36862],[1.55952,41.36796],[1.56326,41.36967],[1.56395,41.36908],[1.56789,41.36926],[1.56942,41.36854],[1.57007,41.36703],[1.57019,41.36628],[1.56917,41.3652],[1.57069,41.36409],[1.57058,41.36146],[1.57188,41.36153],[1.57386,41.36341],[1.57822,41.36241],[1.57763,41.35912],[1.57867,41.35792],[1.57886,41.35636],[1.57649,41.35571],[1.57819,41.35343],[1.57706,41.35321],[1.57369,41.35541],[1.55998,41.34522],[1.55908,41.34332],[1.56634,41.33915],[1.56936,41.33283],[1.56878,41.33063],[1.56913,41.32969],[1.57361,41.32559],[1.57425,41.32249],[1.57253,41.3221],[1.57255,41.31951],[1.57497,41.31499],[1.57831,41.31575],[1.58195,41.3143],[1.58338,41.31421],[1.58418,41.31491],[1.58655,41.31366],[1.58693,41.31262],[1.59495,41.31008],[1.59486,41.30922],[1.59636,41.30845],[1.59671,41.30712],[1.58864,41.29761],[1.59017,41.29748],[1.59056,41.29689],[1.59036,41.29582],[1.58823,41.29368],[1.59021,41.29361],[1.59351,41.29198],[1.59599,41.29238],[1.59901,41.28918],[1.60389,41.28916],[1.60431,41.28823],[1.60234,41.28744],[1.60291,41.28653],[1.60582,41.28601],[1.60693,41.28638],[1.60741,41.28734],[1.60833,41.28547],[1.61181,41.28519],[1.61436,41.28805],[1.61444,41.2906],[1.61657,41.29332],[1.62481,41.29665],[1.62772,41.29621],[1.6315,41.2989],[1.6332,41.29857],[1.63675,41.29609],[1.63303,41.29427],[1.62743,41.29414],[1.62696,41.29092],[1.62952,41.28862],[1.62959,41.28588],[1.6281,41.28405],[1.6301,41.28291],[1.6267,41.28135],[1.62678,41.2803],[1.61994,41.2771],[1.62135,41.27617],[1.62362,41.27635],[1.62375,41.27442],[1.6259,41.27318],[1.62745,41.26974],[1.62322,41.2671],[1.6226,41.26363],[1.62422,41.26228],[1.621,41.25624],[1.62219,41.25474],[1.61989,41.2535],[1.6176,41.25452],[1.61696,41.25266],[1.61256,41.25183],[1.61266,41.25075],[1.60605,41.24991],[1.60536,41.25122],[1.60257,41.25288],[1.59705,41.25343],[1.59918,41.25625],[1.59585,41.25493],[1.595,41.25554],[1.59634,41.25672],[1.59361,41.25789],[1.59436,41.25897],[1.58485,41.25731],[1.57647,41.25874],[1.57012,41.26066],[1.57388,41.25757],[1.57539,41.25537],[1.57627,41.2521],[1.57569,41.24937],[1.57871,41.24141],[1.58131,41.23759],[1.58315,41.23599],[1.58398,41.23717],[1.59011,41.23538],[1.59343,41.23372],[1.59997,41.23505],[1.60216,41.2348],[1.60571,41.23371],[1.60901,41.23137],[1.61417,41.22987],[1.61475,41.22856],[1.61419,41.2268],[1.61474,41.22598],[1.6186,41.22525],[1.6215,41.22363],[1.62497,41.22351],[1.63112,41.2245],[1.6324,41.22843],[1.6342,41.2292],[1.63278,41.23127],[1.63951,41.23488],[1.64043,41.23598],[1.64146,41.23634],[1.64195,41.23584],[1.6455,41.23815],[1.668,41.24502],[1.66922,41.24624],[1.66987,41.24855],[1.67114,41.25019],[1.67033,41.25237],[1.6707,41.25488],[1.67522,41.25675],[1.67736,41.26085],[1.69058,41.27175],[1.69034,41.27396],[1.69313,41.27535],[1.6932,41.28039],[1.69737,41.28387],[1.70297,41.29059],[1.70325,41.29137],[1.70241,41.2929],[1.70038,41.29451],[1.70017,41.29549],[1.7006,41.29698],[1.70284,41.29954],[1.70961,41.30144],[1.72158,41.30144],[1.72914,41.29942],[1.73426,41.29612],[1.73762,41.295],[1.74001,41.29685],[1.74301,41.29687],[1.74742,41.30128],[1.74865,41.3007],[1.75305,41.30175],[1.7542,41.30074],[1.75803,41.30305],[1.75672,41.30407],[1.75697,41.30528],[1.7587,41.30726],[1.75799,41.30791],[1.75833,41.3085],[1.76288,41.3103],[1.76501,41.31285],[1.76493,41.31375],[1.76311,41.3155],[1.76338,41.32103],[1.76821,41.32432],[1.77106,41.325],[1.77563,41.32739],[1.77758,41.32906],[1.77973,41.32788],[1.78747,41.32594],[1.78964,41.32278],[1.79268,41.32348],[1.79635,41.32282],[1.80026,41.32303],[1.80536,41.32425],[1.81014,41.32328],[1.81291,41.32096],[1.81968,41.3211],[1.82496,41.31886],[1.82856,41.32103],[1.83212,41.32053],[1.83467,41.3188],[1.83868,41.31728],[1.84057,41.31541],[1.84785,41.31932],[1.84984,41.31875],[1.85166,41.31924],[1.85575,41.32611],[1.85793,41.32799],[1.85775,41.32878],[1.85975,41.3295],[1.85988,41.33205],[1.86181,41.33424],[1.86432,41.3348],[1.87127,41.33849],[1.86971,41.34214],[1.87047,41.34308],[1.87428,41.34432],[1.87674,41.34395],[1.8798,41.34453],[1.88229,41.34381],[1.88403,41.34569],[1.89012,41.34834],[1.89203,41.35061],[1.89594,41.3515],[1.89838,41.35481],[1.89655,41.3568],[1.89733,41.35932],[1.89698,41.36014],[1.89007,41.36279],[1.89029,41.36346],[1.88891,41.36569],[1.89024,41.3684],[1.88724,41.372],[1.88153,41.37337],[1.87368,41.37943],[1.87089,41.38041],[1.86934,41.38728],[1.87667,41.38961],[1.87483,41.395],[1.87762,41.40417],[1.879,41.40522],[1.8826,41.40563],[1.88309,41.40696],[1.88495,41.40814],[1.88119,41.41159],[1.88229,41.41423],[1.88736,41.41706],[1.88881,41.41897],[1.88886,41.42155],[1.88943,41.42225],[1.88744,41.42304],[1.88738,41.42361],[1.89121,41.42806],[1.89131,41.43002],[1.89285,41.43061],[1.89488,41.43007],[1.89691,41.43271],[1.8945,41.43809],[1.89312,41.43832],[1.89145,41.43985],[1.87798,41.45484],[1.87621,41.45579],[1.87277,41.4602],[1.87287,41.46393],[1.87193,41.4658],[1.87344,41.47263],[1.87228,41.4739],[1.87145,41.47713],[1.87017,41.47808],[1.85398,41.4853],[1.85209,41.48698],[1.84442,41.49132],[1.84387,41.49252],[1.84172,41.49386],[1.83181,41.49572],[1.83132,41.49424],[1.82865,41.49132],[1.82591,41.48582],[1.82499,41.48532],[1.8239,41.48149],[1.82192,41.48123],[1.82137,41.48235],[1.82019,41.48242],[1.8155,41.48084],[1.80961,41.48069],[1.80726,41.47654],[1.80795,41.47558],[1.80601,41.47332],[1.80288,41.47309],[1.797,41.47587],[1.79297,41.47633],[1.79346,41.47573],[1.79251,41.47341],[1.79751,41.46936],[1.79827,41.46822],[1.79791,41.46661],[1.79525,41.46754],[1.79405,41.46727],[1.79367,41.46551],[1.79224,41.46558],[1.79175,41.46715],[1.78766,41.46703],[1.78644,41.46652],[1.78574,41.46532],[1.78296,41.46555],[1.78015,41.46347],[1.77904,41.46318],[1.77749,41.46482],[1.77471,41.46341],[1.77408,41.46256],[1.77496,41.45921],[1.77445,41.45744],[1.77514,41.45598],[1.77497,41.4541],[1.77637,41.45077],[1.76908,41.44559],[1.75208,41.45133],[1.74888,41.45336],[1.75145,41.45762],[1.745,41.45938],[1.74226,41.46109],[1.738,41.46056],[1.72992,41.464],[1.72449,41.46407],[1.71964,41.46608],[1.71611,41.46601],[1.71061,41.46837],[1.70974,41.4704],[1.70732,41.47268],[1.70267,41.4737],[1.69936,41.47635],[1.6953,41.48393],[1.69042,41.4881],[1.68,41.50713],[1.66815,41.50883],[1.66534,41.50672],[1.64111,41.50667],[1.63692,41.50806],[1.63329,41.50721]],[[1.63552,41.30955],[1.62926,41.31046],[1.63379,41.31332],[1.64243,41.31288],[1.64005,41.31049],[1.63552,41.30955]]]]}},{"type":"Feature","properties":{"comarca":"04","nom_comar":"Alt Urgell"},"geometry":{"type":"MultiPolygon","coordinates":[[[[1.31941,41.99157],[1.31775,41.99036],[1.31368,41.98944],[1.31314,41.98742],[1.31462,41.98372],[1.31758,41.98194],[1.31969,41.98228],[1.32097,41.98318],[1.32235,41.98617],[1.32159,41.98664],[1.32042,41.98932],[1.32141,41.9903],[1.31941,41.99157]],[[1.45055,42.53989],[1.44335,42.5427],[1.43883,42.54346],[1.43144,42.53948],[1.42553,42.53922],[1.41687,42.53549],[1.41324,42.53522],[1.41042,42.53356],[1.4091,42.52943],[1.40754,42.52745],[1.40293,42.52685],[1.40191,42.52592],[1.4003,42.52574],[1.39442,42.52642],[1.39307,42.52486],[1.3926,42.52245],[1.393,42.52086],[1.38732,42.51742],[1.38631,42.51531],[1.38513,42.51447],[1.37944,42.51458],[1.3752,42.51392],[1.37055,42.51825],[1.363,42.51883],[1.36554,42.51077],[1.36322,42.50468],[1.36408,42.50169],[1.36399,42.49942],[1.36258,42.49829],[1.36576,42.49507],[1.36458,42.49346],[1.36117,42.49159],[1.36138,42.48967],[1.36071,42.48703],[1.35904,42.48448],[1.35674,42.48243],[1.35432,42.48148],[1.34554,42.48127],[1.34455,42.47438],[1.34344,42.4739],[1.34142,42.47067],[1.34029,42.46733],[1.33626,42.46353],[1.33365,42.45988],[1.32708,42.4548],[1.32467,42.44985],[1.32248,42.4481],[1.32073,42.44561],[1.31634,42.44517],[1.31147,42.44995],[1.30768,42.4505],[1.30226,42.44896],[1.2995,42.4487],[1.29431,42.44937],[1.28655,42.44773],[1.28195,42.44547],[1.28236,42.44422],[1.27749,42.44362],[1.27211,42.44398],[1.27206,42.44272],[1.27035,42.4426],[1.26895,42.44345],[1.26922,42.44511],[1.26707,42.44559],[1.26755,42.44671],[1.26614,42.44809],[1.26102,42.4482],[1.25782,42.45151],[1.2562,42.45238],[1.25373,42.4468],[1.2534,42.44442],[1.25185,42.44283],[1.25323,42.4388],[1.2582,42.43262],[1.25744,42.43103],[1.25968,42.42833],[1.26156,42.41982],[1.25888,42.41856],[1.25666,42.4192],[1.25288,42.41916],[1.24792,42.41766],[1.2447,42.41537],[1.24587,42.41311],[1.24572,42.40757],[1.24656,42.40053],[1.24496,42.39729],[1.24521,42.38473],[1.23686,42.37343],[1.23634,42.3694],[1.2296,42.36892],[1.22587,42.36625],[1.21844,42.36254],[1.21043,42.3603],[1.20936,42.35804],[1.20447,42.35497],[1.20016,42.35123],[1.19756,42.35178],[1.18833,42.34891],[1.18414,42.34254],[1.18339,42.3372],[1.18103,42.33492],[1.17191,42.32879],[1.17594,42.3278],[1.1738,42.3274],[1.17224,42.32629],[1.16394,42.31537],[1.16463,42.31148],[1.16664,42.31011],[1.16585,42.30926],[1.15813,42.30716],[1.15231,42.30746],[1.14384,42.30625],[1.14117,42.30646],[1.13883,42.30766],[1.1344,42.30737],[1.13263,42.30547],[1.13173,42.30338],[1.13,42.30266],[1.13014,42.30118],[1.12915,42.29992],[1.12656,42.29912],[1.12569,42.29721],[1.12253,42.2956],[1.138,42.29045],[1.14657,42.28546],[1.14623,42.28487],[1.14832,42.28286],[1.15385,42.28181],[1.15817,42.27737],[1.15776,42.26927],[1.15716,42.26857],[1.1547,42.2682],[1.15347,42.26689],[1.15099,42.25802],[1.15505,42.25429],[1.15491,42.25292],[1.15751,42.24951],[1.15837,42.24649],[1.15428,42.24329],[1.14906,42.24084],[1.14818,42.23987],[1.14486,42.24001],[1.14194,42.23831],[1.14021,42.23825],[1.13921,42.23595],[1.14028,42.23428],[1.1407,42.23183],[1.14292,42.22919],[1.14191,42.22809],[1.14237,42.22743],[1.14429,42.2263],[1.14824,42.22602],[1.15344,42.22356],[1.15373,42.22034],[1.15671,42.21909],[1.16017,42.21892],[1.16175,42.21971],[1.16391,42.21888],[1.16496,42.21912],[1.16822,42.21541],[1.16741,42.21192],[1.16743,42.20816],[1.16841,42.20141],[1.16743,42.20008],[1.1656,42.19936],[1.16296,42.19616],[1.16051,42.19005],[1.16238,42.18931],[1.16649,42.18937],[1.17323,42.1853],[1.17573,42.18259],[1.18162,42.18148],[1.18653,42.17575],[1.18521,42.17482],[1.18639,42.1714],[1.18176,42.16768],[1.18223,42.16406],[1.18184,42.16223],[1.17597,42.15838],[1.17563,42.15638],[1.17386,42.15439],[1.1736,42.15311],[1.16791,42.15372],[1.16663,42.15256],[1.16463,42.1528],[1.16054,42.15082],[1.16199,42.14609],[1.16265,42.14553],[1.16153,42.14153],[1.16038,42.13975],[1.15713,42.13783],[1.15574,42.13562],[1.15668,42.12833],[1.15811,42.12562],[1.15742,42.12292],[1.16606,42.12305],[1.16596,42.12123],[1.16772,42.11932],[1.16609,42.11557],[1.16614,42.11352],[1.16502,42.11132],[1.16503,42.10953],[1.16233,42.10625],[1.16209,42.10468],[1.16241,42.10324],[1.16411,42.10332],[1.16501,42.10071],[1.16413,42.09993],[1.16386,42.09833],[1.16495,42.09764],[1.16449,42.09591],[1.16754,42.08875],[1.1666,42.08738],[1.16736,42.08434],[1.16674,42.08234],[1.16944,42.08244],[1.17165,42.08439],[1.17456,42.0844],[1.17705,42.08357],[1.17965,42.08545],[1.18092,42.08475],[1.18174,42.08551],[1.18123,42.08626],[1.18159,42.0869],[1.1841,42.08697],[1.18236,42.08844],[1.18383,42.08967],[1.18574,42.08571],[1.20004,42.09],[1.20275,42.08373],[1.20656,42.07925],[1.21082,42.07656],[1.21286,42.07685],[1.21293,42.07825],[1.21449,42.07944],[1.22097,42.0796],[1.22046,42.07811],[1.22339,42.07581],[1.22143,42.07195],[1.21963,42.07061],[1.21908,42.0688],[1.22403,42.06978],[1.23681,42.06586],[1.23664,42.06508],[1.23398,42.06335],[1.23765,42.06427],[1.23869,42.06314],[1.23812,42.06306],[1.23672,42.06059],[1.242,42.0529],[1.23976,42.0496],[1.23335,42.04642],[1.23497,42.04274],[1.23695,42.04159],[1.24099,42.03644],[1.23928,42.03135],[1.2392,42.02779],[1.23633,42.02458],[1.23653,42.02036],[1.24189,42.01597],[1.24873,42.01178],[1.24824,42.00833],[1.24996,42.00679],[1.25208,42.00543],[1.25561,42.00577],[1.25758,42.00379],[1.26082,42.00345],[1.26349,41.99885],[1.26368,41.99761],[1.26279,41.99713],[1.26262,41.99622],[1.26307,41.9955],[1.26085,41.9927],[1.26052,41.9906],[1.25807,41.98914],[1.25696,41.98174],[1.25798,41.97647],[1.26247,41.97486],[1.26228,41.97267],[1.26025,41.96748],[1.26003,41.96542],[1.25604,41.95599],[1.25575,41.9534],[1.25435,41.95019],[1.25324,41.94958],[1.25377,41.94829],[1.25242,41.94613],[1.2527,41.94452],[1.24803,41.93988],[1.24865,41.93944],[1.25153,41.93942],[1.25586,41.94185],[1.26001,41.94247],[1.27858,41.95327],[1.2856,41.95851],[1.2879,41.95646],[1.2893,41.95666],[1.29086,41.95793],[1.29173,41.96065],[1.2902,41.9624],[1.291,41.96498],[1.29485,41.96624],[1.29435,41.96817],[1.29625,41.97012],[1.2958,41.973],[1.29408,41.97372],[1.29572,41.9745],[1.2966,41.97343],[1.2986,41.97583],[1.29875,41.98046],[1.30205,41.98281],[1.30801,41.98559],[1.30977,41.98821],[1.30901,41.98998],[1.30663,41.98944],[1.30481,41.99192],[1.30696,41.99406],[1.30918,41.99484],[1.31303,41.99428],[1.31414,41.99292],[1.31861,41.99288],[1.32236,41.99172],[1.32392,41.99049],[1.32727,41.9913],[1.33183,41.99081],[1.33751,41.99124],[1.33965,41.99275],[1.34638,41.99361],[1.34893,41.99464],[1.3529,41.99407],[1.35518,41.9959],[1.35712,41.99626],[1.35928,41.99762],[1.36131,41.99981],[1.36263,42.00002],[1.36312,42.00415],[1.36121,42.00496],[1.36022,42.00669],[1.35927,42.0071],[1.36036,42.00969],[1.35783,42.01023],[1.35745,42.01181],[1.35888,42.01601],[1.35831,42.01945],[1.3567,42.01981],[1.35477,42.02279],[1.35604,42.02275],[1.35668,42.02527],[1.3568,42.02687],[1.35573,42.02807],[1.35798,42.02891],[1.35922,42.0284],[1.36036,42.03008],[1.35987,42.03389],[1.35678,42.03813],[1.35695,42.03887],[1.3641,42.04295],[1.36327,42.0447],[1.35825,42.04524],[1.35698,42.04616],[1.35945,42.04698],[1.35987,42.04981],[1.36077,42.0511],[1.35989,42.05204],[1.36042,42.05481],[1.35914,42.05652],[1.3597,42.06072],[1.35843,42.062],[1.36019,42.0633],[1.35774,42.06328],[1.35776,42.06506],[1.3568,42.06653],[1.35701,42.06796],[1.35858,42.06951],[1.35816,42.07099],[1.3586,42.07392],[1.35777,42.07749],[1.35452,42.07578],[1.35261,42.0736],[1.34984,42.07302],[1.34746,42.07357],[1.34452,42.07589],[1.34204,42.07634],[1.33989,42.07777],[1.33865,42.0773],[1.33564,42.0776],[1.33456,42.07698],[1.33101,42.08002],[1.32348,42.09493],[1.32684,42.11513],[1.32821,42.11522],[1.33526,42.11965],[1.33902,42.12012],[1.3419,42.1197],[1.34356,42.12219],[1.34909,42.12358],[1.35066,42.12848],[1.35183,42.12884],[1.35459,42.1281],[1.35721,42.12926],[1.36199,42.12997],[1.3633,42.13416],[1.36534,42.13638],[1.36658,42.13937],[1.36475,42.14214],[1.36144,42.14185],[1.35827,42.14536],[1.35757,42.14795],[1.36275,42.14979],[1.36343,42.14875],[1.36513,42.14863],[1.36901,42.15168],[1.37352,42.15273],[1.37846,42.15478],[1.38036,42.15377],[1.38236,42.15418],[1.38762,42.15121],[1.39623,42.15063],[1.40452,42.15547],[1.40909,42.15626],[1.41186,42.15781],[1.4244,42.16006],[1.42813,42.1591],[1.43114,42.15935],[1.43183,42.15781],[1.434,42.15596],[1.43485,42.15375],[1.44085,42.14965],[1.44631,42.14774],[1.44656,42.14673],[1.446,42.14579],[1.44684,42.14491],[1.45112,42.14657],[1.45319,42.14841],[1.45914,42.15105],[1.46916,42.15417],[1.47939,42.1605],[1.48835,42.16487],[1.49376,42.16952],[1.49738,42.1701],[1.50362,42.17459],[1.51087,42.17854],[1.51414,42.1814],[1.51936,42.18363],[1.5227,42.18639],[1.52152,42.19019],[1.52794,42.192],[1.52871,42.19937],[1.52756,42.20427],[1.53528,42.20626],[1.53952,42.20633],[1.5441,42.2084],[1.55023,42.20872],[1.55284,42.21004],[1.55731,42.20975],[1.56469,42.2078],[1.5683,42.20779],[1.57953,42.20365],[1.58274,42.20455],[1.58594,42.20306],[1.59119,42.20271],[1.59552,42.20045],[1.60259,42.20011],[1.60743,42.2015],[1.61384,42.20101],[1.61378,42.20332],[1.6118,42.20438],[1.61171,42.2078],[1.61019,42.21267],[1.61729,42.22376],[1.62546,42.23249],[1.62606,42.23812],[1.62697,42.23907],[1.63285,42.2412],[1.63336,42.24377],[1.63862,42.24741],[1.65041,42.25142],[1.65847,42.25344],[1.66094,42.25251],[1.66364,42.25445],[1.67618,42.25615],[1.67854,42.25562],[1.68461,42.25644],[1.68449,42.25889],[1.68544,42.26033],[1.69432,42.26399],[1.69007,42.27709],[1.68367,42.27602],[1.68059,42.27874],[1.67821,42.27854],[1.67539,42.27983],[1.6718,42.2803],[1.67042,42.28147],[1.66851,42.28009],[1.66562,42.27985],[1.66155,42.28238],[1.65622,42.2829],[1.65212,42.2849],[1.65226,42.28591],[1.65153,42.28643],[1.653,42.30018],[1.65496,42.33243],[1.65811,42.33507],[1.6589,42.3367],[1.65003,42.34765],[1.65149,42.34824],[1.65495,42.35346],[1.65673,42.35481],[1.65659,42.35658],[1.66009,42.3616],[1.65756,42.36647],[1.65581,42.3663],[1.65482,42.36528],[1.65286,42.36574],[1.65401,42.3715],[1.65719,42.37603],[1.65494,42.38409],[1.65228,42.3863],[1.65001,42.39026],[1.64632,42.39229],[1.64775,42.39671],[1.64603,42.39886],[1.63707,42.40399],[1.6252,42.40621],[1.62248,42.41068],[1.62018,42.41317],[1.61184,42.41693],[1.60773,42.41811],[1.60446,42.42221],[1.60109,42.42452],[1.60199,42.42554],[1.60307,42.42964],[1.59649,42.43958],[1.59732,42.44208],[1.59633,42.44431],[1.59263,42.44652],[1.58917,42.44728],[1.58592,42.44883],[1.5825,42.4492],[1.58093,42.45018],[1.5776,42.45004],[1.5735,42.45278],[1.56888,42.45792],[1.56698,42.45899],[1.56267,42.45802],[1.56107,42.45865],[1.55623,42.45413],[1.55886,42.45147],[1.56023,42.44899],[1.55876,42.44774],[1.55543,42.44658],[1.55294,42.44338],[1.55428,42.44006],[1.55304,42.43557],[1.55321,42.43388],[1.55242,42.43278],[1.55074,42.43238],[1.54834,42.43304],[1.5425,42.43237],[1.53899,42.43307],[1.52698,42.4318],[1.52415,42.43042],[1.52001,42.43013],[1.51639,42.42885],[1.51156,42.42921],[1.51106,42.42984],[1.5082,42.43],[1.49881,42.43312],[1.48471,42.43276],[1.47521,42.43532],[1.46145,42.43639],[1.45518,42.43605],[1.45004,42.43799],[1.44439,42.44142],[1.44258,42.44471],[1.4468,42.44377],[1.44532,42.44662],[1.44615,42.4481],[1.44191,42.45163],[1.44212,42.45398],[1.44117,42.45545],[1.44555,42.45808],[1.44753,42.46007],[1.44384,42.46257],[1.44059,42.46362],[1.43994,42.47132],[1.44103,42.47548],[1.43335,42.48187],[1.43089,42.48243],[1.41897,42.4828],[1.41919,42.4842],[1.42556,42.49315],[1.44334,42.49522],[1.45207,42.49988],[1.45667,42.50378],[1.46059,42.50513],[1.46837,42.51002],[1.46613,42.51296],[1.46367,42.51833],[1.46097,42.52084],[1.45966,42.52356],[1.4579,42.52538],[1.45553,42.52648],[1.45469,42.53018],[1.45231,42.53268],[1.45284,42.53466],[1.4525,42.53863],[1.45055,42.53989]]]]}},{"type":"Feature","properties":{"comarca":"05","nom_comar":"Alta Ribagorça"},"geometry":{"type":"MultiPolygon","coordinates":[[[[0.88075,42.63108],[0.87828,42.63192],[0.87627,42.631],[0.87657,42.62771],[0.87565,42.6264],[0.87127,42.62519],[0.8691,42.6235],[0.86624,42.6224],[0.86106,42.6213],[0.85764,42.62128],[0.85638,42.62074],[0.85587,42.61955],[0.84691,42.61558],[0.84645,42.61356],[0.84405,42.61279],[0.84385,42.61093],[0.84187,42.60993],[0.84132,42.60883],[0.8394,42.60802],[0.83608,42.60858],[0.83162,42.60643],[0.82631,42.60528],[0.82495,42.60607],[0.8218,42.60999],[0.822,42.61161],[0.81625,42.61443],[0.8129,42.61429],[0.81367,42.61765],[0.8127,42.61934],[0.8093,42.61873],[0.80529,42.61913],[0.79721,42.61722],[0.7939,42.61508],[0.78806,42.61571],[0.77838,42.61315],[0.76757,42.61159],[0.7678,42.60924],[0.76631,42.60437],[0.76446,42.60208],[0.76348,42.59762],[0.76086,42.59251],[0.7612,42.58874],[0.7596,42.5866],[0.76076,42.58533],[0.75972,42.58343],[0.76066,42.5815],[0.75779,42.57717],[0.75895,42.57321],[0.75771,42.56935],[0.75544,42.5671],[0.75463,42.56428],[0.75001,42.56054],[0.74857,42.55822],[0.74826,42.55666],[0.7494,42.55327],[0.74718,42.55007],[0.74485,42.54951],[0.7443,42.54827],[0.74252,42.54809],[0.74204,42.54669],[0.74278,42.54597],[0.74258,42.5451],[0.7413,42.54408],[0.74174,42.54204],[0.74537,42.53995],[0.74588,42.53783],[0.7476,42.5359],[0.75305,42.53382],[0.74376,42.53549],[0.73771,42.53807],[0.73635,42.53923],[0.73621,42.54102],[0.7354,42.54088],[0.72908,42.53621],[0.72594,42.53158],[0.72586,42.52915],[0.72351,42.5281],[0.72113,42.5244],[0.7238,42.52057],[0.72329,42.51784],[0.72021,42.51526],[0.71993,42.51287],[0.7289,42.51257],[0.73379,42.50905],[0.73693,42.50825],[0.73813,42.50673],[0.74065,42.50588],[0.74107,42.50493],[0.73808,42.50344],[0.73406,42.5042],[0.73043,42.49728],[0.72785,42.49795],[0.7134,42.48723],[0.70924,42.48919],[0.70829,42.49142],[0.70473,42.49376],[0.70071,42.49544],[0.69913,42.4949],[0.70068,42.49021],[0.69769,42.48553],[0.69013,42.48651],[0.69058,42.48356],[0.6945,42.47623],[0.70472,42.46403],[0.70643,42.46369],[0.70903,42.45887],[0.70681,42.45591],[0.70792,42.45199],[0.7065,42.44971],[0.70846,42.44768],[0.70796,42.44572],[0.70977,42.44427],[0.70981,42.44168],[0.71168,42.43944],[0.71062,42.43573],[0.71798,42.43128],[0.72132,42.42836],[0.72679,42.42674],[0.72901,42.42234],[0.73461,42.41495],[0.73541,42.41229],[0.73473,42.40787],[0.73329,42.40719],[0.7311,42.40796],[0.72797,42.40784],[0.72646,42.4048],[0.73633,42.39893],[0.73792,42.39918],[0.73749,42.39761],[0.73899,42.39588],[0.7397,42.39162],[0.74141,42.3918],[0.74257,42.38782],[0.74566,42.38448],[0.74408,42.38341],[0.74251,42.37887],[0.73727,42.37654],[0.73482,42.3762],[0.73535,42.37396],[0.73402,42.3716],[0.72509,42.37015],[0.72235,42.36867],[0.72188,42.36722],[0.723,42.36544],[0.72513,42.36521],[0.72744,42.36327],[0.73017,42.36244],[0.7375,42.36137],[0.74012,42.35898],[0.74529,42.35681],[0.74808,42.35628],[0.74929,42.35731],[0.75047,42.35655],[0.75382,42.35613],[0.76024,42.35696],[0.76012,42.35869],[0.76262,42.36046],[0.76176,42.36641],[0.76646,42.36929],[0.77037,42.37473],[0.77947,42.3755],[0.78158,42.37449],[0.78254,42.37289],[0.78409,42.37266],[0.78469,42.37146],[0.78903,42.37184],[0.78986,42.3739],[0.79612,42.36732],[0.79552,42.36618],[0.79628,42.3652],[0.79954,42.36255],[0.80498,42.36013],[0.80883,42.35735],[0.80442,42.35378],[0.7983,42.35245],[0.7953,42.34734],[0.78563,42.34776],[0.78064,42.34704],[0.77805,42.34594],[0.77395,42.34593],[0.7721,42.34609],[0.76661,42.34861],[0.76357,42.34701],[0.76636,42.34535],[0.76773,42.34365],[0.77154,42.34284],[0.77585,42.3409],[0.77109,42.33307],[0.79153,42.32746],[0.79985,42.32039],[0.8147,42.31492],[0.81876,42.31442],[0.82003,42.31536],[0.82359,42.31537],[0.82938,42.31522],[0.83396,42.31427],[0.84709,42.3143],[0.85146,42.31269],[0.85277,42.31085],[0.85624,42.30992],[0.85735,42.30873],[0.85713,42.30671],[0.86352,42.30534],[0.86537,42.30263],[0.87034,42.30161],[0.87387,42.29875],[0.87978,42.30056],[0.88274,42.30427],[0.88656,42.30509],[0.88716,42.30772],[0.88656,42.31327],[0.88766,42.31639],[0.88674,42.31995],[0.88837,42.32205],[0.88862,42.32702],[0.89191,42.33098],[0.89169,42.33503],[0.88595,42.33688],[0.87814,42.34147],[0.87485,42.34205],[0.87282,42.3414],[0.87282,42.34608],[0.87002,42.34772],[0.87082,42.34909],[0.87063,42.35117],[0.86777,42.35617],[0.86598,42.35677],[0.8656,42.35843],[0.86807,42.36084],[0.86209,42.36705],[0.85528,42.36856],[0.85072,42.36803],[0.84721,42.3684],[0.84236,42.37349],[0.83861,42.37359],[0.83653,42.37539],[0.83638,42.38132],[0.83309,42.37981],[0.83056,42.38339],[0.82548,42.38824],[0.82366,42.3915],[0.82241,42.3915],[0.83431,42.40354],[0.8223,42.41553],[0.82465,42.41802],[0.82781,42.41824],[0.82782,42.42004],[0.82991,42.4232],[0.82907,42.42471],[0.85364,42.42504],[0.8558,42.42554],[0.86259,42.4301],[0.86998,42.43904],[0.87161,42.44379],[0.87114,42.44601],[0.85594,42.45468],[0.86241,42.45585],[0.86485,42.45786],[0.86675,42.46119],[0.87355,42.46132],[0.87687,42.45977],[0.8799,42.4592],[0.88266,42.46482],[0.8859,42.46703],[0.88862,42.47526],[0.88959,42.47657],[0.89442,42.47979],[0.89656,42.48052],[0.90101,42.48057],[0.91028,42.48367],[0.91251,42.48338],[0.92155,42.48509],[0.92293,42.48841],[0.92291,42.49053],[0.92464,42.49258],[0.92093,42.49501],[0.91984,42.49643],[0.9197,42.49781],[0.92096,42.50034],[0.91859,42.50307],[0.92207,42.50512],[0.92257,42.5083],[0.9242,42.50931],[0.92425,42.51038],[0.92792,42.5113],[0.92895,42.51282],[0.92927,42.5149],[0.93162,42.51633],[0.93734,42.51794],[0.94411,42.51832],[0.94336,42.51911],[0.94258,42.52309],[0.94423,42.52408],[0.94656,42.52378],[0.95116,42.52519],[0.95317,42.52669],[0.95289,42.52861],[0.95615,42.52921],[0.9575,42.53014],[0.95814,42.53218],[0.95617,42.5338],[0.95371,42.53855],[0.95708,42.53944],[0.96006,42.54106],[0.96105,42.54454],[0.96205,42.54566],[0.96436,42.54626],[0.9661,42.54953],[0.9684,42.55083],[0.97273,42.55175],[0.96927,42.5741],[0.95855,42.57958],[0.9464,42.57984],[0.94284,42.581],[0.93711,42.58766],[0.93781,42.58939],[0.93559,42.59081],[0.92837,42.59072],[0.92514,42.59177],[0.92302,42.59141],[0.91868,42.59278],[0.91723,42.59554],[0.91508,42.59761],[0.91531,42.59966],[0.91455,42.60069],[0.91393,42.60392],[0.91202,42.60679],[0.90455,42.60779],[0.90131,42.6101],[0.89814,42.60979],[0.89536,42.61224],[0.89434,42.61603],[0.8967,42.61779],[0.89538,42.61888],[0.89498,42.62055],[0.89632,42.62309],[0.89553,42.6259],[0.89233,42.62602],[0.88934,42.62738],[0.88494,42.62712],[0.88335,42.6286],[0.88232,42.63078],[0.88075,42.63108]]]]}},{"type":"Feature","properties":{"comarca":"06","nom_comar":"Anoia"},"geometry":{"type":"MultiPolygon","coordinates":[[[[1.43708,41.8012],[1.43409,41.8018],[1.42647,41.80185],[1.41658,41.79495],[1.41829,41.79251],[1.41958,41.79232],[1.42058,41.79358],[1.42136,41.79361],[1.42026,41.78997],[1.41849,41.78747],[1.41805,41.78359],[1.41661,41.78103],[1.4152,41.77606],[1.41393,41.77652],[1.41061,41.77504],[1.40989,41.76786],[1.41107,41.76665],[1.40893,41.75827],[1.40705,41.75317],[1.40372,41.74899],[1.40288,41.74556],[1.40525,41.74548],[1.40494,41.74508],[1.41067,41.74113],[1.4112,41.74171],[1.41379,41.74047],[1.41442,41.74101],[1.41575,41.74065],[1.41507,41.74037],[1.4206,41.73782],[1.42005,41.73639],[1.42175,41.736],[1.42147,41.73538],[1.42472,41.73472],[1.42447,41.73267],[1.4192,41.73262],[1.41601,41.72777],[1.4116,41.72669],[1.40765,41.72256],[1.40354,41.72029],[1.40061,41.71711],[1.39541,41.71591],[1.38556,41.70801],[1.38191,41.70685],[1.38304,41.70649],[1.38352,41.70543],[1.38886,41.70488],[1.39738,41.70557],[1.40021,41.70432],[1.39774,41.70072],[1.39581,41.69565],[1.40393,41.69448],[1.40422,41.68616],[1.41339,41.68478],[1.41877,41.68528],[1.42329,41.68405],[1.41926,41.6764],[1.4155,41.6747],[1.42412,41.66938],[1.42584,41.66177],[1.42885,41.65665],[1.43091,41.65529],[1.433,41.65153],[1.43864,41.64897],[1.44009,41.64764],[1.44489,41.64597],[1.45072,41.64635],[1.4508,41.63988],[1.44891,41.63667],[1.44367,41.63483],[1.44015,41.63582],[1.43115,41.63409],[1.43057,41.62982],[1.42418,41.6314],[1.42053,41.63445],[1.41943,41.63374],[1.41832,41.63446],[1.41321,41.63534],[1.40001,41.63464],[1.39591,41.63504],[1.3915,41.63433],[1.38743,41.63136],[1.38632,41.62612],[1.37903,41.62497],[1.36988,41.62139],[1.36959,41.61733],[1.3605,41.6136],[1.36115,41.61232],[1.36415,41.6111],[1.36875,41.61045],[1.3697,41.61291],[1.37488,41.61181],[1.37497,41.60753],[1.39356,41.59971],[1.40733,41.60034],[1.40758,41.59725],[1.40669,41.59334],[1.40777,41.59074],[1.40588,41.58848],[1.40289,41.58637],[1.39569,41.58507],[1.39227,41.5788],[1.39253,41.5752],[1.39513,41.57741],[1.41021,41.57552],[1.41178,41.58028],[1.4152,41.58258],[1.41937,41.58286],[1.4263,41.58023],[1.43358,41.57868],[1.43519,41.57657],[1.44118,41.57539],[1.44512,41.57386],[1.4474,41.57385],[1.45397,41.56925],[1.45042,41.56721],[1.44001,41.56305],[1.43109,41.55557],[1.43236,41.55276],[1.43224,41.55166],[1.43485,41.55016],[1.43815,41.5503],[1.44672,41.55247],[1.44923,41.54548],[1.44835,41.53711],[1.43629,41.53935],[1.42569,41.5321],[1.40845,41.53518],[1.40777,41.5341],[1.40616,41.53426],[1.40431,41.53213],[1.40482,41.53067],[1.40175,41.53086],[1.40177,41.52989],[1.39959,41.52808],[1.4003,41.52565],[1.3992,41.5236],[1.40046,41.52107],[1.39846,41.52026],[1.3975,41.51878],[1.39836,41.51417],[1.39574,41.51289],[1.40151,41.51243],[1.40354,41.50708],[1.4047,41.5062],[1.40618,41.50621],[1.40817,41.5046],[1.41502,41.50541],[1.41863,41.50203],[1.42144,41.50325],[1.42239,41.4997],[1.43737,41.4985],[1.44624,41.49511],[1.45027,41.49212],[1.45256,41.48679],[1.45421,41.48759],[1.45813,41.48808],[1.4634,41.48765],[1.46478,41.48545],[1.4646,41.48412],[1.47336,41.48605],[1.47561,41.48199],[1.47459,41.4783],[1.48297,41.47469],[1.48456,41.4721],[1.48579,41.4719],[1.48714,41.46841],[1.48636,41.46525],[1.48699,41.46452],[1.48035,41.45392],[1.46869,41.4442],[1.47118,41.44079],[1.47457,41.43806],[1.47609,41.4355],[1.49595,41.43572],[1.50262,41.42846],[1.51055,41.43491],[1.52215,41.43834],[1.53547,41.43996],[1.53316,41.44186],[1.53411,41.44335],[1.53647,41.44502],[1.54175,41.44177],[1.5425,41.44201],[1.54331,41.44534],[1.54741,41.44689],[1.55136,41.44649],[1.55379,41.45104],[1.56436,41.45064],[1.56708,41.44815],[1.57123,41.44616],[1.57216,41.44319],[1.58801,41.44823],[1.59435,41.4513],[1.59142,41.4613],[1.58429,41.46128],[1.58325,41.4618],[1.57061,41.4723],[1.57038,41.48035],[1.57595,41.48423],[1.57955,41.48562],[1.58143,41.48843],[1.58433,41.49089],[1.59295,41.49348],[1.59998,41.49399],[1.60216,41.49499],[1.60006,41.49698],[1.60088,41.49946],[1.59941,41.49999],[1.60122,41.50418],[1.6105,41.50521],[1.61006,41.50944],[1.60764,41.51269],[1.60588,41.51303],[1.61519,41.51328],[1.61802,41.51241],[1.6192,41.51128],[1.62804,41.50841],[1.63259,41.50788],[1.63329,41.50721],[1.63692,41.50806],[1.64111,41.50667],[1.66534,41.50672],[1.66815,41.50883],[1.68,41.50713],[1.69042,41.4881],[1.6953,41.48393],[1.69936,41.47635],[1.70267,41.4737],[1.70732,41.47268],[1.70974,41.4704],[1.71061,41.46837],[1.71611,41.46601],[1.71964,41.46608],[1.72449,41.46407],[1.72992,41.464],[1.738,41.46056],[1.74226,41.46109],[1.745,41.45938],[1.75145,41.45762],[1.74888,41.45336],[1.75208,41.45133],[1.76908,41.44559],[1.77637,41.45077],[1.77497,41.4541],[1.77514,41.45598],[1.77445,41.45744],[1.77496,41.45921],[1.77408,41.46256],[1.77471,41.46341],[1.77749,41.46482],[1.77904,41.46318],[1.78015,41.46347],[1.78296,41.46555],[1.78574,41.46532],[1.78644,41.46652],[1.78766,41.46703],[1.79175,41.46715],[1.79224,41.46558],[1.79367,41.46551],[1.79405,41.46727],[1.79525,41.46754],[1.79791,41.46661],[1.79827,41.46822],[1.79751,41.46936],[1.79251,41.47341],[1.79346,41.47573],[1.79297,41.47633],[1.797,41.47587],[1.80288,41.47309],[1.80601,41.47332],[1.80795,41.47558],[1.80726,41.47654],[1.80961,41.48069],[1.8155,41.48084],[1.82019,41.48242],[1.82137,41.48235],[1.82192,41.48123],[1.8239,41.48149],[1.82499,41.48532],[1.82591,41.48582],[1.82865,41.49132],[1.83132,41.49424],[1.83181,41.49572],[1.8402,41.49434],[1.84303,41.49316],[1.84226,41.49623],[1.83888,41.49895],[1.83853,41.49993],[1.84037,41.50183],[1.84123,41.50363],[1.84103,41.50468],[1.84264,41.50641],[1.84747,41.50709],[1.85157,41.50647],[1.85372,41.5069],[1.85434,41.5077],[1.85575,41.51121],[1.85537,41.5126],[1.85375,41.51382],[1.85427,41.51562],[1.85517,41.51588],[1.85522,41.51748],[1.85352,41.51994],[1.8528,41.52077],[1.84738,41.52186],[1.84591,41.52309],[1.84198,41.5236],[1.83866,41.52668],[1.83763,41.52891],[1.8345,41.53009],[1.83063,41.53286],[1.8289,41.53481],[1.82668,41.53905],[1.82371,41.54077],[1.82563,41.54273],[1.82351,41.54296],[1.82013,41.54589],[1.8173,41.5508],[1.8179,41.552],[1.81738,41.55437],[1.81492,41.55573],[1.81131,41.55577],[1.80777,41.55694],[1.80546,41.55661],[1.80269,41.55823],[1.79843,41.55826],[1.79658,41.56017],[1.79663,41.56079],[1.79434,41.56165],[1.79703,41.56302],[1.79775,41.56478],[1.80313,41.56831],[1.80602,41.57173],[1.80683,41.57379],[1.80622,41.57478],[1.80708,41.57461],[1.80875,41.57947],[1.80901,41.5835],[1.81284,41.6035],[1.8115,41.60537],[1.80903,41.60468],[1.80669,41.60496],[1.80594,41.60439],[1.8052,41.60481],[1.80461,41.6066],[1.8017,41.60679],[1.79804,41.60917],[1.79537,41.60911],[1.792,41.61095],[1.78921,41.61033],[1.78731,41.61099],[1.78535,41.61439],[1.78521,41.6172],[1.78651,41.62087],[1.78696,41.62631],[1.78897,41.62966],[1.78846,41.63423],[1.78894,41.63636],[1.79029,41.6382],[1.79033,41.63974],[1.78932,41.64044],[1.78485,41.64029],[1.78144,41.64323],[1.77864,41.64471],[1.77743,41.64772],[1.77979,41.65349],[1.77445,41.65463],[1.77363,41.65302],[1.76964,41.65247],[1.76693,41.65052],[1.76538,41.6459],[1.76128,41.64582],[1.75702,41.64412],[1.75212,41.64478],[1.74923,41.64588],[1.74424,41.64519],[1.7348,41.6464],[1.72838,41.64597],[1.72908,41.64522],[1.72883,41.64436],[1.72579,41.64164],[1.72497,41.63864],[1.71897,41.6377],[1.7158,41.63419],[1.71547,41.63283],[1.71251,41.63164],[1.70954,41.62909],[1.7111,41.62808],[1.70223,41.62057],[1.70161,41.61866],[1.69686,41.62121],[1.69648,41.62209],[1.69297,41.62154],[1.69131,41.6223],[1.69039,41.62216],[1.68905,41.62024],[1.68325,41.62036],[1.68106,41.61947],[1.66626,41.63643],[1.66501,41.63916],[1.66366,41.64432],[1.66862,41.64884],[1.66827,41.64985],[1.66468,41.65058],[1.66725,41.653],[1.65841,41.65289],[1.65952,41.65352],[1.66042,41.65634],[1.65707,41.65637],[1.65654,41.6572],[1.65501,41.65623],[1.65313,41.658],[1.65039,41.65415],[1.64968,41.65525],[1.64646,41.65373],[1.64388,41.6551],[1.64213,41.6549],[1.64331,41.65073],[1.64149,41.65014],[1.64106,41.64884],[1.64102,41.64629],[1.64223,41.64422],[1.64158,41.64388],[1.63773,41.64571],[1.63812,41.64714],[1.6362,41.64881],[1.63644,41.64944],[1.63424,41.65001],[1.63045,41.65446],[1.62836,41.65846],[1.62751,41.66232],[1.63392,41.66422],[1.63455,41.6664],[1.6342,41.66797],[1.63013,41.66863],[1.62345,41.67406],[1.6271,41.67901],[1.62067,41.68056],[1.61845,41.68225],[1.62006,41.68485],[1.61832,41.68648],[1.61849,41.68735],[1.62002,41.68981],[1.62379,41.69105],[1.62324,41.69153],[1.61888,41.69361],[1.61576,41.69595],[1.60997,41.69483],[1.60573,41.69281],[1.60283,41.69225],[1.60241,41.6957],[1.60095,41.6981],[1.59612,41.70085],[1.59347,41.70068],[1.59002,41.69877],[1.58303,41.69792],[1.57114,41.70174],[1.57033,41.70494],[1.56732,41.70581],[1.56363,41.70827],[1.56101,41.70715],[1.55873,41.70815],[1.55222,41.70849],[1.551,41.70941],[1.55151,41.71132],[1.55411,41.71237],[1.5602,41.71335],[1.56037,41.71486],[1.56133,41.71468],[1.56119,41.71635],[1.56394,41.71722],[1.56763,41.72049],[1.5776,41.72235],[1.58039,41.72342],[1.58973,41.72343],[1.5908,41.72196],[1.59318,41.72152],[1.5955,41.71931],[1.59946,41.71716],[1.60739,41.71663],[1.60863,41.71924],[1.60327,41.7233],[1.6011,41.72702],[1.60101,41.72847],[1.60246,41.73008],[1.60233,41.73095],[1.59587,41.7318],[1.5922,41.73106],[1.58982,41.73197],[1.58738,41.73157],[1.58536,41.73344],[1.58393,41.73392],[1.58467,41.73606],[1.58689,41.7376],[1.58754,41.73882],[1.58565,41.73888],[1.58556,41.73985],[1.58825,41.7415],[1.58718,41.74221],[1.58655,41.74666],[1.58779,41.74794],[1.5895,41.7484],[1.58986,41.75072],[1.59245,41.75126],[1.59467,41.75578],[1.59583,41.75654],[1.5958,41.75905],[1.59419,41.76444],[1.59496,41.76456],[1.59293,41.76928],[1.58834,41.76974],[1.58384,41.77136],[1.58379,41.77326],[1.58242,41.77352],[1.5822,41.77483],[1.58119,41.77553],[1.5801,41.77775],[1.57464,41.782],[1.57258,41.78215],[1.57177,41.77976],[1.56869,41.77735],[1.5644,41.77709],[1.56272,41.77783],[1.56139,41.77723],[1.56119,41.77529],[1.56266,41.77383],[1.56143,41.77184],[1.56173,41.76997],[1.54832,41.77045],[1.54761,41.7673],[1.54602,41.76429],[1.54661,41.76188],[1.54522,41.76146],[1.54475,41.75739],[1.53404,41.75715],[1.53619,41.75455],[1.5353,41.75295],[1.53072,41.75259],[1.52839,41.75974],[1.53267,41.76376],[1.52779,41.76408],[1.52703,41.76495],[1.52236,41.76615],[1.52035,41.77029],[1.5195,41.77082],[1.51618,41.77017],[1.51087,41.7708],[1.51022,41.77156],[1.5121,41.7718],[1.51258,41.77264],[1.50821,41.77373],[1.50861,41.77565],[1.50731,41.77659],[1.50476,41.78821],[1.50058,41.78964],[1.49608,41.79022],[1.49364,41.79004],[1.49203,41.78882],[1.48817,41.78926],[1.4828,41.79107],[1.48278,41.79026],[1.48588,41.78852],[1.48495,41.78592],[1.48706,41.78498],[1.48633,41.78311],[1.48748,41.78267],[1.48808,41.77875],[1.48739,41.77736],[1.48523,41.77714],[1.48209,41.7756],[1.48184,41.77418],[1.48431,41.77255],[1.48417,41.77179],[1.48196,41.77129],[1.47965,41.77177],[1.47827,41.77336],[1.47539,41.7722],[1.47359,41.77255],[1.47253,41.77153],[1.47032,41.77211],[1.47015,41.77136],[1.46809,41.77095],[1.46687,41.77307],[1.46707,41.77538],[1.46504,41.77506],[1.46384,41.77594],[1.46087,41.77649],[1.46916,41.77848],[1.46929,41.78179],[1.47265,41.78254],[1.47295,41.7831],[1.47219,41.7849],[1.46919,41.78829],[1.47192,41.79114],[1.47155,41.79634],[1.47249,41.79936],[1.47207,41.80002],[1.471,41.80057],[1.46698,41.79867],[1.46008,41.79764],[1.45401,41.79911],[1.4509,41.79788],[1.44275,41.80094],[1.43708,41.8012]]]]}},{"type":"Feature","properties":{"comarca":"07","nom_comar":"Bages"},"geometry":{"type":"MultiPolygon","coordinates":[[[[2.00146,41.96643],[1.99822,41.9704],[1.98559,41.96965],[1.99139,41.96669],[1.99632,41.96108],[1.98794,41.95776],[1.98447,41.9571],[1.97857,41.95379],[1.97691,41.95498],[1.97709,41.95143],[1.97502,41.94108],[1.97585,41.94002],[1.97438,41.93804],[1.97068,41.93691],[1.97213,41.93335],[1.9753,41.92957],[1.98535,41.92419],[1.98331,41.922],[1.98369,41.91886],[1.97029,41.9199],[1.95487,41.96624],[1.95135,41.96721],[1.94906,41.96524],[1.93692,41.96546],[1.92701,41.95991],[1.9223,41.95442],[1.91721,41.95203],[1.90898,41.94937],[1.90422,41.94536],[1.90153,41.94442],[1.90001,41.94283],[1.89927,41.94461],[1.89858,41.94487],[1.89753,41.94342],[1.89582,41.94311],[1.89403,41.94139],[1.8979,41.94036],[1.89841,41.93955],[1.89752,41.93846],[1.89013,41.93732],[1.88532,41.93753],[1.88541,41.93236],[1.88214,41.92667],[1.88331,41.92544],[1.88257,41.92358],[1.88618,41.92069],[1.88569,41.91951],[1.88592,41.91648],[1.88285,41.91179],[1.88303,41.91112],[1.88586,41.90963],[1.88665,41.9079],[1.8861,41.90619],[1.88403,41.90575],[1.88187,41.9066],[1.88001,41.90642],[1.87772,41.90857],[1.87352,41.91022],[1.87106,41.91047],[1.86776,41.91244],[1.86387,41.91654],[1.84827,41.91623],[1.8485,41.91163],[1.84598,41.90879],[1.84577,41.90755],[1.84773,41.90617],[1.84676,41.90254],[1.84882,41.90237],[1.85045,41.90105],[1.84764,41.9008],[1.84764,41.89846],[1.84531,41.89721],[1.8449,41.89779],[1.8457,41.89894],[1.84376,41.89978],[1.84115,41.89965],[1.84081,41.9015],[1.8397,41.90252],[1.84327,41.90484],[1.84238,41.90803],[1.83951,41.90974],[1.83813,41.90937],[1.83706,41.91007],[1.83293,41.9104],[1.83208,41.9138],[1.82668,41.91623],[1.82474,41.91982],[1.81911,41.92284],[1.80973,41.92582],[1.80504,41.92346],[1.80031,41.91929],[1.79564,41.92015],[1.78758,41.9195],[1.77446,41.91339],[1.76681,41.91146],[1.76486,41.91413],[1.76523,41.9169],[1.76262,41.91757],[1.76011,41.91562],[1.75494,41.92212],[1.75452,41.92069],[1.75122,41.91686],[1.7416,41.91631],[1.73447,41.91672],[1.73046,41.9184],[1.73336,41.92492],[1.72934,41.92694],[1.72684,41.92745],[1.72397,41.92943],[1.72206,41.92943],[1.72162,41.93071],[1.71953,41.93148],[1.71952,41.93735],[1.71646,41.94153],[1.71616,41.94322],[1.70251,41.93931],[1.68813,41.93894],[1.68682,41.93731],[1.6857,41.93738],[1.68305,41.93967],[1.67785,41.94272],[1.67881,41.94384],[1.67804,41.94735],[1.67401,41.94786],[1.67418,41.95071],[1.67105,41.95261],[1.66986,41.95444],[1.67056,41.95738],[1.66628,41.95942],[1.66353,41.96218],[1.66127,41.96223],[1.65781,41.96087],[1.65416,41.95798],[1.65075,41.95751],[1.6489,41.9565],[1.64783,41.95577],[1.64693,41.95257],[1.64822,41.95169],[1.64878,41.94831],[1.65006,41.94668],[1.65009,41.9449],[1.64457,41.94385],[1.64241,41.94053],[1.64917,41.93377],[1.65269,41.92867],[1.65103,41.92648],[1.64254,41.92891],[1.64146,41.92881],[1.64226,41.92771],[1.64167,41.92712],[1.63924,41.92738],[1.63768,41.92684],[1.63661,41.92539],[1.63454,41.92431],[1.63243,41.92053],[1.62827,41.91844],[1.62627,41.9181],[1.62523,41.91647],[1.62214,41.9152],[1.62198,41.91362],[1.62265,41.91353],[1.61838,41.91174],[1.61683,41.90965],[1.61716,41.90851],[1.61526,41.90665],[1.61553,41.90587],[1.6047,41.90137],[1.60213,41.90224],[1.59988,41.90426],[1.59951,41.90239],[1.59633,41.89896],[1.59498,41.89656],[1.58595,41.88828],[1.58304,41.8882],[1.58412,41.89026],[1.58264,41.8928],[1.57603,41.89102],[1.57285,41.88519],[1.56854,41.8798],[1.5811,41.87519],[1.58314,41.87347],[1.586,41.87493],[1.58904,41.87748],[1.59005,41.87758],[1.59158,41.87933],[1.59662,41.88203],[1.599,41.88265],[1.60133,41.88429],[1.60275,41.88276],[1.60591,41.88402],[1.60737,41.88249],[1.60956,41.88193],[1.61082,41.88049],[1.61395,41.88012],[1.61905,41.88157],[1.61823,41.87908],[1.61844,41.87747],[1.62119,41.87448],[1.62098,41.87266],[1.62194,41.87147],[1.62563,41.86898],[1.62796,41.86035],[1.63048,41.85839],[1.6265,41.84817],[1.63142,41.84468],[1.63189,41.84356],[1.63052,41.84377],[1.62278,41.84048],[1.6194,41.84138],[1.61524,41.84009],[1.6097,41.83598],[1.61515,41.83021],[1.61172,41.81796],[1.60544,41.81481],[1.59294,41.8119],[1.58822,41.80453],[1.59228,41.80187],[1.59373,41.80159],[1.59284,41.80049],[1.59407,41.79964],[1.59387,41.798],[1.59453,41.79656],[1.59724,41.79633],[1.59773,41.79413],[1.59575,41.79406],[1.59592,41.79316],[1.59688,41.79139],[1.59982,41.7888],[1.5933,41.78119],[1.59222,41.78064],[1.59335,41.77784],[1.58129,41.77542],[1.5822,41.77483],[1.58242,41.77352],[1.58379,41.77326],[1.58384,41.77136],[1.58834,41.76974],[1.59293,41.76928],[1.59471,41.76546],[1.59496,41.76456],[1.59419,41.76444],[1.5958,41.75905],[1.59583,41.75654],[1.59467,41.75578],[1.59245,41.75126],[1.58986,41.75072],[1.5895,41.7484],[1.58779,41.74794],[1.58655,41.74666],[1.58718,41.74221],[1.58825,41.7415],[1.58556,41.73985],[1.58565,41.73888],[1.58754,41.73882],[1.58689,41.7376],[1.58467,41.73606],[1.58393,41.73392],[1.58536,41.73344],[1.58738,41.73157],[1.58982,41.73197],[1.5922,41.73106],[1.59587,41.7318],[1.60233,41.73095],[1.60246,41.73008],[1.60101,41.72847],[1.6011,41.72702],[1.60327,41.7233],[1.60863,41.71924],[1.60715,41.71653],[1.59946,41.71716],[1.5955,41.71931],[1.59318,41.72152],[1.5908,41.72196],[1.58973,41.72343],[1.58039,41.72342],[1.5776,41.72235],[1.56763,41.72049],[1.56394,41.71722],[1.56119,41.71635],[1.56133,41.71468],[1.56037,41.71486],[1.5602,41.71335],[1.55411,41.71237],[1.55151,41.71132],[1.551,41.70941],[1.55222,41.70849],[1.55873,41.70815],[1.56101,41.70715],[1.56363,41.70827],[1.56732,41.70581],[1.57033,41.70494],[1.57114,41.70174],[1.58303,41.69792],[1.59002,41.69877],[1.59347,41.70068],[1.59612,41.70085],[1.60095,41.6981],[1.60241,41.6957],[1.60283,41.69225],[1.60573,41.69281],[1.60997,41.69483],[1.61576,41.69595],[1.61888,41.69361],[1.62324,41.69153],[1.62379,41.69105],[1.62002,41.68981],[1.61849,41.68735],[1.61832,41.68648],[1.62006,41.68485],[1.61845,41.68225],[1.62067,41.68056],[1.6271,41.67901],[1.62345,41.67406],[1.63013,41.66863],[1.6342,41.66797],[1.63455,41.6664],[1.63392,41.66422],[1.62751,41.66232],[1.62836,41.65846],[1.63045,41.65446],[1.63424,41.65001],[1.63644,41.64944],[1.6362,41.64881],[1.63812,41.64714],[1.63773,41.64571],[1.64158,41.64388],[1.64223,41.64422],[1.64102,41.64629],[1.64106,41.64884],[1.64149,41.65014],[1.64331,41.65073],[1.64213,41.6549],[1.64388,41.6551],[1.64646,41.65373],[1.64968,41.65525],[1.65039,41.65415],[1.65313,41.658],[1.65501,41.65623],[1.65654,41.6572],[1.65707,41.65637],[1.66042,41.65634],[1.65952,41.65352],[1.65841,41.65289],[1.66725,41.653],[1.66468,41.65058],[1.66827,41.64985],[1.66862,41.64884],[1.66366,41.64432],[1.66501,41.63916],[1.66626,41.63643],[1.68106,41.61947],[1.68325,41.62036],[1.68905,41.62024],[1.69039,41.62216],[1.69131,41.6223],[1.69297,41.62154],[1.69648,41.62209],[1.69686,41.62121],[1.70161,41.61866],[1.70223,41.62057],[1.7111,41.62808],[1.70954,41.62909],[1.71251,41.63164],[1.71547,41.63283],[1.7158,41.63419],[1.71897,41.6377],[1.72497,41.63864],[1.72579,41.64164],[1.72883,41.64436],[1.72908,41.64522],[1.72838,41.64597],[1.7348,41.6464],[1.74424,41.64519],[1.74923,41.64588],[1.75212,41.64478],[1.75702,41.64412],[1.76128,41.64582],[1.76538,41.6459],[1.76693,41.65052],[1.76964,41.65247],[1.77363,41.65302],[1.77445,41.65463],[1.77979,41.65349],[1.77743,41.64772],[1.77864,41.64471],[1.78144,41.64323],[1.78485,41.64029],[1.78932,41.64044],[1.79033,41.63974],[1.79029,41.6382],[1.78894,41.63636],[1.78846,41.63423],[1.78897,41.62966],[1.78696,41.62631],[1.78651,41.62087],[1.78521,41.6172],[1.78535,41.61439],[1.78731,41.61099],[1.78921,41.61033],[1.792,41.61095],[1.79537,41.60911],[1.79804,41.60917],[1.8017,41.60679],[1.80461,41.6066],[1.8052,41.60481],[1.80594,41.60439],[1.80669,41.60496],[1.80903,41.60468],[1.8115,41.60537],[1.81284,41.6035],[1.81281,41.60207],[1.81588,41.60205],[1.81776,41.60032],[1.82088,41.59906],[1.82238,41.59779],[1.82278,41.59627],[1.8241,41.59569],[1.82554,41.59293],[1.83169,41.5909],[1.83268,41.59183],[1.83818,41.59259],[1.85071,41.59066],[1.86331,41.59228],[1.86396,41.59877],[1.86158,41.60346],[1.86079,41.60963],[1.86183,41.61241],[1.86315,41.61356],[1.86248,41.6154],[1.86281,41.61665],[1.86526,41.61873],[1.87298,41.61273],[1.87588,41.61289],[1.87754,41.61411],[1.88127,41.6141],[1.88314,41.61507],[1.88693,41.61436],[1.88922,41.6149],[1.89276,41.61694],[1.8939,41.61965],[1.89324,41.62367],[1.89097,41.62951],[1.89142,41.63348],[1.89251,41.63508],[1.89168,41.63616],[1.89136,41.63883],[1.88996,41.64062],[1.8893,41.64063],[1.89053,41.64382],[1.89013,41.64622],[1.88911,41.64833],[1.8865,41.64946],[1.88732,41.64991],[1.88917,41.65318],[1.89143,41.65319],[1.8938,41.65596],[1.89474,41.65566],[1.89707,41.65731],[1.90118,41.65719],[1.90212,41.6593],[1.90361,41.6601],[1.90477,41.66251],[1.90659,41.66424],[1.91994,41.66579],[1.92169,41.66451],[1.92352,41.66175],[1.9252,41.66118],[1.92755,41.65855],[1.9303,41.658],[1.93284,41.66324],[1.93389,41.66322],[1.93688,41.66119],[1.93697,41.65865],[1.94028,41.65791],[1.94204,41.65632],[1.94015,41.6518],[1.94213,41.64887],[1.94824,41.64907],[1.9487,41.64877],[1.94854,41.64684],[1.94944,41.64636],[1.95103,41.64609],[1.95259,41.6467],[1.95479,41.64568],[1.95709,41.64652],[1.96112,41.64419],[1.97145,41.64883],[1.98293,41.64817],[1.99017,41.65442],[1.99443,41.65475],[1.99555,41.65542],[2.00284,41.65431],[2.00884,41.65618],[2.01077,41.65876],[2.01073,41.66457],[2.01178,41.66584],[2.00936,41.66825],[2.00876,41.67047],[2.00699,41.67104],[2.00472,41.67463],[2.00468,41.67597],[2.006,41.67752],[2.01074,41.67848],[2.01281,41.6807],[2.00958,41.68669],[2.00913,41.69127],[2.0096,41.69216],[2.01299,41.69215],[2.01569,41.69422],[2.0179,41.6945],[2.02218,41.69864],[2.02057,41.70546],[2.02241,41.70807],[2.01956,41.71161],[2.01955,41.71319],[2.01636,41.71642],[2.01681,41.71952],[2.0151,41.72185],[2.01572,41.72359],[2.01467,41.7246],[2.01451,41.72745],[2.01337,41.72779],[2.01096,41.73029],[2.00389,41.72891],[2.00437,41.73271],[2.00397,41.73435],[2.00208,41.73637],[2.0014,41.73971],[2.00208,41.74143],[2.00203,41.74368],[1.99685,41.74425],[1.98924,41.74989],[1.9792,41.75323],[1.97597,41.75248],[1.97196,41.75295],[1.96655,41.75181],[1.96159,41.74936],[1.95952,41.74943],[1.95599,41.74742],[1.95246,41.74677],[1.93876,41.74551],[1.93323,41.74398],[1.92821,41.74509],[1.9256,41.74699],[1.92331,41.74987],[1.9241,41.75281],[1.92132,41.75311],[1.91938,41.75894],[1.91828,41.75878],[1.91715,41.75662],[1.91627,41.75693],[1.91613,41.75964],[1.91511,41.76024],[1.91808,41.76144],[1.91753,41.76553],[1.91631,41.76811],[1.9179,41.76934],[1.91753,41.77],[1.91322,41.77012],[1.91285,41.77047],[1.91394,41.77288],[1.91121,41.77463],[1.90386,41.77418],[1.92058,41.77737],[1.92565,41.7778],[1.93445,41.78066],[1.95424,41.78198],[1.95593,41.78353],[1.95781,41.78384],[1.96453,41.78749],[1.96912,41.78763],[1.9712,41.78929],[1.97742,41.79225],[1.9874,41.79474],[1.9948,41.79547],[2.02016,41.80216],[2.02369,41.80257],[2.02747,41.80174],[2.03806,41.80588],[2.03405,41.81044],[2.03325,41.81331],[2.02998,41.81467],[2.02612,41.8186],[2.02658,41.82085],[2.02237,41.82071],[2.02048,41.82336],[2.01588,41.82417],[2.01174,41.8224],[2.00388,41.83025],[2.00441,41.83192],[2.00333,41.83283],[1.99646,41.83511],[1.97715,41.83714],[1.97787,41.83955],[1.97508,41.8407],[1.97582,41.84719],[1.9839,41.85499],[1.98743,41.85448],[1.98888,41.85669],[1.99296,41.85752],[1.99576,41.85937],[2.00074,41.86462],[2.00344,41.86551],[2.00412,41.8672],[2.00614,41.86908],[2.00871,41.86977],[2.01377,41.87309],[2.01586,41.87333],[2.01446,41.87532],[2.01346,41.87559],[2.01132,41.8789],[2.00144,41.88285],[2.00537,41.88495],[2.00705,41.88295],[2.01092,41.88446],[2.01414,41.88412],[2.01278,41.88835],[2.01448,41.89547],[2.01459,41.90012],[2.01185,41.90279],[2.0103,41.90646],[2.01254,41.91208],[2.02212,41.91101],[2.02678,41.90859],[2.02846,41.90534],[2.03359,41.90206],[2.04048,41.90272],[2.04493,41.89951],[2.04402,41.9031],[2.04674,41.90542],[2.04796,41.90745],[2.04766,41.90866],[2.04695,41.90896],[2.04573,41.90866],[2.04485,41.90697],[2.04269,41.907],[2.04249,41.90799],[2.04088,41.90934],[2.03572,41.91132],[2.03408,41.9164],[2.03408,41.91945],[2.03299,41.92216],[2.03071,41.92441],[2.03048,41.9275],[2.02924,41.93057],[2.03001,41.93198],[2.02977,41.93273],[2.02739,41.93623],[2.02453,41.93845],[2.02418,41.94038],[2.02315,41.94162],[2.02565,41.94106],[2.02806,41.94273],[2.0289,41.94882],[2.02712,41.95036],[2.0312,41.95689],[2.03074,41.95748],[2.03223,41.9586],[2.03133,41.9592],[2.03153,41.9599],[2.03312,41.96108],[2.01809,41.96615],[2.0145,41.96627],[2.00455,41.96508],[2.00146,41.96643]],[[2.0135,41.93648],[2.01097,41.93873],[2.0151,41.94281],[2.01667,41.94307],[2.0187,41.94452],[2.01959,41.94294],[2.01887,41.93975],[2.02232,41.93795],[2.01911,41.93784],[2.01787,41.93627],[2.01458,41.93566],[2.0135,41.93648]],[[1.71029,41.89729],[1.71285,41.89536],[1.71424,41.89199],[1.71657,41.89208],[1.7192,41.89331],[1.71973,41.89529],[1.72497,41.89279],[1.71917,41.88266],[1.7184,41.88244],[1.71673,41.88507],[1.71122,41.88746],[1.70646,41.88846],[1.70625,41.88941],[1.7068,41.8898],[1.7098,41.88881],[1.71159,41.88954],[1.71125,41.89192],[1.70791,41.89499],[1.70823,41.89681],[1.71029,41.89729]]]]}},{"type":"Feature","properties":{"comarca":"08","nom_comar":"Baix Camp"},"geometry":{"type":"MultiPolygon","coordinates":[[[[1.0019,41.32974],[1.00168,41.33039],[1.00349,41.3332],[1.00417,41.33565],[1.00345,41.33867],[1.00443,41.34143],[1.00488,41.34605],[1.00052,41.34843],[0.99883,41.3523],[0.99426,41.35261],[0.99012,41.34768],[0.98612,41.34633],[0.9853,41.34544],[0.98218,41.34079],[0.98308,41.33945],[0.98247,41.33799],[0.97651,41.32901],[0.96883,41.32823],[0.96715,41.32701],[0.96383,41.32619],[0.96078,41.32315],[0.95901,41.32222],[0.9576,41.31915],[0.95334,41.31802],[0.95261,41.31686],[0.94947,41.31686],[0.94425,41.31897],[0.93845,41.31938],[0.93547,41.32045],[0.94375,41.30477],[0.93948,41.29658],[0.94491,41.28975],[0.96028,41.29947],[0.9731,41.29454],[0.97374,41.29261],[0.97145,41.29042],[0.97156,41.28484],[0.97002,41.28099],[0.96916,41.27551],[0.97136,41.27142],[0.97137,41.26827],[0.97609,41.26441],[0.97512,41.25981],[0.97328,41.26038],[0.97205,41.26269],[0.97096,41.26284],[0.96773,41.25935],[0.96257,41.25674],[0.96,41.25664],[0.95823,41.25464],[0.95682,41.25454],[0.95258,41.25091],[0.94942,41.25031],[0.94822,41.24814],[0.94279,41.24472],[0.94044,41.2451],[0.93487,41.24239],[0.93232,41.24291],[0.92981,41.24228],[0.92586,41.24281],[0.92243,41.24181],[0.92077,41.24206],[0.91589,41.23956],[0.91292,41.23946],[0.91088,41.23866],[0.90971,41.23779],[0.91059,41.23272],[0.91251,41.23028],[0.91341,41.22542],[0.91717,41.22071],[0.91769,41.2189],[0.91953,41.21713],[0.92107,41.2133],[0.92176,41.20681],[0.92104,41.20524],[0.92259,41.20291],[0.92033,41.2009],[0.91826,41.20053],[0.91579,41.19717],[0.9116,41.19645],[0.9075,41.19453],[0.90377,41.19411],[0.88031,41.19445],[0.87961,41.19353],[0.87839,41.19137],[0.87884,41.1897],[0.87697,41.18748],[0.8794,41.18288],[0.88282,41.18218],[0.88533,41.18249],[0.89062,41.18036],[0.8957,41.18054],[0.89962,41.17957],[0.90381,41.18049],[0.90615,41.17987],[0.90678,41.17899],[0.90301,41.17627],[0.90311,41.17497],[0.90165,41.17455],[0.90188,41.17037],[0.90363,41.16825],[0.9057,41.16701],[0.90597,41.16484],[0.90392,41.16239],[0.90106,41.15672],[0.9011,41.15579],[0.89843,41.1527],[0.89537,41.14701],[0.89565,41.14615],[0.89358,41.14333],[0.89096,41.14139],[0.89083,41.13879],[0.88869,41.1358],[0.88985,41.13253],[0.88497,41.11747],[0.8814,41.11449],[0.8814,41.11381],[0.87771,41.1107],[0.87516,41.1119],[0.8718,41.11228],[0.86969,41.11151],[0.86579,41.11237],[0.86409,41.11077],[0.85778,41.11126],[0.85342,41.10997],[0.85174,41.11262],[0.84922,41.11321],[0.84479,41.11586],[0.84149,41.11618],[0.83481,41.11966],[0.83234,41.12227],[0.8266,41.11972],[0.8299,41.11696],[0.83053,41.11435],[0.83386,41.11547],[0.83655,41.11383],[0.83879,41.10595],[0.8429,41.09982],[0.84661,41.09655],[0.85033,41.09437],[0.8614,41.09343],[0.86321,41.09224],[0.86433,41.08993],[0.86785,41.08846],[0.87016,41.08536],[0.87318,41.08383],[0.8734,41.08263],[0.87196,41.08212],[0.87161,41.08138],[0.8721,41.08022],[0.87062,41.07869],[0.87245,41.07627],[0.87128,41.07413],[0.86768,41.07311],[0.86725,41.07409],[0.8679,41.07606],[0.8669,41.07764],[0.86557,41.07822],[0.86896,41.08172],[0.8693,41.0847],[0.86739,41.08519],[0.86394,41.084],[0.8636,41.08663],[0.85968,41.08504],[0.85847,41.08424],[0.85718,41.08025],[0.85357,41.07886],[0.85198,41.07727],[0.85645,41.07384],[0.85449,41.07268],[0.85415,41.07134],[0.85604,41.07066],[0.85524,41.06911],[0.8573,41.0668],[0.85748,41.06164],[0.85551,41.06058],[0.85432,41.05911],[0.85322,41.05891],[0.85248,41.05795],[0.8525,41.05644],[0.84689,41.05539],[0.84444,41.05564],[0.8442,41.05348],[0.83744,41.0539],[0.83546,41.05263],[0.83063,41.05536],[0.82509,41.05708],[0.8242,41.05913],[0.81984,41.06057],[0.81823,41.06207],[0.81511,41.0621],[0.8148,41.05989],[0.81264,41.05991],[0.81077,41.05701],[0.80596,41.05472],[0.80248,41.04804],[0.80068,41.04831],[0.80018,41.04753],[0.80116,41.04634],[0.801,41.0454],[0.7988,41.04437],[0.79852,41.04198],[0.79679,41.04102],[0.79594,41.03912],[0.791,41.03753],[0.79026,41.0355],[0.78658,41.03443],[0.78502,41.03165],[0.7829,41.03099],[0.78053,41.02915],[0.7812,41.02821],[0.78478,41.02687],[0.7859,41.02526],[0.78226,41.02237],[0.78352,41.01874],[0.78333,41.01758],[0.7853,41.01621],[0.78197,41.0138],[0.78379,41.01233],[0.78082,41.01012],[0.78031,41.0077],[0.77819,41.00663],[0.77921,41.00418],[0.77801,41.00102],[0.77864,41.00005],[0.77779,40.99889],[0.7758,40.99832],[0.77467,40.99715],[0.77689,40.99434],[0.77591,40.99067],[0.77626,40.99027],[0.77986,40.99228],[0.78175,40.99157],[0.78211,40.9893],[0.78622,40.98191],[0.79266,40.97262],[0.79868,40.96859],[0.79808,40.96643],[0.80343,40.95298],[0.81015,40.94747],[0.81932,40.94294],[0.82187,40.94299],[0.81882,40.94073],[0.82556,40.94127],[0.82734,40.94035],[0.82852,40.94049],[0.82968,40.93927],[0.83283,40.93885],[0.83566,40.93746],[0.84163,40.9388],[0.84604,40.93677],[0.84787,40.93738],[0.85402,40.93555],[0.85731,40.93532],[0.85721,40.93738],[0.85882,40.94193],[0.86216,40.94706],[0.86906,40.94968],[0.87037,40.94944],[0.8717,40.95099],[0.87244,40.95123],[0.87322,40.95058],[0.87531,40.95196],[0.8798,40.95625],[0.87973,40.95824],[0.88071,40.95982],[0.88425,40.96129],[0.88466,40.96197],[0.88579,40.96189],[0.88608,40.96324],[0.88719,40.96363],[0.88862,40.96549],[0.89029,40.96648],[0.89126,40.96629],[0.89098,40.96686],[0.8928,40.96928],[0.89824,40.97526],[0.90421,40.97738],[0.90994,40.9835],[0.91541,40.9875],[0.91876,40.98891],[0.92143,40.98893],[0.92378,40.98747],[0.92236,40.98636],[0.92439,40.98717],[0.92386,40.98804],[0.9249,40.98869],[0.92648,40.98892],[0.9272,40.98785],[0.92794,40.98806],[0.92727,40.98927],[0.92933,40.99008],[0.93041,40.9885],[0.92695,40.98694],[0.93088,40.98836],[0.93017,40.98988],[0.93273,40.99205],[0.93558,40.99865],[0.94074,41.00641],[0.94967,41.0135],[0.95259,41.01717],[0.96123,41.02449],[0.96688,41.02849],[0.97085,41.02984],[0.97956,41.03666],[0.98605,41.0406],[0.99194,41.04282],[1.00482,41.0433],[1.00446,41.04377],[1.00586,41.04514],[1.01549,41.05096],[1.01864,41.05191],[1.01984,41.05149],[1.0253,41.05232],[1.02439,41.05275],[1.02538,41.05388],[1.02715,41.0545],[1.02795,41.05418],[1.02755,41.05385],[1.02992,41.05479],[1.02813,41.05422],[1.02908,41.05473],[1.02969,41.05629],[1.03213,41.05702],[1.03335,41.05657],[1.03301,41.05607],[1.03496,41.05693],[1.0343,41.05726],[1.03498,41.05808],[1.0375,41.0589],[1.03902,41.05853],[1.03902,41.05789],[1.04083,41.05876],[1.03971,41.05872],[1.04,41.0601],[1.0422,41.06122],[1.04354,41.0609],[1.0431,41.06023],[1.04473,41.06079],[1.04392,41.06071],[1.04365,41.06147],[1.04497,41.06246],[1.04547,41.06178],[1.04626,41.06306],[1.04763,41.06293],[1.04749,41.06239],[1.04872,41.06287],[1.04908,41.06371],[1.05131,41.06342],[1.05095,41.06398],[1.05203,41.06432],[1.05249,41.06344],[1.05769,41.06389],[1.05937,41.06283],[1.06207,41.06254],[1.05979,41.06306],[1.0589,41.06373],[1.05994,41.06387],[1.05885,41.06377],[1.05882,41.06448],[1.06469,41.06532],[1.06509,41.06381],[1.06385,41.06303],[1.06346,41.06388],[1.06381,41.06248],[1.06135,41.06127],[1.06165,41.06092],[1.06058,41.05999],[1.06358,41.06183],[1.0653,41.06364],[1.06522,41.06476],[1.07163,41.06613],[1.07463,41.06563],[1.07539,41.06459],[1.07823,41.06422],[1.07837,41.06372],[1.07959,41.06431],[1.08324,41.06375],[1.08361,41.06187],[1.08339,41.06363],[1.10417,41.07048],[1.11284,41.07194],[1.11781,41.07365],[1.11655,41.0751],[1.10286,41.08367],[1.09819,41.0893],[1.09409,41.09221],[1.09497,41.09665],[1.09387,41.0987],[1.09474,41.10119],[1.09388,41.10855],[1.09673,41.10996],[1.10128,41.11369],[1.10345,41.11376],[1.11288,41.10697],[1.11103,41.10621],[1.11209,41.10531],[1.12407,41.10218],[1.12672,41.103],[1.12664,41.10616],[1.12796,41.10782],[1.12662,41.10956],[1.12567,41.11366],[1.12676,41.11374],[1.12612,41.11759],[1.12365,41.12183],[1.12082,41.12278],[1.1193,41.12184],[1.11909,41.12344],[1.12129,41.12804],[1.12012,41.13034],[1.13129,41.13077],[1.13584,41.1277],[1.14486,41.12421],[1.14819,41.12229],[1.15231,41.12263],[1.16031,41.11271],[1.1649,41.10871],[1.17662,41.10844],[1.17642,41.11051],[1.1678,41.11685],[1.17427,41.11967],[1.17347,41.12475],[1.17156,41.12938],[1.16889,41.1313],[1.16698,41.12905],[1.16221,41.13308],[1.16506,41.13838],[1.17842,41.1381],[1.1765,41.13716],[1.17791,41.136],[1.17157,41.13387],[1.17677,41.13032],[1.18463,41.12856],[1.18903,41.12825],[1.19115,41.13138],[1.18474,41.13545],[1.1812,41.13658],[1.17722,41.1441],[1.17131,41.1472],[1.16929,41.14912],[1.16073,41.15008],[1.14379,41.17047],[1.14956,41.17234],[1.15231,41.17503],[1.15427,41.17903],[1.16216,41.18228],[1.16909,41.18864],[1.17005,41.19114],[1.17159,41.19247],[1.17308,41.19556],[1.17485,41.19698],[1.17663,41.20153],[1.17823,41.20332],[1.17983,41.20921],[1.18355,41.21385],[1.17743,41.21422],[1.17944,41.22157],[1.17327,41.22404],[1.17283,41.2233],[1.15974,41.2285],[1.15345,41.23208],[1.15665,41.23609],[1.16063,41.23807],[1.16048,41.23848],[1.1569,41.23957],[1.14931,41.24489],[1.14355,41.24722],[1.14343,41.24796],[1.14422,41.24841],[1.14241,41.25124],[1.13987,41.25235],[1.14208,41.25342],[1.14141,41.25386],[1.14186,41.25673],[1.14068,41.25834],[1.13484,41.25814],[1.13343,41.25827],[1.13248,41.25938],[1.12687,41.25934],[1.12483,41.25829],[1.12417,41.25711],[1.12106,41.26016],[1.11935,41.26097],[1.11628,41.2593],[1.10616,41.25692],[1.10384,41.25702],[1.10268,41.25737],[1.09989,41.26604],[1.09349,41.26592],[1.08878,41.26374],[1.0531,41.26808],[1.05814,41.27335],[1.05741,41.29412],[1.06622,41.30474],[1.05386,41.3063],[1.04287,41.31832],[1.06411,41.32629],[1.0604,41.32524],[1.0555,41.3264],[1.04938,41.32609],[1.04722,41.32497],[1.04443,41.32562],[1.04125,41.32543],[1.03704,41.32653],[1.03449,41.32964],[1.03146,41.32746],[1.02728,41.32606],[1.02454,41.32867],[1.02161,41.32863],[1.0189,41.33074],[1.02051,41.33191],[1.01957,41.33298],[1.01667,41.33133],[1.01359,41.32813],[1.0099,41.32796],[1.00567,41.32563],[1.0029,41.32662],[1.0019,41.32974]]]]}},{"type":"Feature","properties":{"comarca":"09","nom_comar":"Baix Ebre"},"geometry":{"type":"MultiPolygon","coordinates":[[[[0.75105,40.76389],[0.75044,40.76419],[0.75035,40.76372],[0.75236,40.76342],[0.75105,40.76389]],[[0.7327,40.78835],[0.73151,40.78923],[0.73087,40.78889],[0.73171,40.78793],[0.73032,40.78877],[0.72895,40.78782],[0.73083,40.78657],[0.73209,40.78701],[0.73108,40.78765],[0.7333,40.78722],[0.7327,40.78835]],[[0.55913,41.01486],[0.55295,41.00964],[0.54795,41.00999],[0.54243,41.00744],[0.53538,41.00111],[0.53085,41.00108],[0.52254,40.99691],[0.5145,40.99755],[0.51008,40.99496],[0.50652,40.99495],[0.50463,40.99294],[0.50541,40.99088],[0.50505,40.99041],[0.50271,40.98869],[0.49788,40.98761],[0.49766,40.98561],[0.49626,40.98401],[0.49192,40.9826],[0.49179,40.98103],[0.48747,40.97878],[0.48588,40.97657],[0.48439,40.9769],[0.48188,40.97633],[0.47644,40.97738],[0.47193,40.97856],[0.46883,40.98013],[0.46713,40.97801],[0.45906,40.97718],[0.45455,40.97833],[0.45356,40.97559],[0.44997,40.97169],[0.44966,40.96845],[0.44708,40.96728],[0.44489,40.96406],[0.43331,40.96104],[0.42228,40.96054],[0.42188,40.95935],[0.41659,40.95767],[0.41425,40.95756],[0.41232,40.95835],[0.40666,40.95763],[0.40198,40.95597],[0.40117,40.95455],[0.39963,40.95387],[0.39495,40.95429],[0.39343,40.95518],[0.39045,40.95161],[0.39175,40.95018],[0.39215,40.94841],[0.38743,40.94491],[0.38241,40.94338],[0.38217,40.94438],[0.3799,40.94506],[0.37261,40.94203],[0.37068,40.94268],[0.36949,40.93839],[0.37171,40.93687],[0.37064,40.93548],[0.36673,40.93324],[0.36626,40.93132],[0.36698,40.92891],[0.36847,40.92786],[0.36936,40.92534],[0.36848,40.92431],[0.36855,40.91985],[0.36752,40.91812],[0.36456,40.91649],[0.36576,40.91425],[0.36576,40.91211],[0.36483,40.91032],[0.36281,40.90903],[0.36458,40.90649],[0.36447,40.90548],[0.36674,40.90456],[0.36801,40.90265],[0.36694,40.90109],[0.36478,40.9],[0.36404,40.89852],[0.36528,40.89712],[0.36715,40.89253],[0.36979,40.89057],[0.36697,40.88788],[0.36618,40.8856],[0.36395,40.88419],[0.36036,40.8831],[0.36033,40.88212],[0.36206,40.88034],[0.35914,40.87795],[0.35669,40.87728],[0.35239,40.871],[0.34214,40.86048],[0.33986,40.85981],[0.3383,40.85698],[0.33398,40.85288],[0.33306,40.85142],[0.33349,40.84977],[0.3312,40.84808],[0.3311,40.84722],[0.32501,40.84385],[0.32137,40.84406],[0.31476,40.84204],[0.31405,40.84108],[0.31092,40.83981],[0.30552,40.83532],[0.29681,40.82115],[0.29223,40.81588],[0.29046,40.81589],[0.28706,40.81816],[0.28436,40.81894],[0.28066,40.81914],[0.2787,40.81792],[0.27293,40.81872],[0.2729,40.81729],[0.27094,40.8158],[0.26579,40.81339],[0.25965,40.80434],[0.25876,40.80019],[0.25059,40.79852],[0.24499,40.79198],[0.23413,40.78696],[0.23312,40.77938],[0.23424,40.78024],[0.23692,40.77995],[0.24997,40.78257],[0.25274,40.78128],[0.2641,40.78196],[0.2668,40.7801],[0.26976,40.78087],[0.27168,40.7803],[0.27338,40.7774],[0.2762,40.77513],[0.27743,40.77308],[0.27023,40.76927],[0.27067,40.76763],[0.27338,40.76744],[0.27575,40.76639],[0.27664,40.76288],[0.27813,40.76392],[0.27825,40.76545],[0.27929,40.76658],[0.28318,40.76815],[0.28655,40.76873],[0.28815,40.76647],[0.28684,40.76495],[0.28799,40.76346],[0.28841,40.76062],[0.28948,40.75967],[0.28939,40.75886],[0.29019,40.75857],[0.28867,40.75616],[0.29069,40.75593],[0.29023,40.75167],[0.29937,40.75035],[0.31171,40.74555],[0.32251,40.75174],[0.3264,40.75175],[0.33056,40.76052],[0.34311,40.7577],[0.3843,40.76282],[0.38329,40.75796],[0.39391,40.75361],[0.39899,40.7482],[0.40757,40.744],[0.41246,40.74049],[0.41654,40.74002],[0.42114,40.73856],[0.43207,40.73832],[0.44004,40.73611],[0.44396,40.73738],[0.45593,40.73841],[0.46281,40.73772],[0.47164,40.73786],[0.47454,40.73686],[0.48352,40.73883],[0.4928,40.73949],[0.49842,40.73838],[0.50215,40.73973],[0.50604,40.73829],[0.51497,40.74169],[0.51579,40.7437],[0.51708,40.74473],[0.51846,40.74442],[0.5181,40.74308],[0.51988,40.74299],[0.5218,40.74362],[0.52383,40.74611],[0.53077,40.74539],[0.53258,40.74567],[0.53359,40.74762],[0.53695,40.74813],[0.54065,40.74738],[0.54179,40.74604],[0.54361,40.74574],[0.54548,40.74426],[0.55156,40.74414],[0.55138,40.74605],[0.56069,40.75064],[0.56139,40.75177],[0.56541,40.75012],[0.56839,40.74679],[0.5707,40.74069],[0.57491,40.72529],[0.57993,40.71574],[0.59374,40.7088],[0.60067,40.707],[0.61178,40.70579],[0.6181,40.70604],[0.63183,40.71055],[0.6391,40.71366],[0.65386,40.71708],[0.66177,40.71963],[0.67421,40.72112],[0.67844,40.71883],[0.68283,40.71505],[0.68769,40.71336],[0.69049,40.71354],[0.69312,40.71472],[0.70577,40.71461],[0.73736,40.7098],[0.75279,40.70991],[0.75531,40.70892],[0.76265,40.70303],[0.77848,40.69631],[0.78373,40.69494],[0.79339,40.69429],[0.80262,40.69694],[0.80902,40.7004],[0.81497,40.70553],[0.81835,40.70711],[0.82966,40.7101],[0.84196,40.71538],[0.85628,40.71865],[0.87416,40.71938],[0.8745,40.72053],[0.87175,40.73056],[0.87154,40.72943],[0.86632,40.73026],[0.86448,40.73268],[0.86299,40.73622],[0.86151,40.73725],[0.85929,40.73765],[0.85838,40.73714],[0.86152,40.73677],[0.86024,40.73578],[0.85108,40.73478],[0.84527,40.73121],[0.84774,40.73154],[0.84932,40.73304],[0.85145,40.73387],[0.85357,40.73376],[0.85484,40.73467],[0.85842,40.73502],[0.85966,40.73399],[0.85432,40.73367],[0.85073,40.73187],[0.84509,40.73074],[0.83551,40.73123],[0.82678,40.7349],[0.8203,40.74015],[0.80674,40.75425],[0.8055,40.75368],[0.80639,40.75439],[0.80602,40.7549],[0.79841,40.76141],[0.7982,40.76249],[0.79617,40.76336],[0.77845,40.78432],[0.77274,40.78892],[0.76827,40.79143],[0.75744,40.79395],[0.74597,40.7938],[0.7298,40.79114],[0.72572,40.78925],[0.72525,40.78807],[0.72594,40.78759],[0.72561,40.78813],[0.72613,40.78884],[0.72907,40.79027],[0.73575,40.79125],[0.73256,40.78949],[0.73257,40.78895],[0.73429,40.78789],[0.7348,40.78802],[0.73416,40.78881],[0.73523,40.78893],[0.73528,40.78805],[0.73617,40.78753],[0.74133,40.78744],[0.74215,40.78639],[0.75081,40.78463],[0.75235,40.78318],[0.76789,40.77868],[0.78291,40.773],[0.7846,40.77027],[0.78359,40.77064],[0.78453,40.7694],[0.78284,40.77129],[0.78385,40.7696],[0.7827,40.76968],[0.783,40.76923],[0.78245,40.76874],[0.78441,40.76941],[0.78276,40.76878],[0.78257,40.76763],[0.78265,40.76926],[0.78236,40.76961],[0.78237,40.76769],[0.78101,40.77009],[0.78101,40.76943],[0.78013,40.76953],[0.78126,40.76822],[0.77814,40.7673],[0.77752,40.76811],[0.77806,40.76853],[0.77711,40.76876],[0.77819,40.7665],[0.77725,40.7675],[0.77787,40.76642],[0.7772,40.76611],[0.77717,40.76721],[0.77706,40.76615],[0.77629,40.76648],[0.77689,40.76668],[0.77604,40.76758],[0.77526,40.76586],[0.77393,40.76666],[0.7748,40.76544],[0.77366,40.7655],[0.77292,40.76466],[0.77209,40.76498],[0.77252,40.76415],[0.7712,40.76347],[0.77256,40.7639],[0.76942,40.76245],[0.76833,40.76356],[0.76938,40.76249],[0.77041,40.76299],[0.76818,40.76389],[0.76655,40.76318],[0.76582,40.76366],[0.76474,40.76257],[0.76363,40.76346],[0.76434,40.76238],[0.76375,40.76289],[0.76393,40.76238],[0.76223,40.76186],[0.76146,40.76261],[0.76167,40.76335],[0.76086,40.76232],[0.75475,40.76297],[0.75464,40.76447],[0.75448,40.76307],[0.75439,40.76402],[0.75236,40.76368],[0.75388,40.76312],[0.75329,40.76347],[0.75422,40.76362],[0.75417,40.76304],[0.7503,40.76362],[0.75032,40.76438],[0.75011,40.76368],[0.75021,40.76447],[0.74017,40.76622],[0.74,40.76747],[0.73909,40.76839],[0.73836,40.7674],[0.73972,40.7673],[0.73962,40.76653],[0.73913,40.76702],[0.73845,40.76669],[0.73846,40.76715],[0.73782,40.76658],[0.73859,40.76841],[0.73764,40.76735],[0.7366,40.7674],[0.73763,40.76724],[0.73757,40.76659],[0.73572,40.76759],[0.73727,40.76767],[0.73551,40.76775],[0.73696,40.76663],[0.72898,40.77018],[0.72641,40.77373],[0.72266,40.77714],[0.722,40.77861],[0.72072,40.77853],[0.71771,40.77985],[0.71158,40.78475],[0.70893,40.78602],[0.7096,40.78613],[0.7043,40.79213],[0.69956,40.80067],[0.70037,40.80409],[0.70279,40.80581],[0.70285,40.80645],[0.70508,40.80749],[0.70669,40.80998],[0.70959,40.80933],[0.70801,40.81004],[0.70964,40.80976],[0.70851,40.81016],[0.70995,40.81007],[0.70882,40.81047],[0.71025,40.81028],[0.70917,40.81066],[0.7105,40.81049],[0.70979,40.81127],[0.71033,40.81093],[0.71039,40.81156],[0.71085,40.81078],[0.71042,40.81157],[0.71128,40.81109],[0.71097,40.8119],[0.71151,40.81214],[0.71239,40.81152],[0.71095,40.81023],[0.71034,40.80817],[0.70972,40.80816],[0.71066,40.80746],[0.71097,40.80924],[0.71309,40.81188],[0.71431,40.81169],[0.71532,40.81291],[0.71643,40.81263],[0.71787,40.81362],[0.71931,40.8136],[0.72237,40.81628],[0.72489,40.8173],[0.7264,40.81684],[0.73213,40.81855],[0.73225,40.82109],[0.73501,40.82383],[0.73648,40.82414],[0.74134,40.82336],[0.74119,40.82501],[0.7433,40.82562],[0.742,40.82577],[0.74239,40.82702],[0.74167,40.82772],[0.74143,40.82955],[0.74383,40.83603],[0.74498,40.83738],[0.74483,40.83833],[0.74525,40.83898],[0.74781,40.83949],[0.74927,40.84091],[0.74957,40.84207],[0.74867,40.84304],[0.75089,40.84444],[0.75207,40.8463],[0.75575,40.84709],[0.75648,40.84653],[0.75623,40.84741],[0.75872,40.84768],[0.76259,40.84648],[0.7626,40.84744],[0.76362,40.84742],[0.76426,40.84897],[0.76356,40.84972],[0.76375,40.85074],[0.76479,40.85142],[0.7668,40.85505],[0.768,40.85526],[0.76986,40.85783],[0.77279,40.85887],[0.77489,40.85857],[0.77889,40.85936],[0.77933,40.86037],[0.78099,40.86082],[0.78179,40.86042],[0.78151,40.86124],[0.78218,40.86201],[0.78699,40.86367],[0.78677,40.86416],[0.78832,40.86571],[0.79084,40.86583],[0.7921,40.86654],[0.79294,40.86884],[0.79413,40.86878],[0.79536,40.86978],[0.79506,40.87035],[0.79592,40.87219],[0.79497,40.87422],[0.79709,40.87442],[0.79598,40.87616],[0.79871,40.87654],[0.79807,40.87741],[0.79965,40.87775],[0.7998,40.87888],[0.80068,40.87849],[0.80219,40.87927],[0.80075,40.87868],[0.80191,40.87958],[0.80035,40.87911],[0.80141,40.88033],[0.80225,40.87984],[0.80146,40.88045],[0.8017,40.88102],[0.80314,40.88154],[0.80136,40.88129],[0.80223,40.88193],[0.80185,40.88281],[0.80376,40.88216],[0.80423,40.88315],[0.80498,40.88303],[0.80339,40.8809],[0.80261,40.87855],[0.80285,40.8774],[0.80544,40.88366],[0.80594,40.88376],[0.80545,40.88441],[0.8065,40.88434],[0.80813,40.88609],[0.80698,40.88695],[0.8096,40.88781],[0.81053,40.88873],[0.81027,40.88933],[0.81249,40.89002],[0.81249,40.89084],[0.81436,40.89199],[0.81688,40.89196],[0.817,40.8927],[0.81602,40.89342],[0.81786,40.8933],[0.81815,40.89508],[0.81952,40.89612],[0.82006,40.89752],[0.82189,40.89838],[0.82252,40.89973],[0.82366,40.90001],[0.82505,40.90143],[0.82506,40.90211],[0.82417,40.90261],[0.82685,40.90338],[0.82629,40.90449],[0.82749,40.90562],[0.82635,40.90655],[0.82747,40.90743],[0.82656,40.90781],[0.82669,40.90827],[0.83,40.90931],[0.82961,40.91067],[0.83008,40.91092],[0.83156,40.91038],[0.83384,40.91173],[0.83272,40.91172],[0.83225,40.91299],[0.83401,40.91339],[0.83572,40.9149],[0.83421,40.91517],[0.83361,40.916],[0.83455,40.91522],[0.83633,40.91506],[0.8354,40.91386],[0.8358,40.91355],[0.83694,40.91495],[0.8365,40.91727],[0.8375,40.91815],[0.83653,40.91825],[0.8369,40.9189],[0.83826,40.9187],[0.8381,40.91981],[0.84137,40.92077],[0.84143,40.92213],[0.84232,40.92126],[0.8432,40.92139],[0.8433,40.92264],[0.84467,40.92297],[0.84828,40.92579],[0.84764,40.92672],[0.85014,40.927],[0.84955,40.92787],[0.8515,40.92963],[0.85217,40.92906],[0.85078,40.92622],[0.85261,40.92906],[0.85281,40.9303],[0.85232,40.92982],[0.8516,40.93029],[0.85246,40.93064],[0.85199,40.93137],[0.85371,40.93321],[0.85483,40.93334],[0.85731,40.93532],[0.85402,40.93555],[0.84787,40.93738],[0.84604,40.93677],[0.84163,40.9388],[0.83566,40.93746],[0.83283,40.93885],[0.82968,40.93927],[0.82852,40.94049],[0.82734,40.94035],[0.82556,40.94127],[0.80266,40.93867],[0.78947,40.93875],[0.78835,40.93775],[0.78524,40.93784],[0.76123,40.93321],[0.75022,40.93239],[0.73951,40.939],[0.71477,40.94135],[0.69863,40.94417],[0.69319,40.94264],[0.69011,40.94374],[0.6889,40.94342],[0.68877,40.9422],[0.68678,40.94126],[0.68229,40.94045],[0.67925,40.94485],[0.67787,40.94545],[0.67641,40.9449],[0.67223,40.94606],[0.67094,40.94506],[0.66663,40.94365],[0.66286,40.94488],[0.65505,40.94356],[0.64897,40.93997],[0.61581,40.93236],[0.61337,40.93073],[0.61143,40.93029],[0.60805,40.93152],[0.60491,40.93374],[0.60453,40.93476],[0.60182,40.93467],[0.60095,40.9353],[0.59954,40.94037],[0.59689,40.94101],[0.59502,40.94029],[0.58719,40.94076],[0.58722,40.94311],[0.58899,40.94696],[0.59215,40.94877],[0.59295,40.95056],[0.59126,40.95372],[0.58834,40.95638],[0.58307,40.95794],[0.58281,40.96186],[0.58431,40.96317],[0.58427,40.96384],[0.57828,40.9678],[0.57819,40.96881],[0.58172,40.97054],[0.5822,40.97362],[0.58366,40.97549],[0.57485,40.97688],[0.57345,40.98014],[0.56506,40.98472],[0.56615,40.98551],[0.56625,40.98743],[0.56546,40.98932],[0.57279,40.99169],[0.57628,40.99567],[0.56895,40.99853],[0.57346,41.00036],[0.56867,41.00342],[0.56611,41.00655],[0.56315,41.00705],[0.55913,41.01486]]]]}},{"type":"Feature","properties":{"comarca":"10","nom_comar":"Baix Empordà"},"geometry":{"type":"MultiPolygon","coordinates":[[[[3.08112,41.82377],[3.08147,41.824],[3.08089,41.8242],[3.08112,41.82377]],[[3.17881,41.86704],[3.1794,41.86731],[3.17885,41.86754],[3.17881,41.86704]],[[3.22015,41.92224],[3.21786,41.92211],[3.21883,41.92129],[3.22015,41.92224]],[[3.21838,41.93775],[3.21814,41.9382],[3.21766,41.93785],[3.21838,41.93775]],[[3.22837,42.04142],[3.22877,42.04183],[3.22799,42.04194],[3.22837,42.04142]],[[3.22725,42.04414],[3.22709,42.04481],[3.22557,42.04407],[3.22424,42.0444],[3.22386,42.0436],[3.22524,42.04259],[3.22536,42.04334],[3.22725,42.04414]],[[3.22515,42.04918],[3.22448,42.05009],[3.22329,42.04876],[3.21997,42.0492],[3.219,42.04807],[3.22116,42.0456],[3.22301,42.04479],[3.22311,42.04557],[3.22431,42.04584],[3.22522,42.04761],[3.22663,42.0476],[3.22571,42.04808],[3.22611,42.0491],[3.22515,42.04918]],[[3.20594,42.07353],[3.20482,42.07439],[3.20522,42.07339],[3.20594,42.07353]],[[3.00952,42.13462],[3.00422,42.14047],[3.00204,42.14009],[3.00061,42.13791],[3.00129,42.13505],[2.99554,42.1343],[2.99733,42.1328],[2.99876,42.1302],[2.99694,42.13048],[2.99557,42.12953],[2.99504,42.12331],[2.98151,42.1188],[2.97524,42.1151],[2.96155,42.11428],[2.96061,42.11374],[2.96021,42.11224],[2.95571,42.11274],[2.95427,42.11213],[2.95276,42.10712],[2.95281,42.10208],[2.95191,42.09776],[2.95257,42.09707],[2.9572,42.09691],[2.95944,42.09203],[2.96478,42.08993],[2.96527,42.08841],[2.9686,42.0852],[2.96908,42.0815],[2.97037,42.07891],[2.97119,42.0746],[2.97289,42.07303],[2.9781,42.07299],[2.97757,42.07161],[2.97765,42.06653],[2.97268,42.06098],[2.97366,42.06036],[2.97748,42.05274],[2.98049,42.04862],[2.98163,42.04524],[2.97938,42.03597],[2.97847,42.03627],[2.96918,42.03457],[2.96558,42.03496],[2.96171,42.03844],[2.95913,42.03804],[2.95926,42.03654],[2.95641,42.03218],[2.95298,42.03308],[2.95277,42.03105],[2.95357,42.03024],[2.95244,42.02143],[2.95272,42.01818],[2.95199,42.01729],[2.95239,42.01585],[2.95122,42.00987],[2.95173,42.00573],[2.95766,41.99962],[2.95969,42.00047],[2.96427,41.99967],[2.96484,41.99873],[2.9675,41.99867],[2.97299,42.00096],[2.97842,42.00017],[2.98716,41.98917],[2.98174,41.98371],[2.97555,41.98275],[2.97561,41.97805],[2.96819,41.97515],[2.96044,41.97433],[2.95805,41.97352],[2.95394,41.97414],[2.94967,41.97297],[2.94507,41.96608],[2.94779,41.96199],[2.94594,41.95524],[2.94729,41.95314],[2.94907,41.94794],[2.94484,41.9473],[2.94617,41.93989],[2.94565,41.93933],[2.94351,41.93867],[2.93512,41.93973],[2.92851,41.93769],[2.92413,41.93787],[2.92152,41.93695],[2.92075,41.93368],[2.91881,41.93188],[2.91384,41.92995],[2.91165,41.93135],[2.91199,41.93439],[2.89788,41.9329],[2.89759,41.93089],[2.89943,41.92857],[2.9022,41.92233],[2.90228,41.91897],[2.89286,41.91427],[2.88545,41.90942],[2.89487,41.9014],[2.90599,41.90251],[2.93631,41.89794],[2.93876,41.89425],[2.94642,41.88708],[2.95647,41.88473],[2.95558,41.88305],[2.95407,41.88307],[2.9535,41.8825],[2.95257,41.87956],[2.95072,41.87909],[2.95107,41.8769],[2.94487,41.87167],[2.94496,41.8685],[2.94185,41.86703],[2.9419,41.86623],[2.94304,41.86509],[2.94876,41.86344],[2.96194,41.85138],[2.96206,41.84679],[2.96629,41.84373],[2.96658,41.83913],[2.96892,41.8367],[2.96984,41.83057],[2.97083,41.82825],[2.96971,41.82652],[2.96629,41.82576],[2.96234,41.8269],[2.95654,41.82627],[2.94961,41.82667],[2.94634,41.8255],[2.94356,41.82697],[2.93334,41.82783],[2.9325,41.82732],[2.93242,41.82617],[2.92974,41.8254],[2.93094,41.82325],[2.93055,41.82196],[2.93342,41.81798],[2.9335,41.81524],[2.93551,41.81352],[2.93459,41.81068],[2.9356,41.8096],[2.94348,41.7895],[2.95577,41.78652],[2.96009,41.77414],[2.95269,41.77086],[2.95013,41.76808],[2.95313,41.76631],[2.95693,41.76288],[2.95633,41.76076],[2.9599,41.75912],[2.96121,41.75751],[2.96043,41.75666],[2.96324,41.75598],[2.96364,41.75503],[2.96533,41.75532],[2.96736,41.75313],[2.97115,41.75308],[2.97521,41.75398],[2.97502,41.75486],[2.97595,41.75544],[2.97661,41.75719],[2.97852,41.75809],[2.98076,41.75813],[2.98045,41.75895],[2.98105,41.75963],[2.9826,41.7589],[2.98221,41.75945],[2.98323,41.75925],[2.98317,41.76011],[2.9843,41.76072],[2.98655,41.76022],[2.98871,41.76113],[2.99345,41.76147],[2.99533,41.76315],[2.99778,41.76296],[2.99758,41.76367],[2.99842,41.76332],[2.99731,41.76447],[2.99769,41.76504],[3.0003,41.76588],[3.00181,41.76502],[3.00279,41.76516],[3.00154,41.76545],[3.00163,41.76684],[3.0035,41.7671],[3.00298,41.7679],[3.0041,41.76806],[3.00657,41.77041],[3.01081,41.77209],[3.01253,41.77193],[3.01526,41.77311],[3.01704,41.77288],[3.02208,41.77394],[3.02447,41.77315],[3.02613,41.77396],[3.02789,41.77283],[3.02791,41.77148],[3.03023,41.77087],[3.03005,41.77173],[3.03163,41.77149],[3.03223,41.77252],[3.03118,41.77284],[3.03155,41.77372],[3.03052,41.77376],[3.03044,41.77529],[3.02966,41.77585],[3.0303,41.77719],[3.02939,41.77737],[3.02929,41.77828],[3.0299,41.77864],[3.0293,41.77895],[3.03031,41.77981],[3.03443,41.78031],[3.03575,41.77921],[3.03599,41.78045],[3.03646,41.77909],[3.0364,41.78015],[3.03756,41.7801],[3.03797,41.77833],[3.0345,41.77732],[3.034,41.77828],[3.0344,41.77727],[3.03308,41.77667],[3.03802,41.77786],[3.03854,41.7785],[3.03906,41.77802],[3.03987,41.7788],[3.04045,41.77833],[3.04245,41.77893],[3.04371,41.77856],[3.04353,41.77927],[3.04427,41.77947],[3.04359,41.77976],[3.0447,41.78084],[3.0436,41.7817],[3.04839,41.782],[3.04698,41.78235],[3.04863,41.78272],[3.0465,41.78295],[3.0466,41.78376],[3.04607,41.78392],[3.04727,41.78462],[3.0461,41.78486],[3.04675,41.78502],[3.04682,41.78574],[3.04566,41.78561],[3.04639,41.78598],[3.04498,41.78623],[3.04594,41.78736],[3.04551,41.78833],[3.04905,41.79028],[3.05284,41.79081],[3.0542,41.79028],[3.05369,41.78887],[3.05511,41.78703],[3.05569,41.78711],[3.05651,41.78814],[3.05591,41.78877],[3.05777,41.7906],[3.05925,41.79076],[3.0578,41.79135],[3.05906,41.79176],[3.06045,41.79368],[3.05976,41.794],[3.0615,41.79514],[3.06152,41.79654],[3.06082,41.79695],[3.06115,41.79818],[3.06206,41.79827],[3.06162,41.79856],[3.06222,41.79917],[3.06392,41.79914],[3.06417,41.7999],[3.06527,41.80016],[3.06524,41.80119],[3.06313,41.80055],[3.06085,41.80365],[3.0586,41.80345],[3.0566,41.80446],[3.05574,41.80429],[3.05522,41.80501],[3.05955,41.80413],[3.06083,41.80416],[3.06118,41.80475],[3.06161,41.80388],[3.06267,41.80448],[3.06202,41.80308],[3.06279,41.80173],[3.0636,41.80126],[3.064,41.80191],[3.06435,41.80146],[3.06432,41.80194],[3.06531,41.80185],[3.06662,41.8007],[3.06603,41.80177],[3.06481,41.80219],[3.06488,41.8033],[3.06849,41.81399],[3.07137,41.81903],[3.07431,41.82198],[3.07539,41.82202],[3.07545,41.82278],[3.07617,41.82247],[3.07754,41.82355],[3.07859,41.82304],[3.07889,41.8239],[3.0804,41.824],[3.08129,41.8257],[3.0831,41.8264],[3.0842,41.82599],[3.08367,41.82663],[3.08583,41.82857],[3.08563,41.8294],[3.08776,41.83161],[3.09042,41.83271],[3.09301,41.83227],[3.09242,41.83358],[3.09393,41.83537],[3.09358,41.83759],[3.09979,41.84318],[3.10107,41.84352],[3.10132,41.84293],[3.10274,41.84388],[3.10178,41.8441],[3.10243,41.84508],[3.10365,41.84515],[3.10372,41.84448],[3.10514,41.8451],[3.1042,41.84548],[3.10531,41.84639],[3.10657,41.84623],[3.10645,41.84557],[3.10799,41.84606],[3.10711,41.84638],[3.10784,41.84719],[3.11001,41.84769],[3.11038,41.84716],[3.1103,41.84776],[3.11209,41.84814],[3.1135,41.84756],[3.11388,41.84854],[3.11919,41.84829],[3.12136,41.84783],[3.12145,41.84729],[3.12218,41.84816],[3.12772,41.84552],[3.12335,41.84522],[3.12407,41.84352],[3.12387,41.8446],[3.12514,41.84497],[3.12555,41.84325],[3.12531,41.84463],[3.12619,41.84476],[3.1263,41.84431],[3.12782,41.8443],[3.12821,41.84296],[3.12005,41.84162],[3.12107,41.84124],[3.12849,41.84237],[3.12819,41.84176],[3.12901,41.84117],[3.12983,41.84183],[3.13063,41.84157],[3.13269,41.84252],[3.13348,41.84433],[3.13583,41.84519],[3.13336,41.84466],[3.13239,41.84628],[3.13687,41.84764],[3.13729,41.84661],[3.13632,41.84629],[3.13712,41.84645],[3.13728,41.8459],[3.13579,41.84407],[3.13762,41.84572],[3.13719,41.8478],[3.13786,41.84805],[3.1378,41.84888],[3.14488,41.84967],[3.14575,41.85126],[3.14474,41.85316],[3.14532,41.85354],[3.14479,41.85424],[3.14352,41.85436],[3.14235,41.85572],[3.14385,41.85783],[3.14447,41.85756],[3.14571,41.85873],[3.14751,41.8578],[3.15004,41.85856],[3.15092,41.85942],[3.15033,41.86104],[3.15172,41.86204],[3.15415,41.86138],[3.15483,41.86247],[3.15771,41.86224],[3.15827,41.86165],[3.15788,41.86039],[3.15903,41.85965],[3.15956,41.86015],[3.15903,41.86095],[3.16127,41.86049],[3.16236,41.8615],[3.16521,41.86186],[3.16516,41.86314],[3.16579,41.86379],[3.16812,41.86333],[3.16822,41.8639],[3.16994,41.86284],[3.17,41.86384],[3.17078,41.86327],[3.17274,41.86425],[3.17324,41.86571],[3.17473,41.86567],[3.17547,41.86654],[3.17673,41.86632],[3.17625,41.86738],[3.17709,41.86789],[3.17779,41.86756],[3.17824,41.86827],[3.17695,41.86994],[3.17821,41.87137],[3.17748,41.87225],[3.17945,41.87414],[3.17842,41.87496],[3.17968,41.87584],[3.18119,41.87559],[3.1817,41.87626],[3.17907,41.87721],[3.1793,41.87813],[3.17814,41.87893],[3.17974,41.87968],[3.18029,41.88076],[3.18319,41.88174],[3.1821,41.88275],[3.18267,41.8838],[3.18177,41.88436],[3.18193,41.88566],[3.18252,41.88542],[3.1819,41.88604],[3.18249,41.88715],[3.18416,41.88822],[3.18543,41.88816],[3.18534,41.88751],[3.18558,41.88823],[3.18672,41.88765],[3.18696,41.88834],[3.1881,41.88867],[3.18899,41.88861],[3.18933,41.88788],[3.19079,41.88815],[3.1916,41.88988],[3.19366,41.89055],[3.19268,41.89197],[3.19331,41.89316],[3.19438,41.8936],[3.19672,41.89367],[3.1964,41.8933],[3.19727,41.8928],[3.19677,41.89243],[3.19554,41.8929],[3.19672,41.89219],[3.19766,41.89254],[3.19871,41.89163],[3.20272,41.89156],[3.20381,41.89394],[3.204,41.89625],[3.20459,41.89632],[3.20436,41.89759],[3.20497,41.8975],[3.20529,41.89901],[3.20584,41.89908],[3.2052,41.89948],[3.20535,41.90028],[3.20796,41.90036],[3.20954,41.90204],[3.20885,41.902],[3.20931,41.9026],[3.20893,41.90283],[3.20979,41.90412],[3.21031,41.90404],[3.21005,41.90491],[3.20878,41.90549],[3.20912,41.90632],[3.20682,41.90803],[3.20885,41.90895],[3.21201,41.90916],[3.21131,41.90976],[3.21167,41.91045],[3.20871,41.91127],[3.20946,41.91198],[3.20728,41.91304],[3.20941,41.91461],[3.2073,41.91709],[3.20856,41.91804],[3.21095,41.91699],[3.21633,41.91828],[3.21684,41.91956],[3.21544,41.92153],[3.21676,41.92149],[3.21682,41.9221],[3.21787,41.92188],[3.21734,41.9221],[3.21873,41.92258],[3.21751,41.92251],[3.21824,41.92351],[3.21618,41.92416],[3.21715,41.92438],[3.21657,41.92451],[3.21932,41.92662],[3.21797,41.92694],[3.21863,41.92718],[3.21757,41.92757],[3.21814,41.92799],[3.21791,41.92868],[3.21498,41.92909],[3.21589,41.92955],[3.2152,41.9297],[3.21583,41.93051],[3.21789,41.9309],[3.21996,41.93236],[3.21809,41.93186],[3.21902,41.93323],[3.21795,41.93332],[3.22053,41.93484],[3.21903,41.93465],[3.21937,41.93552],[3.21858,41.93567],[3.21762,41.93428],[3.21665,41.93398],[3.21588,41.93433],[3.2159,41.93581],[3.21419,41.93632],[3.21587,41.93738],[3.21536,41.938],[3.21686,41.93791],[3.21645,41.9387],[3.21713,41.93861],[3.21735,41.93772],[3.21767,41.93915],[3.21711,41.93936],[3.21852,41.94073],[3.21749,41.94116],[3.21782,41.94242],[3.22595,41.94554],[3.22684,41.9473],[3.22789,41.94736],[3.22724,41.94781],[3.2283,41.94865],[3.23018,41.94852],[3.23347,41.95036],[3.23073,41.9522],[3.23147,41.95349],[3.22938,41.955],[3.23171,41.95706],[3.23226,41.95855],[3.23366,41.95858],[3.23403,41.96069],[3.23325,41.96148],[3.23356,41.962],[3.23302,41.96189],[3.23242,41.95962],[3.23181,41.95947],[3.22974,41.9605],[3.23084,41.96148],[3.23049,41.96257],[3.22919,41.96239],[3.22929,41.96303],[3.22694,41.96422],[3.22893,41.96429],[3.23052,41.9659],[3.2318,41.96591],[3.2315,41.967],[3.23022,41.96799],[3.23125,41.96905],[3.22996,41.97008],[3.22899,41.96958],[3.22685,41.97017],[3.22494,41.97177],[3.22458,41.97295],[3.22348,41.97247],[3.22218,41.97349],[3.22211,41.97429],[3.21691,41.97368],[3.21415,41.97374],[3.2134,41.97432],[3.21213,41.9729],[3.21046,41.97361],[3.21118,41.97739],[3.21059,41.97737],[3.21012,41.97868],[3.20734,41.98148],[3.20268,41.98899],[3.19846,41.99967],[3.19492,42.01634],[3.19427,42.02882],[3.19709,42.04495],[3.19847,42.04854],[3.20039,42.05099],[3.20202,42.05197],[3.20384,42.05075],[3.20557,42.05157],[3.20494,42.05177],[3.20404,42.05094],[3.2007,42.05333],[3.20215,42.05385],[3.20309,42.05289],[3.20347,42.05305],[3.20277,42.05372],[3.20414,42.05451],[3.2047,42.05386],[3.20576,42.05431],[3.20652,42.05365],[3.20363,42.05248],[3.20425,42.05217],[3.20754,42.05356],[3.20839,42.05303],[3.20836,42.05234],[3.20576,42.05057],[3.2068,42.05067],[3.20857,42.05217],[3.20865,42.05297],[3.21212,42.05415],[3.21125,42.05424],[3.211,42.05537],[3.21254,42.05759],[3.21216,42.05858],[3.21366,42.05952],[3.21206,42.05942],[3.21357,42.06112],[3.2145,42.06113],[3.21327,42.06145],[3.21155,42.06078],[3.20975,42.06155],[3.2097,42.06302],[3.21086,42.06356],[3.20939,42.0642],[3.20971,42.06539],[3.20901,42.06571],[3.21089,42.06759],[3.21197,42.06686],[3.21207,42.06868],[3.20815,42.06958],[3.20788,42.07084],[3.20656,42.07067],[3.20708,42.07208],[3.20661,42.07251],[3.2047,42.07274],[3.20363,42.07394],[3.20253,42.07351],[3.20422,42.0746],[3.20056,42.07586],[3.19974,42.07732],[3.19859,42.0777],[3.19845,42.08],[3.20115,42.08085],[3.20147,42.08178],[3.20238,42.08127],[3.20201,42.08219],[3.20097,42.0828],[3.1997,42.08133],[3.19837,42.08252],[3.19843,42.08354],[3.19507,42.08315],[3.19607,42.08456],[3.1944,42.08464],[3.19533,42.08607],[3.19325,42.08905],[3.19204,42.08955],[3.19267,42.09101],[3.19143,42.09043],[3.19148,42.09166],[3.19003,42.09368],[3.19024,42.09439],[3.18787,42.09543],[3.18868,42.09666],[3.18788,42.09802],[3.18757,42.09765],[3.18564,42.0992],[3.18437,42.09924],[3.18433,42.10148],[3.18335,42.10215],[3.1839,42.10228],[3.18366,42.1034],[3.18284,42.10397],[3.1817,42.10372],[3.18154,42.10436],[3.18212,42.10469],[3.18171,42.10527],[3.1811,42.10513],[3.18067,42.10351],[3.17931,42.10335],[3.17954,42.10279],[3.17738,42.10366],[3.1746,42.10251],[3.17157,42.10329],[3.16937,42.10554],[3.16876,42.10662],[3.17007,42.10838],[3.16151,42.1089],[3.15366,42.10439],[3.13207,42.0983],[3.12981,42.10803],[3.12805,42.10843],[3.12103,42.10661],[3.11257,42.1034],[3.10838,42.10295],[3.10597,42.11219],[3.1062,42.11468],[3.1074,42.11563],[3.10763,42.11679],[3.10561,42.11764],[3.09714,42.11877],[3.09477,42.12665],[3.0928,42.12562],[3.09101,42.12563],[3.0905,42.1246],[3.09157,42.12408],[3.09084,42.12146],[3.08879,42.12195],[3.08813,42.121],[3.08593,42.12126],[3.08567,42.11976],[3.0776,42.11902],[3.07741,42.11779],[3.07448,42.11752],[3.07449,42.1189],[3.06664,42.11856],[3.05963,42.11629],[3.0593,42.11463],[3.05372,42.11378],[3.04993,42.11248],[3.05015,42.10969],[3.04756,42.11056],[3.04533,42.11017],[3.04179,42.11675],[3.03475,42.12143],[3.03317,42.12391],[3.02631,42.12526],[3.02137,42.12753],[3.01856,42.12683],[3.01746,42.12825],[3.01603,42.12869],[3.01414,42.1334],[3.00952,42.13462]]]]}},{"type":"Feature","properties":{"comarca":"11","nom_comar":"Baix Llobregat"},"geometry":{"type":"MultiPolygon","coordinates":[[[[1.81281,41.60207],[1.81284,41.6035],[1.80901,41.5835],[1.80875,41.57947],[1.80708,41.57461],[1.80622,41.57478],[1.80683,41.57379],[1.80602,41.57173],[1.80313,41.56831],[1.79775,41.56478],[1.79703,41.56302],[1.79434,41.56165],[1.79663,41.56079],[1.79658,41.56017],[1.79843,41.55826],[1.80269,41.55823],[1.80546,41.55661],[1.80777,41.55694],[1.81131,41.55577],[1.81492,41.55573],[1.81738,41.55437],[1.8179,41.552],[1.8173,41.5508],[1.82013,41.54589],[1.82351,41.54296],[1.82563,41.54273],[1.82371,41.54077],[1.82668,41.53905],[1.8289,41.53481],[1.83063,41.53286],[1.8345,41.53009],[1.83763,41.52891],[1.83866,41.52668],[1.84198,41.5236],[1.84591,41.52309],[1.84738,41.52186],[1.8528,41.52077],[1.85352,41.51994],[1.85522,41.51748],[1.85517,41.51588],[1.85427,41.51562],[1.85375,41.51382],[1.85537,41.5126],[1.85575,41.51121],[1.85434,41.5077],[1.85372,41.5069],[1.85157,41.50647],[1.84942,41.50703],[1.84338,41.50689],[1.84103,41.50468],[1.84053,41.50209],[1.83856,41.50016],[1.83888,41.49895],[1.84203,41.49656],[1.84303,41.49316],[1.84442,41.49132],[1.85746,41.48346],[1.86063,41.48277],[1.87145,41.47713],[1.87228,41.4739],[1.87344,41.47263],[1.87193,41.4658],[1.87287,41.46393],[1.87277,41.4602],[1.87621,41.45579],[1.87798,41.45484],[1.89145,41.43985],[1.89312,41.43832],[1.8945,41.43809],[1.89687,41.43344],[1.89644,41.4317],[1.89488,41.43007],[1.89285,41.43061],[1.89131,41.43002],[1.89121,41.42806],[1.88738,41.42361],[1.88744,41.42304],[1.88943,41.42225],[1.88886,41.42155],[1.88881,41.41897],[1.88736,41.41706],[1.88229,41.41423],[1.88119,41.41159],[1.88495,41.40814],[1.88309,41.40696],[1.8826,41.40563],[1.879,41.40522],[1.87762,41.40417],[1.87483,41.395],[1.87667,41.38961],[1.86934,41.38728],[1.87089,41.38041],[1.87368,41.37943],[1.88153,41.37337],[1.88724,41.372],[1.89024,41.3684],[1.88891,41.36569],[1.89029,41.36346],[1.89007,41.36279],[1.89698,41.36014],[1.89733,41.35932],[1.89655,41.3568],[1.89838,41.35481],[1.89594,41.3515],[1.89203,41.35061],[1.89012,41.34834],[1.88403,41.34569],[1.88229,41.34381],[1.8798,41.34453],[1.87674,41.34395],[1.87428,41.34432],[1.87047,41.34308],[1.86971,41.34214],[1.87099,41.33982],[1.871,41.33818],[1.86432,41.3348],[1.86181,41.33424],[1.85988,41.33205],[1.85975,41.3295],[1.85775,41.32878],[1.85793,41.32799],[1.85575,41.32611],[1.85166,41.31924],[1.84984,41.31875],[1.84785,41.31932],[1.8497,41.31864],[1.85019,41.31646],[1.84797,41.31245],[1.84825,41.30931],[1.84673,41.30635],[1.85127,41.30173],[1.85468,41.30049],[1.854,41.29923],[1.85478,41.29856],[1.85606,41.29886],[1.85871,41.29763],[1.85998,41.29912],[1.86122,41.29845],[1.8621,41.29627],[1.86939,41.29625],[1.87267,41.29345],[1.87101,41.29116],[1.86907,41.28129],[1.87088,41.28063],[1.87143,41.27864],[1.8727,41.27965],[1.88239,41.27819],[1.88548,41.2796],[1.88542,41.28164],[1.8865,41.28158],[1.88983,41.28344],[1.8954,41.28153],[1.89777,41.28198],[1.9022,41.28085],[1.90533,41.28272],[1.90996,41.28367],[1.91187,41.28538],[1.91287,41.28686],[1.91286,41.2882],[1.91375,41.28875],[1.91966,41.29067],[1.92434,41.29128],[1.92573,41.29062],[1.92634,41.28893],[1.93187,41.28506],[1.94175,41.28077],[1.94374,41.27922],[1.94325,41.27828],[1.93901,41.27694],[1.93737,41.27506],[1.9387,41.27181],[1.93982,41.27072],[1.93924,41.26912],[1.94327,41.26625],[1.9445,41.26349],[1.95835,41.26411],[1.99461,41.26406],[2.02379,41.26613],[2.04576,41.27044],[2.04833,41.27039],[2.07296,41.27664],[2.07457,41.2764],[2.10752,41.28763],[2.11413,41.29033],[2.12281,41.29519],[2.12959,41.2974],[2.13608,41.29763],[2.13788,41.2931],[2.13773,41.29524],[2.1365,41.29755],[2.13706,41.3006],[2.14424,41.29568],[2.14794,41.29499],[2.1517,41.29547],[2.15512,41.29753],[2.16668,41.30892],[2.16752,41.3119],[2.16542,41.31784],[2.16718,41.31164],[2.16682,41.30977],[2.15505,41.29781],[2.15259,41.29623],[2.15145,41.29779],[2.14815,41.29713],[2.14441,41.29801],[2.14274,41.29929],[2.14514,41.30178],[2.14428,41.30231],[2.14509,41.30284],[2.14412,41.30241],[2.14259,41.30312],[2.14236,41.30425],[2.14323,41.30482],[2.144,41.30424],[2.15495,41.31523],[2.15291,41.31633],[2.15643,41.3199],[2.15636,41.32061],[2.15384,41.322],[2.15212,41.32169],[2.15271,41.32281],[2.15173,41.32315],[2.14986,41.32068],[2.13071,41.32077],[2.1189,41.32273],[2.11565,41.32389],[2.1123,41.32612],[2.10875,41.33073],[2.10479,41.33393],[2.09444,41.3396],[2.08952,41.3413],[2.09165,41.34477],[2.0923,41.34807],[2.09988,41.35192],[2.0956,41.35904],[2.09359,41.35852],[2.08918,41.36301],[2.08936,41.36361],[2.08705,41.36453],[2.08678,41.36678],[2.08786,41.36903],[2.09129,41.36911],[2.09398,41.36712],[2.09928,41.36866],[2.09873,41.37023],[2.10129,41.37396],[2.10026,41.37642],[2.10332,41.37898],[2.10124,41.38293],[2.10211,41.38757],[2.10059,41.38841],[2.0998,41.392],[2.09779,41.39396],[2.10046,41.39835],[2.10267,41.40032],[2.10379,41.40402],[2.10175,41.4056],[2.10065,41.40826],[2.099,41.40886],[2.09732,41.40911],[2.09565,41.40785],[2.08867,41.40861],[2.08569,41.40974],[2.08413,41.40935],[2.08256,41.40725],[2.08042,41.40596],[2.08012,41.40455],[2.07859,41.40312],[2.07279,41.40316],[2.07,41.40703],[2.07206,41.40754],[2.07136,41.40891],[2.07242,41.41115],[2.07597,41.41279],[2.07734,41.41463],[2.07858,41.41498],[2.07428,41.41656],[2.07233,41.41827],[2.07049,41.41881],[2.06431,41.41784],[2.0649,41.41609],[2.06353,41.41356],[2.05852,41.41274],[2.05907,41.41226],[2.05877,41.41065],[2.05685,41.41033],[2.05513,41.4121],[2.05464,41.41395],[2.0569,41.416],[2.05647,41.42136],[2.05233,41.42423],[2.05766,41.42642],[2.05845,41.42918],[2.05767,41.43581],[2.05936,41.43539],[2.05985,41.43765],[2.06165,41.43761],[2.06418,41.44214],[2.06364,41.44377],[2.06077,41.44499],[2.05471,41.44556],[2.04983,41.44465],[2.04105,41.4442],[2.03756,41.44219],[2.03295,41.44169],[2.03156,41.44267],[2.03126,41.44555],[2.02716,41.44675],[2.02571,41.4491],[2.02372,41.45069],[2.02459,41.4519],[2.0235,41.4548],[2.0241,41.45652],[2.02357,41.45747],[2.01557,41.45898],[2.01122,41.45796],[2.01052,41.45665],[1.99973,41.46024],[1.99898,41.45886],[2.00113,41.45631],[1.99954,41.45453],[1.9968,41.45295],[1.99572,41.45141],[1.99596,41.43993],[1.99509,41.43628],[1.99408,41.43559],[1.99391,41.43671],[1.99258,41.43803],[1.98224,41.44528],[1.97821,41.44939],[1.97731,41.45086],[1.97676,41.45594],[1.97549,41.46011],[1.97329,41.46371],[1.96869,41.46386],[1.96158,41.45973],[1.95085,41.46701],[1.95167,41.46897],[1.95074,41.47176],[1.94649,41.46748],[1.94488,41.46772],[1.93942,41.47287],[1.93401,41.47926],[1.93351,41.48049],[1.93371,41.48314],[1.93243,41.48546],[1.92423,41.48812],[1.92274,41.48925],[1.92155,41.49228],[1.9223,41.49542],[1.92357,41.49479],[1.9302,41.49594],[1.93325,41.50083],[1.93279,41.50272],[1.9335,41.50457],[1.93559,41.50547],[1.93663,41.50913],[1.95115,41.51016],[1.95133,41.52293],[1.94901,41.52571],[1.94289,41.52698],[1.94187,41.52813],[1.9388,41.52846],[1.93613,41.53033],[1.93637,41.53192],[1.93353,41.53404],[1.93206,41.53663],[1.93353,41.53745],[1.93169,41.53881],[1.93139,41.53971],[1.93258,41.54194],[1.93104,41.54189],[1.93084,41.54331],[1.92967,41.54402],[1.92919,41.5486],[1.92561,41.55085],[1.92779,41.55153],[1.92856,41.55287],[1.92782,41.55312],[1.92676,41.55236],[1.92435,41.55552],[1.92079,41.55598],[1.92016,41.55669],[1.9188,41.55646],[1.92227,41.55945],[1.92242,41.56085],[1.92138,41.56012],[1.92049,41.56074],[1.9205,41.5618],[1.92238,41.56346],[1.92231,41.5641],[1.92163,41.56464],[1.92072,41.56417],[1.9204,41.56471],[1.92174,41.56657],[1.92352,41.56757],[1.92304,41.5684],[1.92042,41.56973],[1.92041,41.5711],[1.90921,41.57049],[1.88444,41.57907],[1.89117,41.58069],[1.88841,41.58399],[1.88633,41.58492],[1.88101,41.5854],[1.87999,41.58816],[1.87878,41.58953],[1.87558,41.58988],[1.8713,41.58941],[1.86965,41.5882],[1.86807,41.58921],[1.86737,41.59101],[1.86331,41.59228],[1.85071,41.59066],[1.83818,41.59259],[1.83268,41.59183],[1.83169,41.5909],[1.82554,41.59293],[1.8241,41.59569],[1.8225,41.59666],[1.82238,41.59779],[1.81776,41.60032],[1.8168,41.60159],[1.81281,41.60207]],[[2.15255,41.31643],[2.15047,41.31764],[2.15336,41.32091],[2.15214,41.32163],[2.15385,41.32193],[2.15648,41.32016],[2.15255,41.31643]]]]}},{"type":"Feature","properties":{"comarca":"12","nom_comar":"Baix Penedès"},"geometry":{"type":"MultiPolygon","coordinates":[[[[1.64362,41.19322],[1.64476,41.19349],[1.64188,41.19313],[1.64362,41.19322]],[[1.63379,41.31332],[1.62926,41.31046],[1.63552,41.30955],[1.63789,41.3098],[1.64022,41.31058],[1.64243,41.31288],[1.63379,41.31332]],[[1.55222,41.36818],[1.55002,41.36937],[1.54754,41.37208],[1.5472,41.37307],[1.54805,41.3746],[1.54586,41.3794],[1.54171,41.38089],[1.54181,41.38142],[1.53702,41.38534],[1.5281,41.369],[1.51827,41.36456],[1.51252,41.35916],[1.50436,41.36159],[1.49374,41.35528],[1.47223,41.35527],[1.46282,41.35624],[1.44766,41.34849],[1.42718,41.33608],[1.4088,41.32735],[1.402,41.325],[1.4029,41.32425],[1.40363,41.32125],[1.41198,41.3189],[1.41473,41.31739],[1.42029,41.31382],[1.42546,41.30816],[1.42411,41.30473],[1.41883,41.303],[1.41577,41.2988],[1.40948,41.29846],[1.39897,41.29228],[1.40385,41.29001],[1.41461,41.28749],[1.4283,41.28622],[1.43507,41.28711],[1.43601,41.28606],[1.43583,41.28525],[1.43344,41.2824],[1.43737,41.27706],[1.4395,41.2723],[1.43756,41.27216],[1.43467,41.27315],[1.42851,41.27271],[1.42053,41.27421],[1.40869,41.27505],[1.40716,41.27316],[1.40271,41.27079],[1.40301,41.26762],[1.40212,41.26547],[1.39997,41.26347],[1.40317,41.26275],[1.41531,41.26325],[1.41881,41.26286],[1.43086,41.25741],[1.43438,41.255],[1.43512,41.25126],[1.42609,41.24818],[1.42093,41.24858],[1.41515,41.24527],[1.4127,41.24043],[1.40592,41.23738],[1.40565,41.23372],[1.40632,41.22688],[1.39867,41.22108],[1.39042,41.22082],[1.39156,41.21332],[1.3952,41.20557],[1.39751,41.20636],[1.39935,41.20602],[1.40326,41.2101],[1.40931,41.21292],[1.41732,41.21162],[1.42,41.2121],[1.42608,41.21164],[1.42695,41.21108],[1.42748,41.20824],[1.43569,41.20238],[1.44297,41.20295],[1.44448,41.20398],[1.44732,41.20455],[1.45792,41.20349],[1.47677,41.20853],[1.47927,41.2064],[1.47775,41.20073],[1.47853,41.19289],[1.48306,41.18947],[1.48348,41.18611],[1.48667,41.18218],[1.49457,41.17519],[1.4957,41.17317],[1.51406,41.17781],[1.52166,41.17888],[1.52453,41.1786],[1.52519,41.17773],[1.52676,41.1783],[1.52735,41.17721],[1.52626,41.17701],[1.52583,41.17778],[1.5261,41.17698],[1.52511,41.17732],[1.52536,41.17657],[1.52743,41.17669],[1.52723,41.17834],[1.53119,41.18014],[1.54265,41.18285],[1.55455,41.18382],[1.56487,41.18568],[1.58894,41.18838],[1.60321,41.18861],[1.60514,41.18808],[1.60577,41.18696],[1.6057,41.18492],[1.60678,41.18452],[1.60762,41.18471],[1.60614,41.18481],[1.60593,41.18596],[1.60681,41.18605],[1.607,41.18534],[1.60746,41.1867],[1.6063,41.18631],[1.60586,41.18892],[1.6073,41.18906],[1.60809,41.18649],[1.60767,41.18542],[1.60831,41.18536],[1.60754,41.18365],[1.60855,41.18479],[1.60833,41.18848],[1.61344,41.19015],[1.61782,41.19095],[1.62096,41.19013],[1.62168,41.19028],[1.62113,41.19038],[1.62148,41.19112],[1.62316,41.19155],[1.62442,41.19125],[1.62435,41.19053],[1.62597,41.19076],[1.6257,41.19143],[1.62693,41.19197],[1.62875,41.19183],[1.62917,41.19138],[1.62878,41.191],[1.63045,41.19117],[1.62975,41.19118],[1.62966,41.19183],[1.63094,41.19264],[1.63314,41.1927],[1.63369,41.19207],[1.63326,41.19191],[1.63474,41.19212],[1.6343,41.1926],[1.63528,41.1931],[1.63634,41.19273],[1.63606,41.19236],[1.63714,41.19246],[1.63688,41.1932],[1.63792,41.19373],[1.63911,41.19327],[1.63933,41.19281],[1.6387,41.19267],[1.64039,41.19284],[1.63952,41.19288],[1.64051,41.19418],[1.64349,41.19335],[1.64413,41.19348],[1.64442,41.19454],[1.64574,41.19486],[1.64211,41.20007],[1.64093,41.20575],[1.64132,41.21161],[1.64711,41.21167],[1.64651,41.20863],[1.64953,41.20857],[1.65213,41.20714],[1.65327,41.20738],[1.64827,41.21255],[1.6476,41.21665],[1.64414,41.22058],[1.64619,41.22857],[1.64124,41.23542],[1.64171,41.23622],[1.64043,41.23598],[1.63951,41.23488],[1.63278,41.23127],[1.6342,41.2292],[1.6324,41.22843],[1.63112,41.2245],[1.62497,41.22351],[1.6215,41.22363],[1.6186,41.22525],[1.61452,41.22608],[1.61475,41.22856],[1.61417,41.22987],[1.60901,41.23137],[1.60393,41.23432],[1.59997,41.23505],[1.59343,41.23372],[1.59011,41.23538],[1.58398,41.23717],[1.58315,41.23599],[1.58131,41.23759],[1.57871,41.24141],[1.57569,41.24937],[1.57627,41.2521],[1.57539,41.25537],[1.57388,41.25757],[1.57012,41.26066],[1.57647,41.25874],[1.58485,41.25731],[1.59436,41.25897],[1.59361,41.25789],[1.59634,41.25672],[1.595,41.25554],[1.59585,41.25493],[1.59918,41.25625],[1.59705,41.25343],[1.60257,41.25288],[1.60536,41.25122],[1.60605,41.24991],[1.61266,41.25075],[1.61256,41.25183],[1.61696,41.25266],[1.6176,41.25452],[1.61989,41.2535],[1.62219,41.25474],[1.621,41.25624],[1.62422,41.26228],[1.6226,41.26363],[1.62322,41.2671],[1.62745,41.26974],[1.6259,41.27318],[1.62375,41.27442],[1.62362,41.27635],[1.62135,41.27617],[1.61994,41.2771],[1.62678,41.2803],[1.6267,41.28135],[1.6301,41.28291],[1.6281,41.28405],[1.62959,41.28588],[1.62952,41.28862],[1.62696,41.29092],[1.62743,41.29414],[1.63303,41.29427],[1.63675,41.29609],[1.6332,41.29857],[1.6315,41.2989],[1.62772,41.29621],[1.62481,41.29665],[1.61657,41.29332],[1.61444,41.2906],[1.61436,41.28805],[1.61181,41.28519],[1.60833,41.28547],[1.60741,41.28734],[1.60693,41.28638],[1.60582,41.28601],[1.60291,41.28653],[1.60234,41.28744],[1.60431,41.28823],[1.60389,41.28916],[1.59901,41.28918],[1.59599,41.29238],[1.59351,41.29198],[1.59021,41.29361],[1.58823,41.29368],[1.59036,41.29582],[1.59056,41.29689],[1.59017,41.29748],[1.58864,41.29761],[1.59671,41.30712],[1.59636,41.30845],[1.59486,41.30922],[1.59495,41.31008],[1.58693,41.31262],[1.58655,41.31366],[1.58418,41.31491],[1.58338,41.31421],[1.58195,41.3143],[1.57831,41.31575],[1.57497,41.31499],[1.57255,41.31951],[1.57253,41.3221],[1.57425,41.32249],[1.57361,41.32559],[1.56913,41.32969],[1.56878,41.33063],[1.56936,41.33283],[1.56634,41.33915],[1.55908,41.34332],[1.55998,41.34522],[1.57369,41.35541],[1.57706,41.35321],[1.57819,41.35343],[1.57649,41.35571],[1.57886,41.35636],[1.57867,41.35792],[1.57763,41.35912],[1.57822,41.36241],[1.57386,41.36341],[1.57188,41.36153],[1.57058,41.36146],[1.57069,41.36409],[1.56917,41.3652],[1.57019,41.36628],[1.57007,41.36703],[1.56942,41.36854],[1.56789,41.36926],[1.56395,41.36908],[1.56326,41.36967],[1.55952,41.36796],[1.55591,41.36862],[1.55222,41.36818]]]]}},{"type":"Feature","properties":{"comarca":"13","nom_comar":"Barcelonès"},"geometry":{"type":"MultiPolygon","coordinates":[[[[2.17513,41.34935],[2.17661,41.35301],[2.18346,41.3633],[2.18306,41.3652],[2.1719,41.34901],[2.16983,41.33768],[2.17094,41.33781],[2.1712,41.3372],[2.17052,41.33567],[2.1711,41.3351],[2.17085,41.33412],[2.1702,41.33462],[2.16997,41.33421],[2.17118,41.33393],[2.16938,41.32631],[2.17255,41.31704],[2.17294,41.31735],[2.16992,41.32657],[2.17513,41.34935]],[[2.22729,41.40807],[2.2279,41.40961],[2.22698,41.40841],[2.22729,41.40807]],[[2.06093,41.43368],[2.05983,41.43412],[2.05936,41.43539],[2.05767,41.43581],[2.05845,41.42918],[2.05766,41.42642],[2.05233,41.42423],[2.05647,41.42136],[2.0569,41.416],[2.05464,41.41395],[2.05513,41.4121],[2.05685,41.41033],[2.05877,41.41065],[2.05907,41.41226],[2.05852,41.41274],[2.06353,41.41356],[2.0649,41.41609],[2.06431,41.41784],[2.07049,41.41881],[2.0694,41.42335],[2.06967,41.42518],[2.06704,41.42627],[2.0668,41.42732],[2.06781,41.42954],[2.06458,41.42991],[2.06291,41.43358],[2.06093,41.43368]],[[2.23408,41.49196],[2.23106,41.49298],[2.22816,41.49187],[2.22469,41.49252],[2.22307,41.49061],[2.22022,41.48912],[2.21713,41.48845],[2.21545,41.48723],[2.21635,41.48583],[2.21584,41.48458],[2.21393,41.48195],[2.21181,41.48033],[2.21269,41.47826],[2.21744,41.47766],[2.21756,41.47701],[2.21662,41.47476],[2.21327,41.47143],[2.20625,41.47033],[2.19975,41.47342],[2.19398,41.47234],[2.19065,41.47061],[2.18893,41.47084],[2.18706,41.46772],[2.18379,41.4683],[2.17941,41.46759],[2.17869,41.46818],[2.17894,41.46653],[2.18071,41.46494],[2.17492,41.46385],[2.1719,41.46127],[2.16733,41.46021],[2.16567,41.45819],[2.16417,41.4558],[2.1656,41.45158],[2.16411,41.4498],[2.15956,41.45052],[2.15584,41.44993],[2.15354,41.44879],[2.15221,41.44718],[2.14848,41.44675],[2.14521,41.44788],[2.14257,41.44714],[2.1383,41.44785],[2.13461,41.44725],[2.13291,41.44494],[2.12994,41.44303],[2.12815,41.43348],[2.12308,41.42869],[2.12127,41.42583],[2.11893,41.42581],[2.11566,41.42678],[2.11508,41.42782],[2.11332,41.4285],[2.10531,41.42884],[2.10322,41.42807],[2.10115,41.42979],[2.09915,41.43012],[2.09894,41.4317],[2.09607,41.43327],[2.09101,41.42907],[2.08573,41.429],[2.08232,41.43163],[2.08144,41.43158],[2.08077,41.43064],[2.07993,41.43191],[2.07558,41.43294],[2.07477,41.4353],[2.07252,41.43549],[2.07303,41.43661],[2.07177,41.4363],[2.07094,41.4344],[2.07148,41.43308],[2.07312,41.43067],[2.07662,41.42871],[2.0732,41.42746],[2.0727,41.42515],[2.07812,41.42494],[2.08059,41.42406],[2.08007,41.42306],[2.07534,41.42198],[2.07665,41.4212],[2.07695,41.41939],[2.07875,41.4179],[2.07974,41.41566],[2.07734,41.41463],[2.07597,41.41279],[2.07215,41.41086],[2.07135,41.4088],[2.07206,41.40754],[2.07,41.40703],[2.07219,41.40346],[2.07488,41.40284],[2.07859,41.40312],[2.08012,41.40455],[2.08042,41.40596],[2.08256,41.40725],[2.08413,41.40935],[2.08569,41.40974],[2.08867,41.40861],[2.09565,41.40785],[2.09732,41.40911],[2.099,41.40886],[2.10065,41.40826],[2.10175,41.4056],[2.10379,41.40402],[2.10267,41.40032],[2.10046,41.39835],[2.09779,41.39396],[2.0998,41.392],[2.10059,41.38841],[2.10211,41.38757],[2.10124,41.38293],[2.10332,41.37898],[2.10026,41.37642],[2.10129,41.37396],[2.09873,41.37023],[2.09928,41.36866],[2.09398,41.36712],[2.09129,41.36911],[2.08786,41.36903],[2.08678,41.36678],[2.08705,41.36453],[2.08936,41.36361],[2.08918,41.36301],[2.09359,41.35852],[2.0956,41.35904],[2.09988,41.35192],[2.0923,41.34807],[2.09165,41.34477],[2.08952,41.3413],[2.09444,41.3396],[2.10479,41.33393],[2.10875,41.33073],[2.1123,41.32612],[2.11565,41.32389],[2.12175,41.32207],[2.13071,41.32077],[2.14986,41.32068],[2.15173,41.32315],[2.15225,41.32297],[2.15397,41.32769],[2.15419,41.32717],[2.15431,41.32787],[2.15884,41.32774],[2.15917,41.32721],[2.16389,41.33792],[2.16518,41.33759],[2.16539,41.33831],[2.16411,41.33839],[2.16492,41.34026],[2.1656,41.34017],[2.16532,41.34117],[2.16623,41.34125],[2.16361,41.34167],[2.16424,41.34223],[2.16108,41.34207],[2.16118,41.34259],[2.15948,41.34325],[2.15632,41.34187],[2.15407,41.33902],[2.14894,41.33002],[2.14844,41.3301],[2.14593,41.33099],[2.14728,41.3337],[2.14428,41.33475],[2.14562,41.33655],[2.14956,41.33667],[2.15092,41.34648],[2.15186,41.34641],[2.1518,41.34573],[2.15195,41.3464],[2.15274,41.34634],[2.15331,41.3427],[2.16337,41.34864],[2.16691,41.34714],[2.17305,41.3565],[2.1699,41.35865],[2.17094,41.36025],[2.17547,41.35864],[2.17674,41.36055],[2.17347,41.36204],[2.17598,41.36533],[2.17928,41.36412],[2.17932,41.36356],[2.18074,41.36578],[2.17652,41.36713],[2.17709,41.37215],[2.18211,41.37041],[2.18299,41.37161],[2.17798,41.37414],[2.17919,41.37566],[2.18095,41.37497],[2.17952,41.37607],[2.18231,41.37955],[2.18326,41.37755],[2.18149,41.37536],[2.18209,41.37468],[2.18109,41.37503],[2.18305,41.37434],[2.18522,41.3768],[2.18367,41.38044],[2.18466,41.38067],[2.18554,41.38029],[2.18466,41.38005],[2.18599,41.37983],[2.18487,41.37953],[2.18594,41.37977],[2.18662,41.37922],[2.18496,41.37902],[2.18514,41.37859],[2.18664,41.37917],[2.18725,41.3776],[2.18644,41.37741],[2.18719,41.37723],[2.18672,41.37555],[2.18474,41.37503],[2.18528,41.37492],[2.18454,41.37458],[2.18521,41.37448],[2.18448,41.37417],[2.18513,41.37403],[2.18445,41.37376],[2.18506,41.37358],[2.1844,41.37336],[2.18494,41.37279],[2.18424,41.37295],[2.18564,41.37263],[2.18595,41.37454],[2.18667,41.37481],[2.18749,41.37455],[2.18682,41.37329],[2.18754,41.37316],[2.1874,41.37227],[2.18478,41.37184],[2.18462,41.3686],[2.18524,41.36809],[2.18595,41.36802],[2.18617,41.37013],[2.18721,41.37001],[2.18667,41.36691],[2.18494,41.36526],[2.18661,41.36402],[2.18618,41.36436],[2.18676,41.3653],[2.18733,41.36511],[2.18679,41.36534],[2.18729,41.36615],[2.18802,41.36594],[2.18731,41.36619],[2.18766,41.36676],[2.18853,41.3665],[2.18768,41.36679],[2.18796,41.36725],[2.18924,41.36657],[2.18664,41.36339],[2.18706,41.36294],[2.18627,41.3607],[2.18528,41.35812],[2.18459,41.3579],[2.18536,41.35773],[2.18784,41.36354],[2.19186,41.36986],[2.19006,41.36959],[2.18938,41.37127],[2.19123,41.37588],[2.19278,41.377],[2.19279,41.37899],[2.19463,41.3811],[2.19687,41.38025],[2.1954,41.38104],[2.19569,41.38145],[2.19733,41.38109],[2.19532,41.38169],[2.19542,41.3829],[2.19667,41.38415],[2.19998,41.38519],[2.19831,41.3869],[2.20045,41.38833],[2.20196,41.38719],[2.2002,41.38587],[2.20059,41.38557],[2.20274,41.38661],[2.2008,41.38461],[2.19885,41.38363],[2.20067,41.38381],[2.19948,41.3836],[2.20167,41.38499],[2.20362,41.38741],[2.20339,41.38816],[2.20276,41.38769],[2.20131,41.38879],[2.20187,41.38981],[2.20446,41.3912],[2.2059,41.3903],[2.20457,41.39145],[2.20635,41.39069],[2.20542,41.39188],[2.20887,41.3955],[2.20987,41.3958],[2.21113,41.39474],[2.21158,41.39478],[2.21131,41.39535],[2.2119,41.39505],[2.2106,41.39613],[2.2108,41.39677],[2.2135,41.3993],[2.21428,41.39949],[2.21555,41.39861],[2.2141,41.40024],[2.21667,41.40279],[2.21835,41.40208],[2.21685,41.40313],[2.21801,41.40434],[2.22008,41.40532],[2.22188,41.40402],[2.22091,41.40516],[2.22153,41.40557],[2.22191,41.40509],[2.2237,41.40641],[2.22579,41.406],[2.22475,41.40691],[2.225,41.4073],[2.22615,41.40663],[2.22615,41.40721],[2.22544,41.40732],[2.22728,41.41049],[2.22795,41.41089],[2.22848,41.4107],[2.22812,41.41008],[2.22891,41.41023],[2.22956,41.41179],[2.22677,41.41385],[2.22553,41.41286],[2.22503,41.41323],[2.22642,41.41393],[2.22749,41.41546],[2.22924,41.41334],[2.22865,41.41297],[2.2299,41.41347],[2.23056,41.41261],[2.22998,41.41355],[2.23293,41.41467],[2.22905,41.40905],[2.22978,41.40898],[2.23347,41.41509],[2.23227,41.41484],[2.23189,41.41574],[2.23272,41.41783],[2.23356,41.41836],[2.23299,41.41904],[2.23438,41.42208],[2.23678,41.42464],[2.23963,41.43065],[2.24094,41.43057],[2.24012,41.43105],[2.24088,41.43091],[2.24036,41.43174],[2.24203,41.43215],[2.24239,41.43327],[2.24183,41.43256],[2.24051,41.43282],[2.24078,41.43359],[2.23982,41.43378],[2.24252,41.43362],[2.24272,41.43419],[2.24036,41.43466],[2.24084,41.43601],[2.24164,41.43698],[2.24435,41.43643],[2.24282,41.43119],[2.245,41.43715],[2.24432,41.43757],[2.24563,41.43747],[2.24481,41.43773],[2.24507,41.43854],[2.25087,41.44619],[2.26235,41.45626],[2.26588,41.45877],[2.26998,41.46061],[2.26814,41.46335],[2.26494,41.46566],[2.26138,41.47068],[2.24816,41.48488],[2.24745,41.48769],[2.24705,41.48859],[2.24622,41.48869],[2.24588,41.4903],[2.23408,41.49196]]]]}},{"type":"Feature","properties":{"comarca":"14","nom_comar":"Berguedà"},"geometry":{"type":"MultiPolygon","coordinates":[[[[1.65924,42.11476],[1.65527,42.11326],[1.64715,42.11403],[1.6445,42.11147],[1.65086,42.11031],[1.65266,42.10911],[1.66308,42.10531],[1.67086,42.10488],[1.67883,42.10327],[1.68393,42.10367],[1.68698,42.10471],[1.6914,42.10457],[1.69197,42.1059],[1.6913,42.10686],[1.69202,42.10757],[1.69494,42.10759],[1.69551,42.10816],[1.69388,42.10884],[1.69198,42.1118],[1.69217,42.11292],[1.68928,42.1128],[1.68156,42.11429],[1.65924,42.11476]],[[1.9181,42.31761],[1.91236,42.31873],[1.90591,42.32235],[1.90278,42.32296],[1.8997,42.32251],[1.89292,42.32109],[1.89306,42.31859],[1.89098,42.31739],[1.88333,42.31724],[1.88289,42.3152],[1.87872,42.31262],[1.87281,42.31352],[1.86755,42.31204],[1.86515,42.31199],[1.86375,42.31109],[1.86118,42.31331],[1.8596,42.31173],[1.85741,42.31071],[1.85013,42.31032],[1.84304,42.3064],[1.83966,42.30532],[1.83638,42.30553],[1.8332,42.30229],[1.83298,42.30055],[1.82931,42.30074],[1.82694,42.29977],[1.81793,42.29958],[1.81382,42.30226],[1.81203,42.3016],[1.80447,42.30194],[1.79802,42.29875],[1.79711,42.29728],[1.7972,42.29463],[1.79353,42.29368],[1.78774,42.29422],[1.78586,42.29329],[1.78066,42.29262],[1.77919,42.29079],[1.77718,42.29043],[1.76213,42.29332],[1.75082,42.29078],[1.74399,42.29006],[1.74087,42.29091],[1.73735,42.28866],[1.73634,42.28571],[1.73674,42.28458],[1.73406,42.28388],[1.72643,42.28371],[1.72369,42.28305],[1.72246,42.28355],[1.71875,42.28339],[1.71724,42.28469],[1.71673,42.28676],[1.71542,42.28773],[1.70194,42.28471],[1.69377,42.28626],[1.68652,42.28508],[1.67724,42.28515],[1.67496,42.28568],[1.67324,42.28377],[1.67116,42.28336],[1.67059,42.28126],[1.67199,42.28023],[1.67539,42.27983],[1.67821,42.27854],[1.68059,42.27874],[1.68367,42.27602],[1.69007,42.27709],[1.69432,42.26399],[1.68544,42.26033],[1.68449,42.25889],[1.68461,42.25644],[1.67854,42.25562],[1.67618,42.25615],[1.66364,42.25445],[1.66094,42.25251],[1.65847,42.25344],[1.65041,42.25142],[1.63862,42.24741],[1.63336,42.24377],[1.63285,42.2412],[1.62697,42.23907],[1.62606,42.23812],[1.62546,42.23249],[1.61729,42.22376],[1.61019,42.21267],[1.61171,42.2078],[1.6118,42.20438],[1.61378,42.20332],[1.61384,42.20101],[1.61601,42.20299],[1.62054,42.20193],[1.62568,42.19782],[1.63505,42.19833],[1.64186,42.19654],[1.64313,42.19398],[1.6419,42.19212],[1.64389,42.18937],[1.64652,42.18783],[1.65067,42.1778],[1.65292,42.17695],[1.65492,42.17461],[1.65473,42.1724],[1.65659,42.17014],[1.65227,42.16941],[1.65825,42.16524],[1.66246,42.16591],[1.66722,42.16325],[1.66957,42.163],[1.66962,42.16423],[1.6684,42.16635],[1.66921,42.16962],[1.67307,42.16941],[1.67497,42.16845],[1.676,42.16881],[1.67817,42.16757],[1.67877,42.16761],[1.68053,42.17016],[1.68269,42.16642],[1.68387,42.16634],[1.6856,42.17008],[1.68498,42.17147],[1.68556,42.17197],[1.68725,42.17183],[1.6888,42.17059],[1.69103,42.17048],[1.69191,42.17061],[1.69108,42.17183],[1.69379,42.17241],[1.70097,42.16961],[1.7035,42.16665],[1.70685,42.16516],[1.70791,42.16366],[1.7081,42.16109],[1.71636,42.16551],[1.72588,42.16631],[1.72701,42.16717],[1.72798,42.17064],[1.7257,42.17434],[1.7288,42.17808],[1.72879,42.18021],[1.7315,42.18394],[1.73658,42.18345],[1.73473,42.18133],[1.73794,42.17677],[1.73807,42.17489],[1.73646,42.17244],[1.73697,42.16598],[1.73831,42.1643],[1.73832,42.16323],[1.73513,42.16054],[1.7348,42.15895],[1.72897,42.15836],[1.72557,42.15347],[1.7206,42.15182],[1.71614,42.15458],[1.7138,42.15472],[1.70978,42.15133],[1.70957,42.15008],[1.70787,42.14995],[1.70708,42.14609],[1.70486,42.14251],[1.70241,42.14155],[1.70388,42.14027],[1.70044,42.13589],[1.69849,42.1346],[1.70052,42.13011],[1.69956,42.12791],[1.70627,42.1239],[1.70751,42.1223],[1.70883,42.12283],[1.70945,42.12164],[1.70906,42.12098],[1.7123,42.11903],[1.71194,42.1161],[1.7095,42.10972],[1.70606,42.1077],[1.70445,42.10598],[1.71157,42.10171],[1.71795,42.1015],[1.72287,42.10008],[1.72215,42.09128],[1.71991,42.08845],[1.71817,42.08752],[1.71685,42.0845],[1.71222,42.08483],[1.71052,42.08342],[1.70763,42.08244],[1.69118,42.08679],[1.68827,42.08109],[1.68788,42.07811],[1.68836,42.07748],[1.68964,42.07748],[1.69113,42.0754],[1.68693,42.06842],[1.67463,42.05865],[1.67475,42.05301],[1.67338,42.05072],[1.67215,42.04541],[1.67056,42.04424],[1.67251,42.04269],[1.67312,42.04153],[1.67247,42.04067],[1.67415,42.03914],[1.6792,42.03827],[1.68043,42.04531],[1.68309,42.04845],[1.68423,42.04875],[1.68423,42.04727],[1.68492,42.04695],[1.6927,42.04555],[1.69413,42.04262],[1.69726,42.03889],[1.69737,42.03654],[1.69436,42.03494],[1.6997,42.02887],[1.69702,42.02598],[1.69418,42.02812],[1.68931,42.02735],[1.68966,42.0264],[1.68396,42.02474],[1.67834,42.01839],[1.6748,42.01907],[1.67415,42.01763],[1.66992,42.01561],[1.66861,42.0128],[1.67013,42.00653],[1.66634,42.00301],[1.66104,42.00609],[1.66482,42.00741],[1.66562,42.01003],[1.66211,42.01076],[1.6615,42.01348],[1.66154,42.01445],[1.66503,42.01862],[1.6644,42.02162],[1.66148,42.02271],[1.65775,42.02153],[1.65482,42.01959],[1.65534,42.01736],[1.65137,42.01349],[1.65129,42.01196],[1.65279,42.00886],[1.65209,42.00469],[1.64707,41.99993],[1.64769,41.99926],[1.65052,41.99935],[1.65104,41.99877],[1.65022,41.99715],[1.65196,41.99389],[1.65141,41.99265],[1.65197,41.99205],[1.65314,41.9934],[1.65506,41.99333],[1.65514,41.99467],[1.65696,41.99832],[1.65446,41.99959],[1.6577,42.00291],[1.66191,42.00126],[1.66167,41.99806],[1.66113,41.99741],[1.66158,41.99684],[1.66119,41.99168],[1.66219,41.99112],[1.66712,41.99056],[1.67298,41.99215],[1.67672,41.9943],[1.6812,41.99411],[1.68477,41.99513],[1.68979,41.99064],[1.69096,41.99111],[1.69199,41.99056],[1.69219,41.98848],[1.6914,41.98677],[1.69743,41.98568],[1.69777,41.98855],[1.69601,41.99147],[1.69884,41.99348],[1.69009,42.00511],[1.6947,42.01319],[1.69664,42.01414],[1.69867,42.01381],[1.70747,42.00709],[1.70658,42.003],[1.70725,42.0019],[1.71133,42.00257],[1.71741,41.99974],[1.71794,41.99775],[1.71589,41.99743],[1.71437,41.99815],[1.71735,41.99417],[1.71537,41.99342],[1.71485,41.99174],[1.71245,41.99253],[1.71299,41.99135],[1.71622,41.98944],[1.71634,41.98638],[1.71911,41.98609],[1.71931,41.98501],[1.71765,41.98439],[1.71727,41.983],[1.71011,41.97975],[1.69674,41.97582],[1.69327,41.97333],[1.6824,41.96765],[1.67755,41.96916],[1.6708,41.96835],[1.66983,41.97082],[1.66778,41.97031],[1.67021,41.97655],[1.67393,41.98085],[1.67434,41.98274],[1.6671,41.98506],[1.66402,41.98474],[1.65919,41.98316],[1.66015,41.98139],[1.65887,41.97804],[1.65423,41.98064],[1.64884,41.97966],[1.65111,41.97838],[1.6452,41.97113],[1.64423,41.96866],[1.64529,41.96601],[1.6441,41.96392],[1.64514,41.96228],[1.64472,41.95956],[1.64572,41.95853],[1.64865,41.95745],[1.6489,41.9565],[1.65075,41.95751],[1.65416,41.95798],[1.65781,41.96087],[1.66127,41.96223],[1.66353,41.96218],[1.66628,41.95942],[1.67056,41.95738],[1.66986,41.95444],[1.67105,41.95261],[1.67418,41.95071],[1.67401,41.94786],[1.67804,41.94735],[1.67881,41.94384],[1.67785,41.94272],[1.68305,41.93967],[1.6857,41.93738],[1.68682,41.93731],[1.68813,41.93894],[1.70251,41.93931],[1.71616,41.94322],[1.71646,41.94153],[1.71952,41.93735],[1.71953,41.93148],[1.72162,41.93071],[1.72206,41.92943],[1.72397,41.92943],[1.72684,41.92745],[1.72934,41.92694],[1.73336,41.92492],[1.73046,41.9184],[1.73447,41.91672],[1.7416,41.91631],[1.75122,41.91686],[1.75452,41.92069],[1.75494,41.92212],[1.76011,41.91562],[1.76262,41.91757],[1.76523,41.9169],[1.76486,41.91413],[1.76681,41.91146],[1.77446,41.91339],[1.78758,41.9195],[1.79564,41.92015],[1.80031,41.91929],[1.80504,41.92346],[1.80973,41.92582],[1.81911,41.92284],[1.82474,41.91982],[1.82668,41.91623],[1.83208,41.9138],[1.83293,41.9104],[1.83706,41.91007],[1.83813,41.90937],[1.83951,41.90974],[1.84238,41.90803],[1.84327,41.90484],[1.8397,41.90252],[1.84081,41.9015],[1.84115,41.89965],[1.84376,41.89978],[1.8457,41.89894],[1.8449,41.89779],[1.84531,41.89721],[1.84764,41.89846],[1.84764,41.9008],[1.85045,41.90105],[1.84882,41.90237],[1.84676,41.90254],[1.84773,41.90617],[1.84577,41.90755],[1.84598,41.90879],[1.8485,41.91163],[1.84827,41.91623],[1.86387,41.91654],[1.86776,41.91244],[1.87106,41.91047],[1.87352,41.91022],[1.87772,41.90857],[1.88001,41.90642],[1.88187,41.9066],[1.88403,41.90575],[1.88603,41.90614],[1.88638,41.90872],[1.88547,41.9102],[1.88303,41.91112],[1.88285,41.91179],[1.88592,41.91648],[1.88569,41.91951],[1.88618,41.92069],[1.88257,41.92358],[1.88331,41.92544],[1.88214,41.92667],[1.88541,41.93236],[1.88534,41.93755],[1.89013,41.93732],[1.89752,41.93846],[1.89841,41.93955],[1.8979,41.94036],[1.89403,41.94139],[1.89582,41.94311],[1.89753,41.94342],[1.89858,41.94487],[1.89927,41.94461],[1.90001,41.94283],[1.90153,41.94442],[1.90422,41.94536],[1.90898,41.94937],[1.91721,41.95203],[1.9223,41.95442],[1.92701,41.95991],[1.93692,41.96546],[1.94906,41.96524],[1.95135,41.96721],[1.95487,41.96624],[1.97029,41.9199],[1.98369,41.91886],[1.98331,41.922],[1.98535,41.92419],[1.9753,41.92957],[1.97213,41.93335],[1.97068,41.93691],[1.97438,41.93804],[1.97585,41.94002],[1.97502,41.94108],[1.97709,41.95143],[1.97691,41.95498],[1.97857,41.95379],[1.98447,41.9571],[1.98794,41.95776],[1.99632,41.96108],[1.99139,41.96669],[1.98559,41.96965],[1.99832,41.97752],[1.99674,41.97927],[1.99684,41.98157],[1.99429,41.98813],[1.99475,41.98981],[1.99612,41.99108],[1.99967,41.99019],[2.00542,41.9949],[2.00636,41.9961],[2.00575,41.99955],[2.00625,42.00062],[2.00733,42.00088],[2.00803,42.00283],[2.00817,42.00372],[2.00712,42.00447],[2.00769,42.00886],[2.01064,42.01321],[2.02147,42.02384],[2.02155,42.02621],[2.01823,42.02835],[2.01307,42.02853],[2.01004,42.02968],[2.00525,42.02975],[2.00327,42.03035],[1.99939,42.02958],[1.99664,42.02798],[1.99546,42.02832],[1.99709,42.03072],[1.99898,42.03101],[1.99961,42.03179],[1.99733,42.03606],[2.00027,42.03903],[2.00259,42.03951],[2.003,42.04406],[2.00451,42.04661],[2.00479,42.04838],[2.00544,42.04923],[2.00712,42.04936],[2.00764,42.05005],[2.00636,42.05289],[2.00758,42.05416],[2.0081,42.0577],[2.00999,42.06077],[2.00862,42.06229],[2.00859,42.06469],[2.00766,42.06733],[2.00823,42.06955],[2.00954,42.07094],[2.00841,42.07384],[2.00997,42.07844],[2.00937,42.08054],[2.01014,42.08213],[2.00998,42.0831],[2.00811,42.08515],[2.01372,42.09367],[2.02533,42.09632],[2.02721,42.0951],[2.02592,42.09295],[2.0306,42.08195],[2.03471,42.07714],[2.04533,42.08104],[2.04291,42.08107],[2.04163,42.08184],[2.0399,42.08649],[2.03974,42.08737],[2.04246,42.09237],[2.05304,42.09454],[2.05387,42.09066],[2.05768,42.08768],[2.06022,42.09458],[2.06246,42.09862],[2.0569,42.10102],[2.04563,42.10447],[2.05449,42.10751],[2.0507,42.11654],[2.0496,42.12161],[2.06406,42.12189],[2.06804,42.12269],[2.06765,42.1247],[2.06825,42.12603],[2.07014,42.12686],[2.06894,42.12802],[2.07075,42.129],[2.07005,42.13187],[2.06768,42.13443],[2.06044,42.13518],[2.05376,42.13787],[2.05399,42.139],[2.05132,42.14309],[2.04961,42.14282],[2.04738,42.14379],[2.04454,42.14386],[2.04059,42.14268],[2.03731,42.14275],[2.03349,42.14764],[2.03402,42.14843],[2.03327,42.1504],[2.03206,42.15145],[2.02799,42.15272],[2.02566,42.15283],[2.02041,42.15093],[2.01406,42.14975],[2.00409,42.14975],[2.00594,42.15176],[2.0036,42.15308],[2.00541,42.15396],[2.0058,42.15478],[2.00296,42.15542],[2.00266,42.15663],[1.99764,42.16144],[1.99046,42.17139],[1.99202,42.17187],[1.99215,42.17263],[1.99058,42.17489],[1.98965,42.17518],[1.98934,42.17639],[1.99161,42.17846],[1.99118,42.18128],[1.99183,42.18213],[1.99097,42.18243],[1.98476,42.18037],[1.97828,42.18187],[1.97071,42.1801],[1.9701,42.17956],[1.97039,42.178],[1.96554,42.17874],[1.96528,42.1833],[1.964,42.18716],[1.965,42.19614],[1.96465,42.19883],[1.9696,42.19702],[1.97661,42.19849],[1.97962,42.19622],[1.98615,42.19427],[1.98865,42.19475],[1.99065,42.19419],[2.00773,42.19364],[1.99902,42.19259],[1.99767,42.19134],[1.9989,42.18772],[2.00025,42.18605],[2.00586,42.18299],[2.00084,42.1758],[1.9959,42.17201],[2.00401,42.16646],[2.00466,42.16246],[2.00781,42.16219],[2.01111,42.16304],[2.01279,42.16423],[2.02313,42.16447],[2.02543,42.16622],[2.028,42.16664],[2.02819,42.16916],[2.03037,42.17018],[2.03157,42.17202],[2.03099,42.17464],[2.03149,42.17636],[2.03753,42.17856],[2.04001,42.17707],[2.04244,42.17734],[2.04385,42.17601],[2.05606,42.17467],[2.0579,42.17551],[2.05796,42.17653],[2.06022,42.17716],[2.05923,42.17855],[2.06152,42.17959],[2.06165,42.18872],[2.06342,42.19152],[2.06053,42.19496],[2.05438,42.19451],[2.05219,42.19542],[2.05289,42.19605],[2.05264,42.19898],[2.05319,42.2006],[2.05208,42.20234],[2.05212,42.20463],[2.0499,42.20824],[2.05012,42.21192],[2.05107,42.21366],[2.04975,42.21555],[2.05023,42.21657],[2.0527,42.21789],[2.05311,42.21945],[2.04805,42.22118],[2.03942,42.22077],[2.03471,42.21907],[2.03,42.21565],[2.02768,42.22004],[2.02509,42.22274],[2.02348,42.22607],[2.01944,42.22816],[2.01883,42.23039],[2.01703,42.23218],[2.02124,42.23128],[2.0248,42.23262],[2.0253,42.23394],[2.02484,42.23886],[2.02604,42.23941],[2.02891,42.24266],[2.02968,42.24479],[2.02931,42.24766],[2.02861,42.24848],[2.02957,42.2506],[2.02869,42.25159],[2.02906,42.2525],[2.02802,42.25267],[2.0303,42.25444],[2.03098,42.2563],[2.0334,42.25683],[2.03428,42.25823],[2.03607,42.25828],[2.04015,42.26002],[2.04122,42.26412],[2.04316,42.26809],[2.04266,42.26952],[2.04398,42.27095],[2.04634,42.27183],[2.0481,42.2742],[2.05043,42.2739],[2.05175,42.27437],[2.05337,42.27653],[2.0531,42.27822],[2.05581,42.28066],[2.05715,42.28025],[2.06018,42.28187],[2.06372,42.28219],[2.06764,42.28379],[2.06783,42.28526],[2.06985,42.28712],[2.0703,42.2891],[2.06932,42.29099],[2.06692,42.28988],[2.06285,42.29167],[2.06154,42.29373],[2.04947,42.29662],[2.04499,42.29978],[2.03956,42.30211],[2.03812,42.30395],[2.03564,42.30476],[2.03469,42.30573],[2.02645,42.30674],[2.02288,42.3094],[2.01872,42.31033],[2.01689,42.30931],[2.01617,42.30789],[2.01388,42.30736],[2.01262,42.30833],[2.00856,42.30723],[2.0056,42.30752],[2.00176,42.30538],[1.99589,42.30373],[1.99238,42.30058],[1.98978,42.30111],[1.98445,42.29999],[1.98358,42.29802],[1.97729,42.30128],[1.96939,42.30325],[1.9526,42.31395],[1.94955,42.31534],[1.94853,42.31516],[1.94745,42.31311],[1.94322,42.30924],[1.94315,42.30837],[1.94195,42.31239],[1.94019,42.31553],[1.9374,42.31712],[1.93181,42.31876],[1.92272,42.31718],[1.9181,42.31761]],[[2.02152,42.12758],[2.02015,42.1305],[2.02069,42.131],[2.02512,42.13043],[2.02655,42.12906],[2.02882,42.12879],[2.02951,42.12702],[2.0315,42.12614],[2.03056,42.12497],[2.02948,42.12108],[2.0191,42.12097],[2.0189,42.12021],[2.02173,42.11946],[2.02043,42.11743],[2.01984,42.11366],[2.01838,42.11257],[2.01745,42.10946],[2.01516,42.10801],[2.01229,42.10845],[2.00991,42.10713],[2.00828,42.10728],[2.00762,42.10648],[2.00661,42.11529],[2.00538,42.11609],[2.00406,42.11587],[2.00268,42.11776],[2.00346,42.11882],[2.00187,42.11985],[2.00082,42.11965],[2.00176,42.1206],[2.0056,42.12108],[2.00512,42.12274],[2.00238,42.12534],[2.01162,42.12693],[2.01677,42.12617],[2.0182,42.12638],[2.01793,42.12708],[2.02081,42.12704],[2.02152,42.12758]]]]}},{"type":"Feature","properties":{"comarca":"15","nom_comar":"Cerdanya"},"geometry":{"type":"MultiPolygon","coordinates":[[[[1.99293,42.4907],[1.98963,42.49369],[1.97915,42.49499],[1.97847,42.49459],[1.97804,42.49166],[1.9771,42.49067],[1.97809,42.48864],[1.97812,42.48597],[1.97245,42.48487],[1.97055,42.48053],[1.96308,42.47871],[1.96154,42.47265],[1.95798,42.46432],[1.95656,42.45794],[1.95983,42.45329],[1.96918,42.45188],[1.97076,42.45084],[1.98392,42.44674],[2.00302,42.44696],[2.0093,42.4485],[2.01278,42.44836],[2.01439,42.45179],[2.01196,42.45302],[2.01054,42.45586],[2.00646,42.45661],[1.99724,42.46081],[1.99265,42.46205],[1.99183,42.46261],[1.99188,42.46591],[1.98918,42.46896],[1.98736,42.46976],[1.98635,42.47486],[1.9867,42.47572],[1.98955,42.47752],[1.9927,42.48428],[1.99842,42.48532],[1.99293,42.4907]],[[1.67986,42.49452],[1.67582,42.49716],[1.67333,42.49955],[1.67134,42.50301],[1.66998,42.50419],[1.66958,42.50394],[1.66752,42.50017],[1.6656,42.49819],[1.66564,42.49613],[1.66199,42.4931],[1.66303,42.491],[1.66163,42.48461],[1.66288,42.4798],[1.65998,42.47861],[1.66251,42.47445],[1.66178,42.47302],[1.65926,42.47171],[1.65702,42.46822],[1.65337,42.46699],[1.65071,42.46691],[1.64816,42.46748],[1.6467,42.46863],[1.64238,42.46669],[1.64017,42.46641],[1.63587,42.46805],[1.63111,42.46468],[1.63144,42.46296],[1.62991,42.46403],[1.62733,42.46414],[1.62204,42.46575],[1.61942,42.46492],[1.61388,42.46542],[1.60729,42.46443],[1.60015,42.4668],[1.59737,42.46632],[1.59275,42.46439],[1.58986,42.46389],[1.58569,42.46041],[1.58093,42.45018],[1.5825,42.4492],[1.58453,42.44921],[1.59263,42.44652],[1.59685,42.44384],[1.59732,42.44208],[1.59649,42.43958],[1.60307,42.42964],[1.60199,42.42554],[1.60109,42.42452],[1.60446,42.42221],[1.60773,42.41811],[1.61184,42.41693],[1.62018,42.41317],[1.62248,42.41068],[1.6252,42.40621],[1.63707,42.40399],[1.64603,42.39886],[1.64775,42.39671],[1.64632,42.39229],[1.65001,42.39026],[1.65228,42.3863],[1.65494,42.38409],[1.65719,42.37603],[1.65401,42.3715],[1.65286,42.36574],[1.65482,42.36528],[1.65581,42.3663],[1.65756,42.36647],[1.66009,42.3616],[1.65659,42.35658],[1.65673,42.35481],[1.65495,42.35346],[1.65149,42.34824],[1.65003,42.34765],[1.6589,42.3367],[1.65811,42.33507],[1.65496,42.33243],[1.653,42.30018],[1.65153,42.28643],[1.65271,42.28437],[1.65793,42.2825],[1.66099,42.28257],[1.66344,42.28089],[1.66703,42.27965],[1.66951,42.28063],[1.67116,42.28336],[1.67324,42.28377],[1.67496,42.28568],[1.67724,42.28515],[1.68652,42.28508],[1.69377,42.28626],[1.70194,42.28471],[1.71542,42.28773],[1.71673,42.28676],[1.71724,42.28469],[1.71845,42.28354],[1.72369,42.28305],[1.73674,42.28458],[1.73634,42.28571],[1.73735,42.28866],[1.74087,42.29091],[1.74399,42.29006],[1.75082,42.29078],[1.76213,42.29332],[1.76739,42.29204],[1.77119,42.29192],[1.77485,42.29053],[1.77806,42.29053],[1.77919,42.29079],[1.78158,42.29294],[1.78586,42.29329],[1.78774,42.29422],[1.79288,42.29358],[1.7972,42.29463],[1.79711,42.29728],[1.79802,42.29875],[1.80429,42.3019],[1.81203,42.3016],[1.81382,42.30226],[1.81793,42.29958],[1.82694,42.29977],[1.82931,42.30074],[1.83298,42.30055],[1.8332,42.30229],[1.83638,42.30553],[1.83966,42.30532],[1.84304,42.3064],[1.85013,42.31032],[1.85741,42.31071],[1.8596,42.31173],[1.86118,42.31331],[1.86375,42.31109],[1.86515,42.31199],[1.86755,42.31204],[1.87281,42.31352],[1.87872,42.31262],[1.88289,42.3152],[1.88333,42.31724],[1.89098,42.31739],[1.89306,42.31859],[1.89292,42.32109],[1.90278,42.32296],[1.90591,42.32235],[1.90983,42.31972],[1.91405,42.31823],[1.92163,42.31714],[1.93181,42.31876],[1.9374,42.31712],[1.94019,42.31553],[1.94195,42.31239],[1.94315,42.30837],[1.94322,42.30924],[1.94745,42.31311],[1.94866,42.3153],[1.95094,42.31476],[1.95535,42.3121],[1.96001,42.32479],[1.95881,42.32643],[1.95889,42.32826],[1.96143,42.33202],[1.96526,42.33268],[1.97002,42.3309],[1.97788,42.3317],[1.97997,42.33095],[1.98469,42.33121],[1.98553,42.33251],[1.98834,42.33255],[1.99077,42.33464],[1.99137,42.33632],[1.99063,42.3386],[1.99057,42.34176],[1.98791,42.34354],[1.9944,42.34305],[1.99551,42.34197],[2.00189,42.34177],[2.00682,42.34306],[2.01607,42.34709],[2.01248,42.34988],[2.0124,42.35287],[2.00719,42.3531],[2.00332,42.3559],[2.00125,42.35534],[1.99889,42.35563],[1.99593,42.35938],[1.99443,42.36008],[1.99144,42.35911],[1.98944,42.35993],[1.98796,42.36156],[1.98641,42.36193],[1.97917,42.3716],[1.97586,42.37183],[1.97242,42.37333],[1.96981,42.37702],[1.96749,42.37855],[1.96471,42.38181],[1.96434,42.3851],[1.96485,42.38761],[1.9609,42.39098],[1.96014,42.39331],[1.96139,42.40131],[1.96056,42.4043],[1.95572,42.40989],[1.95511,42.41161],[1.95601,42.41275],[1.95638,42.41679],[1.95857,42.42414],[1.95609,42.42487],[1.95356,42.42669],[1.9446,42.42807],[1.94096,42.43003],[1.9407,42.43374],[1.943,42.44083],[1.94291,42.44445],[1.93699,42.45369],[1.93272,42.45464],[1.92075,42.44694],[1.9163,42.44624],[1.91126,42.44761],[1.90928,42.44705],[1.90666,42.44857],[1.90349,42.44866],[1.90087,42.4498],[1.8982,42.45001],[1.89662,42.44962],[1.89575,42.44759],[1.89117,42.44772],[1.88981,42.44993],[1.88698,42.44929],[1.88461,42.4498],[1.88303,42.45742],[1.88114,42.45983],[1.86508,42.4662],[1.86221,42.46598],[1.85952,42.46247],[1.8547,42.46408],[1.85247,42.46628],[1.8476,42.46815],[1.84615,42.4725],[1.84375,42.47483],[1.84375,42.47662],[1.83511,42.48149],[1.8343,42.48247],[1.82715,42.48378],[1.82499,42.48487],[1.82342,42.48663],[1.81672,42.48316],[1.80802,42.48691],[1.8043,42.49039],[1.79195,42.48551],[1.76273,42.48751],[1.76267,42.48677],[1.75955,42.49028],[1.75304,42.49134],[1.74955,42.49434],[1.74679,42.49557],[1.74414,42.49462],[1.73905,42.49448],[1.7301,42.49239],[1.73038,42.49344],[1.72905,42.49578],[1.72859,42.49872],[1.7259,42.50271],[1.72566,42.50468],[1.71137,42.49226],[1.70361,42.4898],[1.69032,42.49495],[1.68585,42.49548],[1.68318,42.49434],[1.67986,42.49452]]]]}},{"type":"Feature","properties":{"comarca":"16","nom_comar":"Conca de Barberà"},"geometry":{"type":"MultiPolygon","coordinates":[[[[1.43519,41.57657],[1.43358,41.57868],[1.4263,41.58023],[1.41937,41.58286],[1.4152,41.58258],[1.41178,41.58028],[1.41021,41.57552],[1.39513,41.57741],[1.39253,41.5752],[1.39482,41.57018],[1.39501,41.56768],[1.40223,41.56471],[1.40319,41.55788],[1.38528,41.55586],[1.38287,41.55654],[1.38265,41.55821],[1.38013,41.56143],[1.37173,41.56526],[1.36901,41.56501],[1.36679,41.56592],[1.34537,41.56802],[1.32885,41.56697],[1.31221,41.56876],[1.30424,41.57146],[1.30337,41.57119],[1.3022,41.56949],[1.29791,41.56855],[1.29405,41.56639],[1.27653,41.56991],[1.27091,41.57205],[1.25869,41.56756],[1.25534,41.57125],[1.25116,41.57128],[1.24731,41.5698],[1.24645,41.57079],[1.24501,41.56882],[1.24334,41.56829],[1.23394,41.57138],[1.2321,41.57074],[1.23135,41.56935],[1.22577,41.57046],[1.21969,41.56972],[1.21574,41.56716],[1.21651,41.56217],[1.21263,41.55907],[1.21169,41.55625],[1.21314,41.55168],[1.21069,41.54869],[1.19769,41.54371],[1.19196,41.54284],[1.18658,41.54366],[1.18088,41.54329],[1.17115,41.54049],[1.16832,41.54027],[1.16648,41.53714],[1.1759,41.53452],[1.17619,41.53377],[1.17122,41.5325],[1.16716,41.53296],[1.16464,41.53465],[1.16409,41.53429],[1.16904,41.53134],[1.17394,41.53131],[1.17139,41.52781],[1.17007,41.51924],[1.16807,41.51745],[1.16542,41.51772],[1.16362,41.5132],[1.16472,41.50849],[1.16537,41.50854],[1.16675,41.5054],[1.17024,41.50441],[1.17186,41.50271],[1.17483,41.502],[1.17572,41.50112],[1.17518,41.49835],[1.17679,41.49626],[1.17622,41.49356],[1.17978,41.48843],[1.17573,41.48679],[1.17247,41.48749],[1.17099,41.48619],[1.16184,41.48246],[1.13086,41.47732],[1.12922,41.47554],[1.12964,41.47425],[1.12058,41.4712],[1.11919,41.47019],[1.11657,41.47021],[1.11635,41.46941],[1.11285,41.46871],[1.11165,41.4673],[1.10807,41.46717],[1.10701,41.46885],[1.10734,41.47014],[1.10647,41.47154],[1.10644,41.47322],[1.10458,41.47535],[1.09406,41.47818],[1.09111,41.47652],[1.08614,41.4783],[1.08292,41.47964],[1.07901,41.48374],[1.06899,41.48704],[1.06426,41.48739],[1.06162,41.48887],[1.06013,41.4911],[1.05653,41.49377],[1.05348,41.49438],[1.04558,41.4992],[1.03945,41.50138],[1.03739,41.49892],[1.03833,41.49684],[1.04588,41.49084],[1.04851,41.48754],[1.04646,41.48441],[1.03746,41.47999],[1.04244,41.47709],[1.04298,41.4755],[1.04413,41.4745],[1.05667,41.46642],[1.06176,41.46512],[1.06404,41.46523],[1.06527,41.46407],[1.06689,41.46373],[1.06885,41.464],[1.07214,41.46243],[1.0755,41.45997],[1.07452,41.45816],[1.07252,41.457],[1.07048,41.45359],[1.06908,41.45407],[1.06795,41.45559],[1.06445,41.45457],[1.06361,41.45338],[1.06264,41.44832],[1.05916,41.44713],[1.05835,41.44587],[1.05866,41.44418],[1.05605,41.44324],[1.05542,41.44195],[1.05228,41.4432],[1.05028,41.44262],[1.04915,41.44116],[1.04641,41.44065],[1.04609,41.43949],[1.0475,41.43728],[1.04495,41.43572],[1.04469,41.43359],[1.04418,41.4321],[1.04315,41.43132],[1.04308,41.43009],[1.04004,41.42774],[1.04055,41.42498],[1.03852,41.42156],[1.03612,41.4209],[1.03142,41.4209],[1.0312,41.41979],[1.03258,41.41853],[1.03151,41.41693],[1.03012,41.41635],[1.02772,41.40926],[1.0247,41.40864],[1.02096,41.40554],[1.01635,41.40397],[1.01373,41.4036],[1.01029,41.40414],[1.0062,41.40557],[1.00285,41.40434],[1.0015,41.40329],[1.00124,41.4022],[1.00195,41.40073],[1.0033,41.39994],[0.99829,41.39877],[0.99334,41.39424],[0.99298,41.39321],[0.99384,41.39101],[0.992,41.38899],[0.98906,41.38934],[0.98196,41.39175],[0.97958,41.38656],[0.97468,41.38286],[0.97351,41.3808],[0.97272,41.37821],[0.97263,41.37329],[0.97102,41.37314],[0.97001,41.37183],[0.9658,41.36924],[0.96531,41.36807],[0.96246,41.36755],[0.96316,41.36437],[0.96166,41.36155],[0.963,41.3612],[0.96247,41.35998],[0.96335,41.35931],[0.96633,41.35858],[0.96435,41.35526],[0.95877,41.35492],[0.95157,41.3519],[0.951,41.3525],[0.9492,41.35231],[0.94493,41.34989],[0.94153,41.35007],[0.93839,41.34929],[0.93344,41.35016],[0.92167,41.34834],[0.92,41.3491],[0.91149,41.3494],[0.90493,41.34757],[0.90863,41.34344],[0.90805,41.34125],[0.90928,41.33816],[0.90636,41.33332],[0.90676,41.33223],[0.90614,41.33087],[0.90622,41.32803],[0.9075,41.32665],[0.93693,41.32024],[0.93845,41.31938],[0.94425,41.31897],[0.94947,41.31686],[0.95293,41.31694],[0.95334,41.31802],[0.9576,41.31915],[0.95901,41.32222],[0.96078,41.32315],[0.96383,41.32619],[0.96715,41.32701],[0.96883,41.32823],[0.97678,41.32918],[0.98247,41.33799],[0.98308,41.33945],[0.98218,41.34079],[0.9853,41.34544],[0.98612,41.34633],[0.99012,41.34768],[0.99426,41.35261],[0.99698,41.35264],[0.99883,41.3523],[1.00075,41.34821],[1.00488,41.34605],[1.00443,41.34143],[1.00345,41.33867],[1.00417,41.33565],[1.00168,41.33016],[1.00263,41.32693],[1.00534,41.32563],[1.0099,41.32796],[1.01359,41.32813],[1.01667,41.33133],[1.01957,41.33298],[1.02051,41.33191],[1.0189,41.33074],[1.02161,41.32863],[1.02454,41.32867],[1.02728,41.32606],[1.03146,41.32746],[1.03449,41.32964],[1.03704,41.32653],[1.04125,41.32543],[1.04443,41.32562],[1.04722,41.32497],[1.04938,41.32609],[1.0555,41.3264],[1.0604,41.32524],[1.06411,41.32629],[1.06689,41.32311],[1.06488,41.31986],[1.07515,41.32131],[1.07865,41.31847],[1.08074,41.31856],[1.09767,41.31526],[1.10409,41.31547],[1.10473,41.31456],[1.10607,41.31485],[1.10734,41.31416],[1.1078,41.31334],[1.1024,41.31051],[1.10312,41.30971],[1.10698,41.30815],[1.11377,41.3083],[1.11775,41.30641],[1.12635,41.30542],[1.13311,41.30568],[1.135,41.30737],[1.13835,41.30839],[1.14156,41.30808],[1.14412,41.30877],[1.14755,41.31167],[1.15238,41.31108],[1.15772,41.31517],[1.16182,41.31619],[1.16444,41.31567],[1.16916,41.31753],[1.17174,41.31701],[1.17468,41.32039],[1.17794,41.31954],[1.18269,41.32007],[1.18489,41.3196],[1.18809,41.31622],[1.19072,41.3159],[1.19129,41.3153],[1.19089,41.31624],[1.19282,41.31917],[1.19275,41.32189],[1.19427,41.32389],[1.19533,41.32684],[1.1969,41.32852],[1.20259,41.33142],[1.21127,41.33401],[1.21525,41.337],[1.21646,41.33907],[1.221,41.34256],[1.22271,41.34494],[1.22565,41.34975],[1.22483,41.35196],[1.22638,41.35344],[1.22562,41.35525],[1.22632,41.36025],[1.22536,41.36154],[1.22572,41.36363],[1.23016,41.37357],[1.23211,41.37474],[1.23946,41.37546],[1.24012,41.37622],[1.2401,41.37761],[1.23898,41.38003],[1.24046,41.38386],[1.25366,41.38483],[1.25227,41.38777],[1.25596,41.39081],[1.26119,41.39859],[1.25939,41.40385],[1.26327,41.40616],[1.27096,41.40806],[1.28317,41.41751],[1.28429,41.41686],[1.28723,41.4179],[1.28804,41.41881],[1.2878,41.41965],[1.2894,41.42122],[1.28936,41.42243],[1.29103,41.42375],[1.29154,41.42543],[1.29594,41.42622],[1.30004,41.42852],[1.30288,41.42848],[1.30342,41.42782],[1.30564,41.42965],[1.3058,41.43174],[1.3073,41.43361],[1.30777,41.43669],[1.31065,41.43708],[1.31161,41.43926],[1.31433,41.44159],[1.31794,41.4427],[1.31997,41.44512],[1.32019,41.4472],[1.32107,41.44823],[1.32288,41.44744],[1.32379,41.44409],[1.32716,41.44117],[1.3282,41.43225],[1.32716,41.42809],[1.32832,41.42723],[1.34112,41.4307],[1.34558,41.42881],[1.35165,41.42808],[1.35563,41.42831],[1.3653,41.43182],[1.37181,41.43679],[1.36948,41.43748],[1.36877,41.43851],[1.3692,41.44138],[1.36809,41.44267],[1.36898,41.4439],[1.37103,41.44477],[1.37889,41.44596],[1.38282,41.44787],[1.39922,41.43767],[1.40248,41.43686],[1.40318,41.43644],[1.40317,41.43546],[1.40391,41.43522],[1.40705,41.43792],[1.40819,41.44043],[1.41615,41.44404],[1.42071,41.44749],[1.42215,41.44931],[1.4285,41.44992],[1.43433,41.44867],[1.44064,41.44914],[1.4406,41.44983],[1.4454,41.45413],[1.44655,41.4559],[1.45088,41.4584],[1.45529,41.46248],[1.45419,41.46418],[1.45552,41.46575],[1.45509,41.46752],[1.45339,41.46857],[1.45375,41.46945],[1.45696,41.47051],[1.46127,41.46876],[1.46319,41.47047],[1.46342,41.47175],[1.46829,41.476],[1.47063,41.47736],[1.47233,41.47709],[1.47425,41.4779],[1.47561,41.48199],[1.47336,41.48605],[1.4646,41.48412],[1.46478,41.48545],[1.4634,41.48765],[1.45813,41.48808],[1.45421,41.48759],[1.45256,41.48679],[1.45027,41.49212],[1.44624,41.49511],[1.43737,41.4985],[1.42239,41.4997],[1.42144,41.50325],[1.41863,41.50203],[1.41502,41.50541],[1.40817,41.5046],[1.40618,41.50621],[1.4047,41.5062],[1.40354,41.50708],[1.40151,41.51243],[1.39574,41.51289],[1.39836,41.51417],[1.3975,41.51878],[1.39846,41.52026],[1.40046,41.52107],[1.3992,41.5236],[1.4003,41.52565],[1.39959,41.52808],[1.40177,41.52989],[1.40175,41.53086],[1.40482,41.53067],[1.40431,41.53213],[1.40616,41.53426],[1.40777,41.5341],[1.40845,41.53518],[1.42569,41.5321],[1.43629,41.53935],[1.44835,41.53711],[1.44923,41.54548],[1.44672,41.55247],[1.43815,41.5503],[1.43485,41.55016],[1.43224,41.55166],[1.43236,41.55276],[1.43109,41.55557],[1.44001,41.56305],[1.45042,41.56721],[1.45397,41.56925],[1.4474,41.57385],[1.44512,41.57386],[1.44118,41.57539],[1.43519,41.57657]]]]}},{"type":"Feature","properties":{"comarca":"17","nom_comar":"Garraf"},"geometry":{"type":"MultiPolygon","coordinates":[[[[1.65103,41.1946],[1.65091,41.19508],[1.6502,41.19459],[1.65185,41.19469],[1.65103,41.1946]],[[1.78603,41.32591],[1.78537,41.32675],[1.77973,41.32788],[1.77758,41.32906],[1.77106,41.325],[1.76821,41.32432],[1.76338,41.32103],[1.76311,41.3155],[1.76493,41.31375],[1.76501,41.31285],[1.76288,41.3103],[1.75833,41.3085],[1.75799,41.30791],[1.7587,41.30726],[1.75697,41.30528],[1.75672,41.30407],[1.75803,41.30305],[1.7542,41.30074],[1.75305,41.30175],[1.74865,41.3007],[1.74742,41.30128],[1.74301,41.29687],[1.74001,41.29685],[1.73762,41.295],[1.73426,41.29612],[1.72914,41.29942],[1.72158,41.30144],[1.70961,41.30144],[1.70284,41.29954],[1.7006,41.29698],[1.70017,41.29549],[1.70038,41.29451],[1.70241,41.2929],[1.70325,41.29137],[1.70297,41.29059],[1.69737,41.28387],[1.6932,41.28039],[1.69313,41.27535],[1.69034,41.27396],[1.69058,41.27175],[1.67736,41.26085],[1.67522,41.25675],[1.6707,41.25488],[1.67033,41.25237],[1.67114,41.25019],[1.66987,41.24855],[1.66922,41.24624],[1.668,41.24502],[1.6455,41.23815],[1.64124,41.23542],[1.64619,41.22857],[1.64414,41.22058],[1.6476,41.21665],[1.64827,41.21255],[1.65327,41.20738],[1.65213,41.20714],[1.64953,41.20857],[1.64651,41.20863],[1.64711,41.21167],[1.64132,41.21161],[1.64093,41.20575],[1.64211,41.20007],[1.64574,41.19486],[1.64777,41.19424],[1.64743,41.19363],[1.64881,41.19435],[1.64949,41.19613],[1.6517,41.19572],[1.65481,41.19668],[1.65422,41.19508],[1.65234,41.19438],[1.6526,41.19382],[1.64719,41.19276],[1.65681,41.19377],[1.65376,41.19395],[1.65595,41.19406],[1.65617,41.1949],[1.6578,41.1958],[1.66195,41.19585],[1.66301,41.19667],[1.66711,41.19759],[1.67224,41.19811],[1.67304,41.19777],[1.67294,41.19717],[1.67356,41.19819],[1.67854,41.19994],[1.67923,41.19945],[1.67973,41.20048],[1.68147,41.20077],[1.6809,41.20119],[1.68149,41.20184],[1.6827,41.20193],[1.6827,41.20144],[1.68397,41.20208],[1.68337,41.20236],[1.68381,41.20298],[1.6848,41.20292],[1.6847,41.20248],[1.68645,41.20292],[1.68577,41.20349],[1.68672,41.20403],[1.68755,41.20387],[1.68746,41.20324],[1.6887,41.20414],[1.68822,41.20433],[1.68865,41.20501],[1.6896,41.20509],[1.68992,41.20451],[1.69077,41.20479],[1.69023,41.20511],[1.69079,41.20574],[1.69231,41.20528],[1.69345,41.20566],[1.69305,41.20597],[1.6935,41.2064],[1.69522,41.20622],[1.69527,41.20681],[1.6983,41.20809],[1.70747,41.20748],[1.7093,41.20888],[1.71168,41.20887],[1.71111,41.20928],[1.71223,41.21013],[1.71425,41.21002],[1.71393,41.21052],[1.71495,41.21107],[1.71751,41.21109],[1.71848,41.21024],[1.71753,41.20983],[1.71836,41.20985],[1.71988,41.21024],[1.71904,41.21018],[1.71998,41.21137],[1.72328,41.21174],[1.72789,41.21105],[1.72768,41.20953],[1.72921,41.20798],[1.72899,41.20839],[1.73165,41.20996],[1.73124,41.2111],[1.73124,41.21059],[1.72951,41.21023],[1.72905,41.21151],[1.73078,41.21187],[1.73111,41.21146],[1.73079,41.21237],[1.72876,41.21176],[1.72821,41.21316],[1.73075,41.21438],[1.72854,41.21392],[1.72827,41.21492],[1.73326,41.21539],[1.73367,41.21426],[1.73281,41.21402],[1.73368,41.21421],[1.73425,41.21346],[1.73375,41.2155],[1.73578,41.21592],[1.73669,41.21341],[1.73405,41.21279],[1.73639,41.21301],[1.73718,41.21132],[1.73409,41.21057],[1.73333,41.2082],[1.72922,41.20616],[1.72984,41.20584],[1.73334,41.20773],[1.73471,41.20994],[1.73812,41.21076],[1.73727,41.21453],[1.74268,41.21825],[1.74814,41.21872],[1.74862,41.21791],[1.74997,41.2178],[1.75141,41.21835],[1.75216,41.21956],[1.75435,41.21979],[1.75707,41.2191],[1.76003,41.21954],[1.76037,41.21885],[1.76184,41.21861],[1.76369,41.21994],[1.76641,41.21976],[1.76751,41.22111],[1.7694,41.22141],[1.77107,41.22087],[1.77198,41.22212],[1.77694,41.22364],[1.78241,41.22331],[1.78663,41.22448],[1.78762,41.22365],[1.78806,41.22383],[1.78736,41.22419],[1.78809,41.22464],[1.78885,41.22434],[1.78852,41.22374],[1.78956,41.22491],[1.78938,41.2262],[1.79059,41.22705],[1.79152,41.22688],[1.79132,41.22629],[1.79229,41.22684],[1.79285,41.22724],[1.79213,41.2271],[1.79191,41.22798],[1.79381,41.22904],[1.79546,41.22854],[1.79516,41.22953],[1.79628,41.23033],[1.79831,41.23097],[1.799,41.23017],[1.79858,41.23091],[1.80012,41.2319],[1.80226,41.23242],[1.80287,41.23153],[1.80249,41.23235],[1.80313,41.2328],[1.8054,41.23348],[1.80615,41.2328],[1.80574,41.23349],[1.80809,41.23435],[1.80899,41.23364],[1.80915,41.23411],[1.81019,41.23384],[1.80996,41.23305],[1.81104,41.23422],[1.81504,41.23598],[1.82066,41.23576],[1.82127,41.23544],[1.8217,41.23314],[1.82508,41.2336],[1.82174,41.23338],[1.82149,41.23459],[1.82549,41.23481],[1.82669,41.23423],[1.8266,41.23318],[1.82389,41.23257],[1.82419,41.23203],[1.82701,41.23305],[1.82746,41.236],[1.82897,41.23668],[1.83043,41.23599],[1.83635,41.23589],[1.83971,41.23484],[1.84157,41.23549],[1.84467,41.23475],[1.84719,41.23536],[1.84953,41.23452],[1.85356,41.2344],[1.85593,41.23591],[1.85874,41.23578],[1.86048,41.23644],[1.86133,41.23737],[1.86147,41.23913],[1.86331,41.2394],[1.86406,41.23828],[1.86613,41.23944],[1.86737,41.23794],[1.86594,41.23652],[1.86767,41.23796],[1.86625,41.23976],[1.86944,41.24295],[1.87981,41.24553],[1.88514,41.24779],[1.88718,41.24781],[1.8919,41.24925],[1.8974,41.25014],[1.9,41.24927],[1.89834,41.25028],[1.89902,41.25113],[1.89953,41.2509],[1.8996,41.25167],[1.90175,41.25178],[1.90055,41.24906],[1.89884,41.24868],[1.90003,41.24853],[1.90079,41.24896],[1.90306,41.25359],[1.90657,41.25518],[1.91228,41.25604],[1.91819,41.25807],[1.91981,41.25772],[1.92093,41.25655],[1.91972,41.25859],[1.92087,41.25931],[1.92222,41.25904],[1.92245,41.25835],[1.92117,41.25774],[1.92354,41.25841],[1.92381,41.25787],[1.92432,41.25802],[1.92289,41.25931],[1.92467,41.25982],[1.92503,41.25871],[1.92564,41.25888],[1.92497,41.2599],[1.92822,41.26084],[1.92879,41.2594],[1.92364,41.25672],[1.92131,41.25582],[1.92003,41.25598],[1.92141,41.25564],[1.92871,41.25905],[1.92982,41.25882],[1.92917,41.26008],[1.93254,41.26168],[1.93775,41.26293],[1.9445,41.26349],[1.94327,41.26625],[1.93924,41.26912],[1.93982,41.27072],[1.9387,41.27181],[1.93737,41.27506],[1.93901,41.27694],[1.94325,41.27828],[1.94374,41.27922],[1.94175,41.28077],[1.93187,41.28506],[1.92634,41.28893],[1.92587,41.29044],[1.92488,41.29112],[1.91966,41.29067],[1.91375,41.28875],[1.91286,41.2882],[1.91287,41.28686],[1.91187,41.28538],[1.90996,41.28367],[1.90533,41.28272],[1.9022,41.28085],[1.89777,41.28198],[1.8954,41.28153],[1.88983,41.28344],[1.8865,41.28158],[1.88542,41.28164],[1.88548,41.2796],[1.88239,41.27819],[1.8727,41.27965],[1.87143,41.27864],[1.87088,41.28063],[1.86907,41.28129],[1.87101,41.29116],[1.87267,41.29345],[1.86939,41.29625],[1.8621,41.29627],[1.86122,41.29845],[1.85998,41.29912],[1.85871,41.29763],[1.85606,41.29886],[1.85478,41.29856],[1.854,41.29923],[1.85468,41.30049],[1.85127,41.30173],[1.84673,41.30635],[1.84825,41.30931],[1.84797,41.31245],[1.85019,41.31646],[1.8497,41.31864],[1.84785,41.31932],[1.84057,41.31541],[1.83868,41.31728],[1.83467,41.3188],[1.83212,41.32053],[1.82856,41.32103],[1.82496,41.31886],[1.81968,41.3211],[1.81291,41.32096],[1.81014,41.32328],[1.80536,41.32425],[1.80026,41.32303],[1.79635,41.32282],[1.79268,41.32348],[1.78964,41.32278],[1.78756,41.32588],[1.78603,41.32591]]]]}},{"type":"Feature","properties":{"comarca":"18","nom_comar":"Garrigues"},"geometry":{"type":"MultiPolygon","coordinates":[[[[0.93523,41.58474],[0.9177,41.58919],[0.89926,41.58122],[0.89229,41.57716],[0.88885,41.57436],[0.88352,41.57924],[0.88244,41.58215],[0.88198,41.58165],[0.88232,41.58383],[0.87769,41.58586],[0.87225,41.58355],[0.86383,41.57716],[0.85826,41.57385],[0.85105,41.57436],[0.85281,41.57168],[0.84817,41.56894],[0.83812,41.56455],[0.83383,41.56632],[0.83634,41.56807],[0.83615,41.56863],[0.83046,41.57093],[0.82888,41.56896],[0.82954,41.56818],[0.82873,41.56544],[0.82364,41.57017],[0.81887,41.56976],[0.80908,41.57024],[0.80704,41.57053],[0.80676,41.57162],[0.7971,41.57057],[0.79231,41.56867],[0.79061,41.56728],[0.78897,41.56311],[0.78646,41.56364],[0.78082,41.5672],[0.77941,41.5675],[0.77613,41.56438],[0.77566,41.56266],[0.77847,41.55819],[0.77754,41.5502],[0.7757,41.5493],[0.77068,41.55029],[0.76577,41.55036],[0.76446,41.55134],[0.75605,41.55035],[0.75412,41.54031],[0.75887,41.53774],[0.75625,41.53506],[0.7508,41.53119],[0.7479,41.53314],[0.74711,41.53209],[0.74723,41.52946],[0.74554,41.5282],[0.7415,41.52937],[0.73156,41.52034],[0.7267,41.51851],[0.72211,41.51974],[0.71397,41.52409],[0.71015,41.52498],[0.70547,41.51862],[0.70039,41.50507],[0.69593,41.49982],[0.696,41.49407],[0.69794,41.49101],[0.69804,41.48975],[0.69593,41.48647],[0.69335,41.48045],[0.69297,41.47731],[0.69241,41.47683],[0.69063,41.47748],[0.6778,41.47723],[0.6729,41.47954],[0.67146,41.47595],[0.6685,41.47391],[0.66426,41.47322],[0.6622,41.46534],[0.6635,41.45775],[0.65911,41.45564],[0.64281,41.45483],[0.63283,41.44948],[0.6306,41.45134],[0.6281,41.45241],[0.62722,41.44967],[0.62427,41.44482],[0.62402,41.44101],[0.62116,41.43789],[0.62071,41.43339],[0.62181,41.4302],[0.62177,41.42672],[0.6225,41.42507],[0.62328,41.42372],[0.62514,41.42319],[0.62841,41.42002],[0.63179,41.4119],[0.62912,41.40805],[0.62577,41.39934],[0.61881,41.39305],[0.61366,41.39111],[0.60608,41.38981],[0.59644,41.38516],[0.59277,41.38159],[0.58451,41.37625],[0.58378,41.37294],[0.58594,41.36099],[0.58216,41.35319],[0.5854,41.34853],[0.58688,41.34456],[0.58651,41.33737],[0.58085,41.31989],[0.58244,41.31087],[0.5865,41.30718],[0.59706,41.29345],[0.59838,41.29408],[0.60156,41.2941],[0.60375,41.29342],[0.60473,41.29162],[0.60687,41.29152],[0.60763,41.29244],[0.61364,41.29073],[0.61536,41.29211],[0.61876,41.2907],[0.62073,41.29207],[0.62397,41.29225],[0.62819,41.29086],[0.63002,41.29349],[0.63314,41.29466],[0.63627,41.29748],[0.64513,41.29892],[0.64789,41.30082],[0.64946,41.30087],[0.65096,41.29988],[0.65727,41.30153],[0.65788,41.3023],[0.66151,41.30325],[0.6623,41.30568],[0.66391,41.30666],[0.66623,41.30695],[0.66962,41.3091],[0.66974,41.30986],[0.67858,41.3099],[0.67994,41.30823],[0.68132,41.30817],[0.68278,41.30887],[0.68377,41.3103],[0.6884,41.31044],[0.69006,41.31252],[0.69522,41.31384],[0.69782,41.31219],[0.70048,41.31343],[0.70659,41.31231],[0.70861,41.31359],[0.71041,41.31366],[0.71139,41.31306],[0.71284,41.31463],[0.71681,41.31325],[0.71996,41.31411],[0.72431,41.31357],[0.72828,41.31521],[0.731,41.3147],[0.73402,41.31609],[0.73745,41.31628],[0.74019,41.31789],[0.74471,41.31699],[0.74982,41.31733],[0.75141,41.31816],[0.75191,41.31954],[0.75044,41.32324],[0.75051,41.32454],[0.75434,41.32642],[0.75403,41.32889],[0.75676,41.33094],[0.75834,41.33118],[0.76236,41.33447],[0.76926,41.33372],[0.77391,41.33448],[0.77756,41.33253],[0.77902,41.33299],[0.77976,41.33202],[0.78591,41.33248],[0.79141,41.33178],[0.79528,41.32857],[0.79678,41.32839],[0.79894,41.32964],[0.80239,41.33041],[0.80892,41.32822],[0.81208,41.32902],[0.81291,41.32862],[0.8126,41.32708],[0.81526,41.32695],[0.81956,41.32887],[0.8209,41.33202],[0.82088,41.33294],[0.8201,41.3334],[0.822,41.33458],[0.82259,41.33835],[0.82463,41.33888],[0.82562,41.33996],[0.82619,41.34143],[0.82558,41.34219],[0.82666,41.34376],[0.82601,41.3453],[0.8276,41.34747],[0.82694,41.35067],[0.83027,41.35311],[0.82905,41.35528],[0.82913,41.35725],[0.83077,41.35863],[0.84006,41.36181],[0.845,41.3623],[0.84716,41.35473],[0.8547,41.34845],[0.86327,41.33811],[0.86961,41.33922],[0.87193,41.3404],[0.88208,41.34175],[0.88473,41.34135],[0.88906,41.34303],[0.89349,41.3436],[0.89711,41.34557],[0.90044,41.34556],[0.90171,41.34749],[0.90493,41.34757],[0.91149,41.3494],[0.92,41.3491],[0.92167,41.34834],[0.93344,41.35016],[0.93839,41.34929],[0.94153,41.35007],[0.94493,41.34989],[0.9492,41.35231],[0.951,41.3525],[0.95157,41.3519],[0.95877,41.35492],[0.96435,41.35526],[0.96633,41.35858],[0.96335,41.35931],[0.96247,41.35998],[0.963,41.3612],[0.96166,41.36155],[0.96316,41.36437],[0.96246,41.36755],[0.96531,41.36807],[0.9658,41.36924],[0.97001,41.37183],[0.97102,41.37314],[0.97263,41.37329],[0.97272,41.37821],[0.97351,41.3808],[0.97468,41.38286],[0.97958,41.38656],[0.98196,41.39175],[0.98906,41.38934],[0.992,41.38899],[0.99384,41.39101],[0.99298,41.39321],[0.99334,41.39424],[0.99829,41.39877],[1.0033,41.39994],[1.00195,41.40073],[1.00124,41.4022],[1.0015,41.40329],[1.00285,41.40434],[1.0062,41.40557],[1.01029,41.40414],[1.01373,41.4036],[1.01635,41.40397],[1.02096,41.40554],[1.0247,41.40864],[1.02772,41.40926],[1.03012,41.41635],[1.03151,41.41693],[1.03258,41.41853],[1.0312,41.41979],[1.03142,41.4209],[1.03612,41.4209],[1.03852,41.42156],[1.04055,41.42498],[1.04004,41.42774],[1.04308,41.43009],[1.04315,41.43132],[1.04418,41.4321],[1.04469,41.43359],[1.04495,41.43572],[1.0475,41.43728],[1.04609,41.43949],[1.04641,41.44065],[1.04915,41.44116],[1.05028,41.44262],[1.05228,41.4432],[1.05542,41.44195],[1.05605,41.44324],[1.05866,41.44418],[1.05835,41.44587],[1.05916,41.44713],[1.06264,41.44832],[1.06361,41.45338],[1.06445,41.45457],[1.06795,41.45559],[1.06908,41.45407],[1.07048,41.45359],[1.07104,41.45515],[1.07252,41.457],[1.07452,41.45816],[1.0755,41.45997],[1.06885,41.464],[1.06689,41.46373],[1.06527,41.46407],[1.06404,41.46523],[1.06176,41.46512],[1.05667,41.46642],[1.04413,41.4745],[1.04298,41.4755],[1.04244,41.47709],[1.03746,41.47999],[1.04646,41.48441],[1.04851,41.48754],[1.04588,41.49084],[1.03833,41.49684],[1.03651,41.5033],[1.03801,41.50508],[1.03208,41.50601],[1.02899,41.50567],[1.027,41.50436],[1.02246,41.50318],[1.02013,41.5034],[1.01714,41.50595],[1.01651,41.50744],[1.01388,41.5084],[1.013,41.51041],[1.01112,41.512],[0.99724,41.51323],[0.98615,41.51664],[0.97883,41.51801],[0.98134,41.5281],[0.98543,41.53233],[0.9881,41.53637],[0.98383,41.54305],[0.98335,41.54635],[0.98585,41.54611],[0.98767,41.54678],[0.98669,41.55006],[0.97956,41.55507],[0.97954,41.55649],[0.97334,41.55803],[0.97005,41.56108],[0.96911,41.56506],[0.96148,41.56844],[0.96492,41.57217],[0.96864,41.57784],[0.95266,41.58423],[0.93845,41.58405],[0.93523,41.58474]]]]}},{"type":"Feature","properties":{"comarca":"19","nom_comar":"Garrotxa"},"geometry":{"type":"MultiPolygon","coordinates":[[[[2.54246,42.33367],[2.54215,42.33425],[2.54171,42.33356],[2.53582,42.33389],[2.53265,42.33292],[2.52652,42.33342],[2.51992,42.32687],[2.52455,42.31938],[2.52595,42.31001],[2.52722,42.30826],[2.52801,42.30529],[2.52798,42.30126],[2.52406,42.2918],[2.5312,42.29031],[2.54256,42.29069],[2.55072,42.2899],[2.55391,42.28923],[2.55492,42.28647],[2.5569,42.28758],[2.55789,42.28747],[2.55647,42.28567],[2.55133,42.28587],[2.54873,42.28452],[2.54639,42.28417],[2.54636,42.28324],[2.54541,42.28277],[2.53822,42.28229],[2.53839,42.28108],[2.53735,42.27991],[2.53447,42.27956],[2.52309,42.27985],[2.50877,42.28134],[2.50763,42.28382],[2.50744,42.28643],[2.50455,42.28692],[2.50404,42.29892],[2.50611,42.30405],[2.50388,42.30413],[2.4965,42.29888],[2.49553,42.3003],[2.48836,42.30075],[2.47973,42.30292],[2.48026,42.298],[2.48534,42.28834],[2.46335,42.27953],[2.46054,42.28063],[2.45913,42.28199],[2.45714,42.28189],[2.45251,42.28316],[2.45067,42.28306],[2.45084,42.28195],[2.44986,42.28107],[2.44552,42.28059],[2.44185,42.28554],[2.43803,42.28613],[2.43488,42.28471],[2.43265,42.28585],[2.43086,42.28771],[2.42754,42.28434],[2.42276,42.28583],[2.41679,42.28609],[2.41486,42.28675],[2.40632,42.28187],[2.40669,42.27647],[2.40616,42.27432],[2.39919,42.27173],[2.39363,42.27233],[2.3885,42.272],[2.38372,42.2701],[2.37566,42.26505],[2.3783,42.26253],[2.37771,42.26115],[2.38072,42.2583],[2.38206,42.25582],[2.38529,42.25561],[2.38524,42.25445],[2.38283,42.25369],[2.38298,42.25287],[2.37955,42.25303],[2.37565,42.25177],[2.37304,42.2523],[2.36938,42.24825],[2.36459,42.24854],[2.36054,42.24567],[2.35121,42.24474],[2.34894,42.24298],[2.34406,42.24081],[2.34327,42.23876],[2.34509,42.23384],[2.34476,42.23177],[2.3482,42.2282],[2.35115,42.22722],[2.35564,42.22735],[2.35951,42.22575],[2.3608,42.22745],[2.36213,42.22803],[2.36877,42.22767],[2.37004,42.22881],[2.37297,42.22867],[2.37478,42.22961],[2.3765,42.2269],[2.37554,42.22523],[2.37621,42.22441],[2.36926,42.21537],[2.36742,42.21494],[2.36219,42.21562],[2.36029,42.2144],[2.35319,42.21291],[2.33909,42.21219],[2.33269,42.21066],[2.33353,42.20822],[2.34591,42.20288],[2.34595,42.20186],[2.34739,42.20166],[2.34919,42.19439],[2.35574,42.19336],[2.36026,42.18833],[2.35816,42.17846],[2.3612,42.17151],[2.37117,42.1761],[2.3727,42.1723],[2.37574,42.16951],[2.3788,42.17092],[2.38599,42.16687],[2.38447,42.1635],[2.38285,42.16371],[2.3813,42.16247],[2.37983,42.16495],[2.3771,42.16408],[2.37526,42.16629],[2.37444,42.16324],[2.37249,42.16143],[2.36833,42.16178],[2.3653,42.15947],[2.36337,42.16066],[2.36149,42.16069],[2.35813,42.15883],[2.35732,42.15387],[2.35252,42.15086],[2.35087,42.15049],[2.34924,42.14768],[2.34957,42.14694],[2.34878,42.14386],[2.35077,42.13767],[2.35538,42.13493],[2.36628,42.13029],[2.36869,42.12855],[2.3743,42.12888],[2.38106,42.12368],[2.37699,42.12066],[2.37318,42.11582],[2.37393,42.11311],[2.37628,42.11047],[2.37658,42.10546],[2.3799,42.10359],[2.3951,42.10428],[2.40017,42.10276],[2.39464,42.0953],[2.39407,42.09154],[2.39688,42.08761],[2.3945,42.08676],[2.40147,42.08059],[2.40549,42.07866],[2.40588,42.0773],[2.40716,42.07608],[2.40702,42.07417],[2.4081,42.07337],[2.40857,42.07124],[2.41094,42.06889],[2.41461,42.0691],[2.41737,42.06506],[2.42062,42.0654],[2.42248,42.06355],[2.42482,42.06307],[2.42709,42.06114],[2.42874,42.06248],[2.42947,42.06432],[2.43601,42.06879],[2.43914,42.07002],[2.44364,42.07298],[2.44634,42.07291],[2.44907,42.0743],[2.44988,42.07587],[2.44917,42.07683],[2.4501,42.0775],[2.45341,42.0764],[2.45471,42.07803],[2.45808,42.07928],[2.46254,42.07451],[2.46218,42.07715],[2.46688,42.07394],[2.47646,42.07621],[2.48036,42.07501],[2.47974,42.0726],[2.48111,42.07178],[2.48172,42.07052],[2.48412,42.06938],[2.48269,42.06751],[2.48436,42.06746],[2.48422,42.06617],[2.48577,42.06613],[2.48566,42.06745],[2.48705,42.06812],[2.48656,42.069],[2.49073,42.06827],[2.49656,42.05825],[2.49939,42.05478],[2.50168,42.05326],[2.50291,42.05157],[2.50706,42.05027],[2.51105,42.04775],[2.5127,42.04591],[2.51417,42.04203],[2.51857,42.03939],[2.52268,42.03534],[2.52844,42.03188],[2.5322,42.02886],[2.53349,42.02701],[2.53411,42.02745],[2.53331,42.02807],[2.54485,42.02949],[2.54418,42.02963],[2.54657,42.03467],[2.54633,42.0359],[2.54716,42.03882],[2.55025,42.03996],[2.55331,42.04394],[2.55674,42.04481],[2.56,42.04411],[2.56248,42.04277],[2.5656,42.03863],[2.57181,42.03744],[2.57537,42.03764],[2.57877,42.03583],[2.5798,42.03462],[2.58296,42.03701],[2.58797,42.03655],[2.59065,42.03909],[2.59037,42.04098],[2.59178,42.04429],[2.59689,42.05001],[2.60261,42.0463],[2.60269,42.04533],[2.60007,42.04449],[2.59914,42.04251],[2.60173,42.04005],[2.6048,42.03314],[2.60896,42.02814],[2.61441,42.02437],[2.61971,42.02281],[2.62617,42.02336],[2.62608,42.02159],[2.62748,42.01866],[2.62728,42.0146],[2.62828,42.01221],[2.6371,42.01245],[2.63557,42.0148],[2.6358,42.0158],[2.63702,42.01654],[2.64015,42.01602],[2.64238,42.01726],[2.64402,42.01559],[2.64548,42.01587],[2.64892,42.01378],[2.66132,42.01644],[2.66204,42.01755],[2.659,42.02088],[2.6529,42.02441],[2.64598,42.02965],[2.64364,42.03066],[2.6444,42.03374],[2.64214,42.03662],[2.63779,42.03898],[2.63284,42.03925],[2.63044,42.03866],[2.63371,42.04452],[2.6325,42.04846],[2.63567,42.05215],[2.6375,42.05231],[2.63913,42.05479],[2.63863,42.05734],[2.63911,42.05845],[2.63767,42.05875],[2.63908,42.06046],[2.63562,42.06348],[2.63672,42.0647],[2.63746,42.06731],[2.63736,42.07269],[2.63609,42.07488],[2.63391,42.0763],[2.63352,42.0781],[2.63141,42.07928],[2.63397,42.08249],[2.63084,42.08532],[2.63049,42.08674],[2.63182,42.08898],[2.63634,42.08757],[2.63806,42.08998],[2.64546,42.09393],[2.646,42.09661],[2.65278,42.10306],[2.65201,42.10491],[2.65355,42.10786],[2.65359,42.11089],[2.65759,42.11211],[2.65742,42.1185],[2.6659,42.1236],[2.66411,42.1321],[2.663,42.13301],[2.66014,42.13342],[2.65422,42.13611],[2.65987,42.1395],[2.66053,42.14185],[2.65706,42.14336],[2.6576,42.14428],[2.65749,42.14678],[2.65844,42.14833],[2.65778,42.15408],[2.65822,42.15556],[2.6638,42.15676],[2.66464,42.1576],[2.6686,42.15885],[2.66529,42.1676],[2.66722,42.1722],[2.66675,42.17636],[2.67238,42.17592],[2.67441,42.17402],[2.67575,42.17478],[2.67608,42.17649],[2.67718,42.17585],[2.67747,42.17442],[2.67867,42.17422],[2.67961,42.17529],[2.68224,42.17631],[2.68449,42.17426],[2.67553,42.17154],[2.68417,42.17083],[2.6892,42.17165],[2.69349,42.17367],[2.70158,42.17357],[2.71065,42.17493],[2.71842,42.18085],[2.72402,42.18648],[2.72801,42.18556],[2.73518,42.18169],[2.74088,42.18093],[2.74819,42.18271],[2.75582,42.18552],[2.76486,42.18692],[2.76876,42.1893],[2.77078,42.18967],[2.76959,42.19221],[2.76756,42.19258],[2.76787,42.19451],[2.76669,42.19648],[2.76687,42.19907],[2.76569,42.20117],[2.76646,42.20323],[2.76839,42.20434],[2.76884,42.20633],[2.77031,42.20606],[2.77918,42.21231],[2.77645,42.21607],[2.77591,42.22389],[2.77821,42.2272],[2.76853,42.23836],[2.76926,42.24525],[2.77151,42.25221],[2.75222,42.25878],[2.74425,42.26093],[2.74072,42.26081],[2.73702,42.26249],[2.73054,42.26389],[2.72916,42.26318],[2.72761,42.25609],[2.72652,42.2544],[2.72719,42.25022],[2.72559,42.24836],[2.72326,42.24709],[2.72209,42.24672],[2.71824,42.25081],[2.70232,42.24945],[2.70118,42.25458],[2.70253,42.25873],[2.70627,42.25962],[2.7088,42.267],[2.70244,42.27109],[2.69606,42.27391],[2.6899,42.2736],[2.6819,42.27193],[2.6798,42.27216],[2.67666,42.27073],[2.68348,42.26794],[2.68681,42.265],[2.68982,42.26357],[2.6903,42.26265],[2.68643,42.26213],[2.68189,42.26309],[2.67581,42.26343],[2.67227,42.26255],[2.67268,42.26184],[2.67694,42.26019],[2.67255,42.25689],[2.67104,42.25799],[2.67061,42.25942],[2.67163,42.26026],[2.67048,42.26142],[2.67144,42.26337],[2.665,42.26413],[2.66169,42.26535],[2.6622,42.26633],[2.66408,42.26654],[2.6635,42.26786],[2.66091,42.26764],[2.66151,42.26997],[2.66423,42.27067],[2.66567,42.27198],[2.66719,42.2717],[2.66751,42.27262],[2.66439,42.27738],[2.66499,42.28061],[2.66578,42.28169],[2.66504,42.28415],[2.66236,42.2864],[2.66294,42.28727],[2.65954,42.28947],[2.65855,42.29329],[2.65639,42.29461],[2.65681,42.29618],[2.64477,42.29773],[2.63888,42.29635],[2.62914,42.29561],[2.62789,42.29597],[2.63009,42.30011],[2.62958,42.30272],[2.63091,42.30454],[2.63228,42.30524],[2.63078,42.31281],[2.62081,42.30972],[2.61837,42.30814],[2.61768,42.30685],[2.61551,42.31306],[2.61212,42.31485],[2.61209,42.31614],[2.61404,42.31856],[2.59177,42.32785],[2.58065,42.32631],[2.57816,42.32152],[2.5714,42.32038],[2.56207,42.3177],[2.5621,42.31941],[2.55624,42.32303],[2.55525,42.32514],[2.55155,42.32751],[2.55124,42.3285],[2.54246,42.33367]]]]}},{"type":"Feature","properties":{"comarca":"20","nom_comar":"Gironès"},"geometry":{"type":"MultiPolygon","coordinates":[[[[2.92841,42.11517],[2.92628,42.11681],[2.92473,42.1152],[2.9192,42.11489],[2.91606,42.114],[2.91591,42.11301],[2.91413,42.11291],[2.91337,42.11055],[2.91149,42.11026],[2.9095,42.11102],[2.9096,42.11165],[2.90699,42.11137],[2.90702,42.11033],[2.90601,42.1101],[2.90428,42.11062],[2.90296,42.10759],[2.90353,42.10703],[2.9031,42.10519],[2.90022,42.103],[2.89369,42.09349],[2.89652,42.08751],[2.89521,42.08728],[2.89405,42.0827],[2.89508,42.08237],[2.89435,42.07961],[2.89501,42.07948],[2.89497,42.07808],[2.89324,42.0776],[2.89448,42.07424],[2.89422,42.0724],[2.89327,42.07093],[2.88831,42.07114],[2.88775,42.07048],[2.88784,42.06686],[2.88496,42.06705],[2.88473,42.06616],[2.88285,42.06615],[2.88246,42.06857],[2.88411,42.07065],[2.88165,42.07176],[2.87512,42.06617],[2.87267,42.06654],[2.87219,42.06942],[2.87007,42.07124],[2.86847,42.07493],[2.86441,42.07366],[2.8639,42.07569],[2.86026,42.07496],[2.85834,42.07845],[2.85692,42.07822],[2.85644,42.0772],[2.85678,42.07499],[2.8587,42.06915],[2.85548,42.06842],[2.85485,42.06736],[2.85349,42.06749],[2.8524,42.06656],[2.85207,42.06426],[2.8514,42.06381],[2.84894,42.06413],[2.84739,42.06308],[2.84783,42.06145],[2.84985,42.06044],[2.84926,42.0599],[2.84719,42.06015],[2.84615,42.05909],[2.84635,42.05736],[2.84818,42.05575],[2.8457,42.05551],[2.84411,42.05434],[2.84197,42.05406],[2.84004,42.05463],[2.83538,42.0539],[2.83012,42.05489],[2.83079,42.05397],[2.83206,42.05399],[2.8333,42.05223],[2.8321,42.0508],[2.82918,42.04975],[2.8323,42.04915],[2.83472,42.04589],[2.83636,42.04066],[2.82426,42.03819],[2.82216,42.03865],[2.81176,42.03706],[2.80788,42.03749],[2.80399,42.0398],[2.80246,42.03841],[2.80164,42.03619],[2.8021,42.03168],[2.79936,42.03167],[2.79065,42.03716],[2.78714,42.03737],[2.78501,42.04094],[2.77999,42.04413],[2.77781,42.04803],[2.77784,42.04992],[2.77932,42.05225],[2.78146,42.054],[2.77894,42.05746],[2.7667,42.05695],[2.76769,42.05862],[2.76347,42.06498],[2.7589,42.06953],[2.75887,42.07098],[2.75811,42.07162],[2.75373,42.07228],[2.74918,42.07437],[2.74272,42.0748],[2.73923,42.07678],[2.7355,42.07715],[2.73167,42.07914],[2.72941,42.07924],[2.73213,42.08602],[2.72335,42.08659],[2.72076,42.08973],[2.71633,42.09208],[2.71008,42.09259],[2.70682,42.09217],[2.70606,42.09279],[2.69161,42.09288],[2.6902,42.08961],[2.68599,42.08481],[2.68091,42.08264],[2.67861,42.08455],[2.67228,42.08496],[2.67024,42.08585],[2.66762,42.0849],[2.66408,42.08632],[2.6543,42.08467],[2.64919,42.08483],[2.64275,42.0876],[2.63767,42.08692],[2.63165,42.08889],[2.63051,42.08703],[2.63069,42.08558],[2.63397,42.08249],[2.63138,42.07936],[2.63361,42.078],[2.63391,42.0763],[2.63609,42.07488],[2.63736,42.07269],[2.63746,42.06731],[2.63672,42.0647],[2.63562,42.06348],[2.63908,42.06046],[2.63767,42.05875],[2.63911,42.05845],[2.63863,42.05734],[2.63913,42.05479],[2.6375,42.05231],[2.63567,42.05215],[2.6325,42.04846],[2.63371,42.04452],[2.63044,42.03866],[2.63364,42.03925],[2.63779,42.03898],[2.63997,42.03812],[2.64214,42.03662],[2.64437,42.03382],[2.64364,42.03066],[2.64598,42.02965],[2.6529,42.02441],[2.659,42.02088],[2.66204,42.01755],[2.66169,42.01667],[2.66407,42.0088],[2.65854,42.00737],[2.65924,42.00109],[2.65863,41.99982],[2.66116,41.99587],[2.65953,41.99499],[2.66104,41.99199],[2.66327,41.99181],[2.66529,41.98874],[2.66718,41.98842],[2.66637,41.98676],[2.66795,41.98566],[2.66935,41.97748],[2.66896,41.97521],[2.67401,41.97383],[2.67266,41.9737],[2.67195,41.97182],[2.6728,41.96649],[2.67238,41.96577],[2.6701,41.96478],[2.66731,41.96536],[2.66529,41.96505],[2.66132,41.96305],[2.66112,41.95997],[2.65966,41.95889],[2.66189,41.95731],[2.66556,41.95201],[2.67262,41.94824],[2.68034,41.94897],[2.68739,41.94289],[2.69723,41.93753],[2.69842,41.93532],[2.69825,41.93428],[2.70011,41.93375],[2.70231,41.93079],[2.70059,41.92756],[2.69781,41.9256],[2.69773,41.92445],[2.69833,41.92409],[2.71747,41.9219],[2.72653,41.92369],[2.734,41.92316],[2.74447,41.92456],[2.74669,41.92691],[2.75594,41.92025],[2.76594,41.90939],[2.78007,41.90336],[2.78372,41.90488],[2.79226,41.91074],[2.79972,41.91189],[2.80298,41.91302],[2.80371,41.91436],[2.81659,41.91226],[2.8166,41.91093],[2.81766,41.90942],[2.81638,41.90875],[2.81456,41.90947],[2.81192,41.90852],[2.81641,41.90634],[2.81749,41.90366],[2.81761,41.89685],[2.81693,41.8917],[2.81468,41.88381],[2.81321,41.88113],[2.80979,41.87731],[2.8109,41.87484],[2.81294,41.87435],[2.8138,41.87117],[2.81285,41.86806],[2.81278,41.85989],[2.81629,41.85699],[2.81673,41.85355],[2.81831,41.85022],[2.81948,41.85092],[2.81953,41.85239],[2.82552,41.85468],[2.82997,41.85909],[2.83288,41.85985],[2.83513,41.86136],[2.83709,41.86062],[2.84189,41.8542],[2.84751,41.85143],[2.84967,41.84937],[2.85455,41.84766],[2.85815,41.84875],[2.86204,41.84882],[2.85725,41.83556],[2.85609,41.82942],[2.84923,41.81993],[2.8481,41.81418],[2.85169,41.81044],[2.86597,41.81019],[2.86619,41.81274],[2.86491,41.81456],[2.87256,41.81505],[2.87309,41.81277],[2.8721,41.81106],[2.8724,41.80902],[2.86518,41.809],[2.86132,41.80746],[2.85977,41.80547],[2.8585,41.8021],[2.85397,41.80058],[2.85517,41.79542],[2.8536,41.79387],[2.85382,41.79205],[2.86101,41.78539],[2.86709,41.77867],[2.8712,41.77277],[2.88264,41.77363],[2.90238,41.77242],[2.91611,41.7679],[2.92819,41.75752],[2.94049,41.76064],[2.95269,41.77086],[2.96009,41.77414],[2.95577,41.78652],[2.94348,41.7895],[2.9356,41.8096],[2.93459,41.81068],[2.93551,41.81352],[2.9335,41.81524],[2.93342,41.81798],[2.93055,41.82196],[2.93094,41.82325],[2.92974,41.8254],[2.93242,41.82617],[2.9325,41.82732],[2.93334,41.82783],[2.94356,41.82697],[2.94634,41.8255],[2.94961,41.82667],[2.95654,41.82627],[2.96234,41.8269],[2.96629,41.82576],[2.96971,41.82652],[2.97083,41.82825],[2.96984,41.83057],[2.96892,41.8367],[2.96658,41.83913],[2.96629,41.84373],[2.96206,41.84679],[2.96194,41.85138],[2.94876,41.86344],[2.94304,41.86509],[2.9419,41.86623],[2.94185,41.86703],[2.94496,41.8685],[2.94487,41.87167],[2.95107,41.8769],[2.95072,41.87909],[2.95257,41.87956],[2.9535,41.8825],[2.95407,41.88307],[2.95558,41.88305],[2.95647,41.88473],[2.94642,41.88708],[2.93876,41.89425],[2.93631,41.89794],[2.90599,41.90251],[2.89487,41.9014],[2.88545,41.90942],[2.89286,41.91427],[2.90228,41.91897],[2.9022,41.92233],[2.89943,41.92857],[2.89759,41.93089],[2.89788,41.9329],[2.91199,41.93439],[2.91165,41.93135],[2.91384,41.92995],[2.91881,41.93188],[2.92075,41.93368],[2.92152,41.93695],[2.92413,41.93787],[2.92851,41.93769],[2.93512,41.93973],[2.94351,41.93867],[2.94565,41.93933],[2.94617,41.93989],[2.94484,41.9473],[2.94907,41.94794],[2.94729,41.95314],[2.94594,41.95524],[2.94779,41.96199],[2.94507,41.96608],[2.94967,41.97297],[2.95394,41.97414],[2.95805,41.97352],[2.96044,41.97433],[2.96819,41.97515],[2.97561,41.97805],[2.97555,41.98275],[2.98174,41.98371],[2.98716,41.98917],[2.97842,42.00017],[2.97299,42.00096],[2.9675,41.99867],[2.96484,41.99873],[2.96427,41.99967],[2.95969,42.00047],[2.95766,41.99962],[2.95173,42.00573],[2.95122,42.00987],[2.95239,42.01585],[2.95199,42.01729],[2.95272,42.01818],[2.95244,42.02143],[2.95357,42.03024],[2.95277,42.03105],[2.95298,42.03308],[2.95641,42.03218],[2.95926,42.03654],[2.95913,42.03804],[2.96171,42.03844],[2.96558,42.03496],[2.969,42.03457],[2.97847,42.03627],[2.97938,42.03597],[2.97982,42.03683],[2.98163,42.04524],[2.98049,42.04862],[2.97748,42.05274],[2.97366,42.06036],[2.97268,42.06098],[2.97765,42.06653],[2.97757,42.07161],[2.9781,42.07299],[2.97289,42.07303],[2.97119,42.0746],[2.97037,42.07891],[2.96908,42.0815],[2.9686,42.0852],[2.96527,42.08841],[2.96478,42.08993],[2.95944,42.09203],[2.9572,42.09691],[2.95257,42.09707],[2.95191,42.09776],[2.95281,42.10208],[2.95276,42.10712],[2.95427,42.11213],[2.95343,42.11316],[2.94793,42.11426],[2.94473,42.11373],[2.93925,42.11637],[2.93389,42.11553],[2.93165,42.11368],[2.93002,42.11397],[2.92841,42.11517]]]]}},{"type":"Feature","properties":{"comarca":"21","nom_comar":"Maresme"},"geometry":{"type":"MultiPolygon","coordinates":[[[[2.72405,41.7444],[2.70251,41.72815],[2.69303,41.72541],[2.68365,41.72036],[2.67627,41.71824],[2.6701,41.71439],[2.6659,41.71711],[2.65892,41.71859],[2.65399,41.72196],[2.65083,41.72214],[2.64973,41.7178],[2.64731,41.71606],[2.64339,41.71504],[2.64098,41.71178],[2.63327,41.69465],[2.63433,41.69174],[2.63301,41.68984],[2.63013,41.6882],[2.62904,41.68829],[2.61994,41.69084],[2.61687,41.69111],[2.61377,41.69252],[2.59968,41.68382],[2.60318,41.67848],[2.60609,41.67762],[2.60902,41.67545],[2.60638,41.67268],[2.59816,41.67014],[2.59387,41.65887],[2.58935,41.65889],[2.57148,41.661],[2.56607,41.66054],[2.5619,41.65883],[2.5548,41.65909],[2.55137,41.65998],[2.54712,41.65832],[2.54465,41.65538],[2.54407,41.65038],[2.54141,41.64926],[2.54023,41.6474],[2.54022,41.64406],[2.53951,41.64283],[2.5355,41.64101],[2.53567,41.63984],[2.53462,41.63826],[2.53538,41.63639],[2.53473,41.63387],[2.53377,41.63307],[2.53194,41.63319],[2.52937,41.6319],[2.52893,41.63143],[2.52942,41.62934],[2.52695,41.62702],[2.5226,41.62584],[2.52001,41.62669],[2.51624,41.62657],[2.51487,41.62774],[2.51138,41.62582],[2.50433,41.6244],[2.49885,41.62431],[2.49721,41.62331],[2.49489,41.62468],[2.49263,41.62408],[2.48522,41.62686],[2.48402,41.62961],[2.4852,41.63097],[2.4844,41.63116],[2.48349,41.63113],[2.48175,41.62941],[2.47952,41.62919],[2.47778,41.63129],[2.47643,41.63076],[2.4733,41.63106],[2.47132,41.62974],[2.46381,41.63058],[2.45861,41.62839],[2.45678,41.62851],[2.45719,41.62953],[2.45562,41.63123],[2.45376,41.62925],[2.45208,41.62605],[2.44806,41.62759],[2.44858,41.62814],[2.44757,41.62907],[2.44798,41.6306],[2.44518,41.62978],[2.44236,41.63092],[2.44065,41.63066],[2.43782,41.62859],[2.43634,41.62829],[2.43391,41.63044],[2.43192,41.63089],[2.43108,41.62965],[2.42923,41.63103],[2.42876,41.62943],[2.42165,41.63066],[2.42034,41.62559],[2.41937,41.62565],[2.41767,41.62716],[2.41709,41.62647],[2.41514,41.62608],[2.41374,41.62364],[2.4103,41.62138],[2.40488,41.61391],[2.4031,41.61283],[2.40285,41.61156],[2.4012,41.61091],[2.40107,41.6077],[2.39943,41.60837],[2.39417,41.60855],[2.39314,41.60634],[2.39082,41.60543],[2.38901,41.60181],[2.38614,41.59953],[2.38507,41.6001],[2.38253,41.59994],[2.38329,41.59899],[2.38221,41.59589],[2.38042,41.59476],[2.3751,41.59512],[2.36847,41.5854],[2.35589,41.57388],[2.35341,41.57195],[2.34868,41.5698],[2.34718,41.56703],[2.34395,41.56531],[2.34409,41.56367],[2.34205,41.56141],[2.34027,41.56076],[2.33751,41.56115],[2.33836,41.55861],[2.33744,41.55624],[2.33919,41.55504],[2.33858,41.55093],[2.33498,41.54896],[2.33551,41.54601],[2.33352,41.54455],[2.33474,41.54388],[2.32798,41.54126],[2.32817,41.5393],[2.31605,41.53344],[2.31728,41.53241],[2.31895,41.53281],[2.31886,41.53131],[2.3204,41.53003],[2.32366,41.53032],[2.32681,41.52867],[2.32889,41.52846],[2.32855,41.52691],[2.32946,41.52393],[2.33097,41.52387],[2.32301,41.51664],[2.31667,41.5174],[2.30974,41.51633],[2.30724,41.51336],[2.30167,41.51527],[2.28927,41.51417],[2.28501,41.51535],[2.2783,41.51237],[2.27387,41.51161],[2.26923,41.50985],[2.26815,41.50913],[2.2668,41.50477],[2.26328,41.50397],[2.26222,41.50234],[2.26299,41.5016],[2.26025,41.49931],[2.25922,41.49726],[2.25551,41.49597],[2.25535,41.49336],[2.2544,41.4923],[2.2523,41.49196],[2.24705,41.48859],[2.24763,41.48563],[2.26138,41.47068],[2.26494,41.46566],[2.26848,41.46297],[2.26998,41.46061],[2.27692,41.46446],[2.27965,41.46451],[2.28312,41.46686],[2.28875,41.46939],[2.30444,41.47495],[2.30726,41.47541],[2.30852,41.47517],[2.30951,41.47412],[2.31239,41.475],[2.30941,41.47443],[2.30852,41.47601],[2.31077,41.47638],[2.31111,41.47539],[2.31094,41.47629],[2.31415,41.47608],[2.31295,41.47649],[2.3132,41.4771],[2.31479,41.47746],[2.31515,41.47657],[2.31487,41.47748],[2.31668,41.47769],[2.31633,41.4762],[2.31314,41.47533],[2.31281,41.47415],[2.31098,41.47358],[2.3123,41.47359],[2.31434,41.47522],[2.32937,41.48103],[2.34945,41.48589],[2.35068,41.48555],[2.35174,41.48653],[2.36165,41.48923],[2.36432,41.48931],[2.36578,41.48813],[2.36528,41.48909],[2.36971,41.49037],[2.37043,41.48893],[2.36674,41.48751],[2.36473,41.48773],[2.36712,41.48739],[2.37063,41.48875],[2.37057,41.49035],[2.3759,41.49373],[2.3878,41.49931],[2.38886,41.49938],[2.38907,41.49881],[2.38976,41.49999],[2.39723,41.50389],[2.39949,41.50399],[2.41745,41.51603],[2.42391,41.51901],[2.43532,41.52595],[2.43716,41.52621],[2.43708,41.52678],[2.43955,41.52835],[2.44118,41.52869],[2.44224,41.52803],[2.44133,41.52886],[2.44232,41.52949],[2.4447,41.52784],[2.44308,41.52925],[2.44389,41.52986],[2.44478,41.52899],[2.44512,41.52925],[2.44439,41.53],[2.44542,41.52947],[2.44439,41.53024],[2.44676,41.53202],[2.44877,41.52984],[2.44635,41.52801],[2.44556,41.52855],[2.44626,41.52794],[2.44387,41.52642],[2.44449,41.52617],[2.44929,41.5298],[2.44935,41.53063],[2.44813,41.5322],[2.45003,41.53429],[2.45329,41.53666],[2.45451,41.53656],[2.45549,41.53825],[2.45935,41.54131],[2.46789,41.54571],[2.49318,41.55235],[2.49774,41.55471],[2.49854,41.55454],[2.49889,41.55532],[2.50099,41.55621],[2.50229,41.55638],[2.50362,41.55563],[2.50625,41.55698],[2.50384,41.55598],[2.50254,41.55712],[2.50417,41.55799],[2.50484,41.55734],[2.50578,41.55784],[2.50488,41.55743],[2.50544,41.55815],[2.50447,41.55808],[2.5054,41.55878],[2.5059,41.55811],[2.50809,41.55808],[2.50648,41.55829],[2.5065,41.55932],[2.50765,41.55937],[2.50773,41.55872],[2.50774,41.55968],[2.50856,41.55966],[2.50902,41.55835],[2.50703,41.55736],[2.50697,41.55638],[2.5058,41.55541],[2.5092,41.55806],[2.50949,41.55942],[2.51446,41.56218],[2.52624,41.56736],[2.52822,41.56728],[2.52839,41.56803],[2.53166,41.56908],[2.5344,41.57113],[2.54932,41.57694],[2.55479,41.57758],[2.55595,41.57733],[2.55611,41.57632],[2.55895,41.57613],[2.55897,41.57661],[2.55633,41.57659],[2.55645,41.57748],[2.55966,41.57723],[2.55969,41.57785],[2.55644,41.57803],[2.55544,41.57936],[2.55719,41.5795],[2.5582,41.57891],[2.56175,41.57986],[2.56285,41.57932],[2.56165,41.57704],[2.5611,41.57718],[2.56132,41.57833],[2.56011,41.57537],[2.55653,41.57446],[2.56058,41.57498],[2.56224,41.57755],[2.57187,41.58229],[2.60417,41.59402],[2.61868,41.59812],[2.62301,41.60046],[2.62486,41.60073],[2.62548,41.60028],[2.63172,41.6037],[2.63748,41.60505],[2.63984,41.60492],[2.65195,41.60951],[2.66526,41.61286],[2.70028,41.62369],[2.71104,41.62812],[2.71883,41.6293],[2.73121,41.63667],[2.74581,41.64222],[2.75497,41.64474],[2.76934,41.64711],[2.77668,41.64987],[2.77763,41.65068],[2.77711,41.65181],[2.77235,41.65911],[2.76529,41.66611],[2.76021,41.67262],[2.75785,41.6794],[2.77022,41.68753],[2.77452,41.70029],[2.7658,41.7242],[2.76586,41.7257],[2.76838,41.72675],[2.76987,41.72667],[2.77073,41.72838],[2.77706,41.73073],[2.77602,41.73495],[2.74421,41.73488],[2.72405,41.7444]]]]}},{"type":"Feature","properties":{"comarca":"22","nom_comar":"Montsià"},"geometry":{"type":"MultiPolygon","coordinates":[[[[0.64544,40.57606],[0.64393,40.5766],[0.64546,40.5756],[0.64554,40.57661],[0.64544,40.57606]],[[0.64225,40.57603],[0.64144,40.57697],[0.64289,40.57509],[0.64225,40.57603]],[[0.61543,40.57639],[0.61628,40.57665],[0.61498,40.57734],[0.61543,40.57639]],[[0.64658,40.57834],[0.6454,40.57931],[0.64555,40.57862],[0.64658,40.57834]],[[0.63814,40.57927],[0.63847,40.57986],[0.63784,40.58015],[0.63814,40.57927]],[[0.64271,40.58025],[0.64235,40.58078],[0.64307,40.58006],[0.64271,40.58025]],[[0.65552,40.57863],[0.65594,40.57991],[0.65322,40.58137],[0.65409,40.57968],[0.65552,40.57863]],[[0.63546,40.57988],[0.63605,40.58088],[0.63525,40.58134],[0.63407,40.57984],[0.63345,40.57985],[0.63381,40.57831],[0.63488,40.57739],[0.63582,40.57775],[0.63528,40.57871],[0.63446,40.57838],[0.63418,40.57893],[0.63518,40.57913],[0.63546,40.57988]],[[0.63381,40.5813],[0.63357,40.58179],[0.63289,40.58137],[0.63381,40.5813]],[[0.63055,40.58155],[0.62981,40.58142],[0.63001,40.58056],[0.63179,40.58104],[0.63055,40.58155]],[[0.63188,40.58207],[0.63117,40.58205],[0.63214,40.58123],[0.63308,40.58198],[0.63188,40.58207]],[[0.63593,40.58149],[0.63571,40.58226],[0.63462,40.58249],[0.63593,40.58149]],[[0.64551,40.58314],[0.64491,40.5831],[0.64503,40.58249],[0.64503,40.58298],[0.64637,40.58264],[0.64551,40.58314]],[[0.65477,40.58344],[0.65347,40.58334],[0.65421,40.5827],[0.65436,40.58323],[0.65579,40.58132],[0.65477,40.58344]],[[0.64367,40.58358],[0.6428,40.58354],[0.64319,40.58293],[0.64367,40.58358]],[[0.64519,40.58399],[0.64408,40.58389],[0.64537,40.58357],[0.64519,40.58399]],[[0.6465,40.58462],[0.64594,40.58408],[0.64684,40.58408],[0.6465,40.58462]],[[0.64846,40.58423],[0.64813,40.58475],[0.64708,40.58445],[0.64789,40.58329],[0.64846,40.58423]],[[0.65153,40.58524],[0.64928,40.58499],[0.64901,40.58431],[0.65012,40.58472],[0.65188,40.58407],[0.65151,40.58462],[0.65191,40.5844],[0.65196,40.58494],[0.65316,40.5843],[0.65295,40.58383],[0.65468,40.5838],[0.65355,40.58485],[0.65153,40.58524]],[[0.71655,40.60265],[0.71718,40.60311],[0.71654,40.60327],[0.71655,40.60265]],[[0.73963,40.63786],[0.7392,40.63826],[0.73902,40.63747],[0.74024,40.63736],[0.73963,40.63786]],[[0.25274,40.78128],[0.2498,40.78256],[0.23692,40.77995],[0.23368,40.78008],[0.23312,40.77938],[0.23491,40.77756],[0.23505,40.77658],[0.23084,40.77353],[0.2294,40.77095],[0.22972,40.76769],[0.22693,40.76724],[0.22464,40.76526],[0.22362,40.76642],[0.22148,40.76694],[0.21212,40.76759],[0.21061,40.76503],[0.20861,40.76322],[0.20592,40.76215],[0.20358,40.76012],[0.2021,40.75783],[0.19751,40.75913],[0.19568,40.75842],[0.1955,40.7567],[0.19072,40.7518],[0.19024,40.75055],[0.18497,40.75287],[0.1845,40.75594],[0.18317,40.7534],[0.18161,40.75281],[0.17765,40.75491],[0.17546,40.75484],[0.1752,40.75401],[0.17619,40.75279],[0.1739,40.74894],[0.17573,40.74354],[0.17546,40.74185],[0.17467,40.74119],[0.16708,40.74521],[0.16377,40.74928],[0.15965,40.75084],[0.1591,40.75018],[0.15983,40.74855],[0.16277,40.74623],[0.16489,40.74306],[0.16353,40.74158],[0.16388,40.74061],[0.16723,40.73937],[0.167,40.73763],[0.17023,40.7346],[0.17025,40.73274],[0.18173,40.72815],[0.18561,40.72819],[0.188,40.72929],[0.18918,40.73069],[0.19104,40.7311],[0.19447,40.7284],[0.19495,40.72601],[0.19765,40.72453],[0.2055,40.72647],[0.20788,40.72892],[0.2108,40.72899],[0.21611,40.73228],[0.22412,40.73231],[0.22638,40.73313],[0.22463,40.72556],[0.22737,40.71495],[0.23498,40.70591],[0.23609,40.70165],[0.24204,40.70018],[0.24888,40.70258],[0.25163,40.70488],[0.25617,40.70496],[0.26199,40.70602],[0.26598,40.70328],[0.26899,40.70354],[0.27039,40.70296],[0.27247,40.70002],[0.27262,40.69883],[0.27531,40.69756],[0.2775,40.69385],[0.2795,40.69321],[0.28121,40.69363],[0.28348,40.69135],[0.28617,40.68981],[0.29204,40.68813],[0.2915,40.68403],[0.28752,40.67945],[0.28564,40.67859],[0.28525,40.67607],[0.28315,40.67278],[0.27498,40.66996],[0.2734,40.66775],[0.27306,40.66536],[0.26782,40.65851],[0.26802,40.65602],[0.26933,40.65322],[0.2694,40.64804],[0.26623,40.64667],[0.26572,40.64472],[0.27014,40.64036],[0.27064,40.63793],[0.27611,40.63661],[0.27873,40.63011],[0.28186,40.62799],[0.28974,40.62467],[0.29213,40.62307],[0.29839,40.62585],[0.30048,40.62262],[0.30617,40.62038],[0.31538,40.61395],[0.31935,40.61468],[0.32321,40.6124],[0.33683,40.60882],[0.34484,40.60752],[0.34863,40.60835],[0.35359,40.60792],[0.36078,40.60568],[0.36724,40.6065],[0.37171,40.60497],[0.37639,40.60674],[0.38234,40.60616],[0.38859,40.6068],[0.3944,40.60323],[0.40179,40.60284],[0.40311,40.60216],[0.40503,40.59916],[0.40682,40.59776],[0.40488,40.59606],[0.40488,40.59508],[0.41516,40.58992],[0.42119,40.58502],[0.42573,40.58367],[0.42811,40.58148],[0.43198,40.57933],[0.44191,40.57928],[0.44324,40.5787],[0.44328,40.57742],[0.44135,40.57729],[0.43927,40.57412],[0.43725,40.57311],[0.43679,40.57169],[0.43866,40.57064],[0.43716,40.56862],[0.43471,40.56736],[0.4338,40.56596],[0.43465,40.56414],[0.43529,40.55934],[0.43686,40.55771],[0.43613,40.54968],[0.4387,40.5464],[0.44599,40.54508],[0.44705,40.54409],[0.44711,40.54235],[0.44809,40.54171],[0.45061,40.54196],[0.45473,40.54095],[0.46142,40.53735],[0.47242,40.53503],[0.47799,40.5319],[0.4791,40.53247],[0.48113,40.53232],[0.48703,40.52926],[0.49337,40.52806],[0.49855,40.52791],[0.50121,40.52628],[0.50613,40.52606],[0.50969,40.52387],[0.51471,40.52294],[0.51487,40.5252],[0.51641,40.52744],[0.51748,40.53193],[0.52194,40.53897],[0.52229,40.54022],[0.52179,40.54133],[0.52263,40.54313],[0.53006,40.55095],[0.53172,40.55076],[0.5342,40.55191],[0.53176,40.55109],[0.53034,40.55149],[0.53097,40.55224],[0.53171,40.55196],[0.53096,40.55232],[0.53189,40.55216],[0.53133,40.55261],[0.53206,40.5524],[0.53188,40.55304],[0.53256,40.55255],[0.53242,40.55182],[0.53275,40.55262],[0.53214,40.55361],[0.53417,40.55656],[0.53395,40.55817],[0.53551,40.56083],[0.5352,40.56166],[0.53648,40.56321],[0.53823,40.56763],[0.54172,40.56953],[0.54306,40.56843],[0.54174,40.56973],[0.54203,40.57011],[0.5449,40.5723],[0.54728,40.57301],[0.54837,40.57307],[0.55136,40.5697],[0.55643,40.57148],[0.55535,40.57165],[0.55139,40.56993],[0.54982,40.57175],[0.55214,40.57286],[0.54951,40.5721],[0.54786,40.57407],[0.5564,40.58189],[0.56052,40.58446],[0.56262,40.58678],[0.563,40.58839],[0.56619,40.59024],[0.56796,40.59216],[0.56788,40.5928],[0.57118,40.5949],[0.57189,40.5963],[0.57614,40.59863],[0.57605,40.59938],[0.57742,40.59999],[0.58009,40.60276],[0.58045,40.60414],[0.58172,40.60425],[0.58271,40.60504],[0.58266,40.60583],[0.58447,40.60614],[0.58486,40.60706],[0.58598,40.60721],[0.58578,40.60794],[0.5879,40.60967],[0.58869,40.61149],[0.59081,40.61177],[0.59015,40.61249],[0.59063,40.61295],[0.59571,40.61396],[0.59886,40.61149],[0.60459,40.60903],[0.60378,40.60996],[0.59852,40.61198],[0.59537,40.61457],[0.59708,40.61582],[0.59657,40.61623],[0.59462,40.6155],[0.5932,40.6163],[0.59422,40.61579],[0.59362,40.61662],[0.59455,40.61591],[0.59389,40.61683],[0.59489,40.61606],[0.5942,40.61707],[0.5957,40.61635],[0.59526,40.61675],[0.59607,40.61648],[0.5956,40.61689],[0.59603,40.61715],[0.59672,40.61659],[0.59626,40.61731],[0.59725,40.61654],[0.59629,40.61733],[0.59749,40.61668],[0.59645,40.61754],[0.59711,40.61803],[0.59785,40.6174],[0.59713,40.61808],[0.59853,40.61909],[0.59933,40.61843],[0.59849,40.61778],[0.59937,40.6184],[0.60009,40.61782],[0.59805,40.61635],[0.59858,40.61522],[0.5982,40.61636],[0.59992,40.61759],[0.6018,40.61607],[0.59908,40.61385],[0.60246,40.61623],[0.60246,40.61701],[0.59823,40.61994],[0.60092,40.6205],[0.59994,40.61974],[0.60123,40.62041],[0.60034,40.61944],[0.60147,40.62021],[0.60194,40.61982],[0.60087,40.61901],[0.60197,40.6198],[0.60261,40.61928],[0.6016,40.61849],[0.6032,40.6192],[0.60332,40.61823],[0.60265,40.61769],[0.60338,40.61822],[0.60326,40.6192],[0.60491,40.6193],[0.60355,40.61948],[0.60388,40.62066],[0.6048,40.62075],[0.60212,40.62071],[0.60186,40.62195],[0.60653,40.62277],[0.60708,40.61784],[0.60395,40.61766],[0.60408,40.6161],[0.60345,40.61553],[0.60432,40.6163],[0.60852,40.61661],[0.60787,40.62295],[0.60382,40.62259],[0.60183,40.62198],[0.60054,40.62073],[0.60039,40.62162],[0.60481,40.62321],[0.61152,40.62335],[0.62596,40.62227],[0.64074,40.62395],[0.64379,40.62316],[0.64367,40.62417],[0.64221,40.62421],[0.64382,40.62442],[0.64411,40.62291],[0.64409,40.62387],[0.64915,40.62507],[0.65186,40.62424],[0.65144,40.62474],[0.65229,40.62486],[0.65233,40.62597],[0.65421,40.62669],[0.66335,40.6265],[0.6639,40.62706],[0.6657,40.62544],[0.6641,40.62724],[0.66626,40.62767],[0.6673,40.62896],[0.66884,40.62854],[0.6715,40.62954],[0.67969,40.63355],[0.68351,40.63417],[0.68267,40.63509],[0.6831,40.63624],[0.68447,40.63633],[0.68533,40.63458],[0.68814,40.63585],[0.69285,40.63636],[0.69192,40.63837],[0.6927,40.63969],[0.6943,40.63817],[0.69454,40.63643],[0.69568,40.63707],[0.69887,40.6373],[0.70024,40.63831],[0.7015,40.63746],[0.70395,40.63754],[0.70322,40.63829],[0.70362,40.63839],[0.70801,40.63634],[0.71137,40.63788],[0.71281,40.63799],[0.71391,40.63733],[0.71306,40.63844],[0.71404,40.63897],[0.72148,40.63848],[0.72613,40.63972],[0.73288,40.6384],[0.73328,40.63867],[0.73281,40.64005],[0.73358,40.6407],[0.73365,40.63949],[0.73499,40.63941],[0.73492,40.6385],[0.73579,40.63785],[0.73824,40.63784],[0.73658,40.63908],[0.73854,40.63825],[0.73822,40.63738],[0.7393,40.6384],[0.74441,40.63641],[0.74581,40.63659],[0.74349,40.6341],[0.74427,40.634],[0.74319,40.63394],[0.74264,40.63315],[0.74334,40.63302],[0.74208,40.63263],[0.74247,40.63227],[0.74167,40.63148],[0.74215,40.63125],[0.74088,40.63053],[0.74152,40.62952],[0.73846,40.62558],[0.73205,40.61959],[0.73157,40.6179],[0.72948,40.61541],[0.72784,40.61481],[0.72437,40.61079],[0.72329,40.61116],[0.72295,40.61054],[0.72363,40.61038],[0.72184,40.60911],[0.72275,40.60937],[0.72305,40.6089],[0.72163,40.60752],[0.72068,40.60779],[0.72083,40.60727],[0.71961,40.60672],[0.72055,40.60642],[0.71555,40.60037],[0.7144,40.60065],[0.71467,40.60022],[0.71357,40.59933],[0.7147,40.59911],[0.71391,40.59807],[0.71283,40.59837],[0.71323,40.59766],[0.71173,40.59696],[0.71303,40.59708],[0.71215,40.59591],[0.71129,40.59602],[0.70829,40.59402],[0.70934,40.59396],[0.70897,40.59368],[0.70987,40.59218],[0.70757,40.5906],[0.70762,40.59136],[0.70681,40.59124],[0.70708,40.59089],[0.7064,40.59146],[0.70368,40.58972],[0.69884,40.58981],[0.69751,40.58891],[0.69644,40.58951],[0.692,40.58899],[0.68778,40.58983],[0.68373,40.58902],[0.6831,40.58988],[0.67582,40.59149],[0.67277,40.59294],[0.66475,40.59128],[0.66016,40.59144],[0.65617,40.58876],[0.65418,40.58538],[0.65484,40.58455],[0.65561,40.58505],[0.65524,40.58354],[0.65627,40.58227],[0.65712,40.57826],[0.65459,40.57888],[0.65457,40.57793],[0.65373,40.57787],[0.65397,40.57857],[0.65275,40.58028],[0.64993,40.58112],[0.64942,40.58071],[0.64999,40.57824],[0.65086,40.57774],[0.64761,40.57606],[0.64589,40.57683],[0.64627,40.57571],[0.64773,40.57564],[0.64905,40.57472],[0.6485,40.5756],[0.64919,40.57512],[0.64962,40.57287],[0.64889,40.57465],[0.64712,40.57478],[0.64847,40.57378],[0.6489,40.57298],[0.64845,40.57262],[0.64769,40.5731],[0.64823,40.57326],[0.64791,40.57378],[0.64699,40.57395],[0.64693,40.57343],[0.64546,40.57535],[0.64438,40.57525],[0.64598,40.57383],[0.64337,40.57464],[0.64362,40.57388],[0.6423,40.5744],[0.64275,40.5738],[0.64168,40.57455],[0.63389,40.57636],[0.63248,40.57783],[0.6324,40.57713],[0.6306,40.57836],[0.63028,40.57901],[0.63145,40.57895],[0.63121,40.57997],[0.62994,40.58051],[0.6297,40.58187],[0.62241,40.58382],[0.62125,40.58346],[0.61803,40.58576],[0.61655,40.58547],[0.61711,40.58412],[0.61771,40.5846],[0.61745,40.58414],[0.61819,40.58422],[0.61703,40.58389],[0.6177,40.58332],[0.61704,40.58347],[0.6166,40.58191],[0.61669,40.58121],[0.61791,40.5808],[0.61673,40.58103],[0.6173,40.58049],[0.61634,40.58074],[0.61659,40.58023],[0.61584,40.58033],[0.61526,40.57894],[0.61539,40.57806],[0.61607,40.57784],[0.61605,40.57924],[0.61692,40.57777],[0.61679,40.57464],[0.61845,40.57196],[0.61709,40.57263],[0.61595,40.57473],[0.6162,40.57611],[0.61429,40.57653],[0.61315,40.57563],[0.61203,40.57598],[0.61136,40.57814],[0.60848,40.57714],[0.60772,40.57659],[0.60785,40.57594],[0.60709,40.57674],[0.60836,40.57733],[0.60591,40.57745],[0.60489,40.57671],[0.60525,40.57609],[0.60393,40.57658],[0.60194,40.57541],[0.60285,40.57474],[0.60153,40.57402],[0.60145,40.57555],[0.59865,40.57637],[0.60056,40.57607],[0.59716,40.57749],[0.59434,40.5796],[0.59252,40.58027],[0.59157,40.57843],[0.59155,40.57643],[0.59358,40.57066],[0.59631,40.56573],[0.60505,40.55729],[0.60345,40.5584],[0.60422,40.55765],[0.60891,40.5549],[0.61481,40.55293],[0.615,40.55228],[0.62237,40.55081],[0.63044,40.55097],[0.65093,40.55431],[0.66708,40.5593],[0.67721,40.56321],[0.68329,40.56663],[0.69187,40.57251],[0.70106,40.58056],[0.72288,40.60757],[0.74524,40.63112],[0.75364,40.63821],[0.76369,40.64382],[0.83897,40.67555],[0.85509,40.68496],[0.86191,40.69087],[0.86507,40.69543],[0.86962,40.70504],[0.87299,40.71553],[0.87424,40.71748],[0.87334,40.71936],[0.85809,40.71885],[0.85101,40.71775],[0.84196,40.71538],[0.82966,40.7101],[0.81835,40.70711],[0.81497,40.70553],[0.80902,40.7004],[0.80262,40.69694],[0.79339,40.69429],[0.78373,40.69494],[0.77848,40.69631],[0.76265,40.70303],[0.75531,40.70892],[0.75279,40.70991],[0.73736,40.7098],[0.70577,40.71461],[0.69312,40.71472],[0.69049,40.71354],[0.68769,40.71336],[0.68283,40.71505],[0.67844,40.71883],[0.67421,40.72112],[0.66177,40.71963],[0.65386,40.71708],[0.6391,40.71366],[0.63183,40.71055],[0.6181,40.70604],[0.61178,40.70579],[0.60067,40.707],[0.59374,40.7088],[0.57993,40.71574],[0.57491,40.72529],[0.5707,40.74069],[0.56839,40.74679],[0.56541,40.75012],[0.56139,40.75177],[0.56069,40.75064],[0.55138,40.74605],[0.55156,40.74414],[0.54548,40.74426],[0.54361,40.74574],[0.54179,40.74604],[0.54065,40.74738],[0.53695,40.74813],[0.53359,40.74762],[0.53258,40.74567],[0.53077,40.74539],[0.52383,40.74611],[0.5218,40.74362],[0.51988,40.74299],[0.5181,40.74308],[0.51846,40.74442],[0.51708,40.74473],[0.51579,40.7437],[0.51497,40.74169],[0.50604,40.73829],[0.50215,40.73973],[0.49842,40.73838],[0.4928,40.73949],[0.48352,40.73883],[0.47454,40.73686],[0.47164,40.73786],[0.46281,40.73772],[0.45593,40.73841],[0.44396,40.73738],[0.44004,40.73611],[0.43207,40.73832],[0.42114,40.73856],[0.41654,40.74002],[0.41246,40.74049],[0.40757,40.744],[0.39899,40.7482],[0.39391,40.75361],[0.38329,40.75796],[0.3843,40.76282],[0.34311,40.7577],[0.33056,40.76052],[0.3264,40.75175],[0.32251,40.75174],[0.31171,40.74555],[0.29937,40.75035],[0.29023,40.75167],[0.29069,40.75593],[0.28867,40.75616],[0.29019,40.75857],[0.28939,40.75886],[0.28948,40.75967],[0.28841,40.76062],[0.28799,40.76346],[0.28684,40.76495],[0.28815,40.76647],[0.28655,40.76873],[0.28318,40.76815],[0.27929,40.76658],[0.27825,40.76545],[0.27813,40.76392],[0.27664,40.76288],[0.27575,40.76639],[0.27338,40.76744],[0.27067,40.76763],[0.27023,40.76927],[0.27743,40.77308],[0.2762,40.77513],[0.27338,40.7774],[0.27168,40.7803],[0.26976,40.78087],[0.2668,40.7801],[0.2641,40.78196],[0.25274,40.78128]]]]}},{"type":"Feature","properties":{"comarca":"23","nom_comar":"Noguera"},"geometry":{"type":"MultiPolygon","coordinates":[[[[1.1676,42.11884],[1.16749,42.11977],[1.16596,42.12123],[1.16606,42.12305],[1.15742,42.12292],[1.15624,42.11864],[1.15578,42.11807],[1.15516,42.11854],[1.15413,42.11679],[1.15213,42.11593],[1.15117,42.11599],[1.14822,42.11841],[1.14722,42.11565],[1.1458,42.11537],[1.1443,42.11816],[1.14327,42.11855],[1.14205,42.11803],[1.14093,42.11957],[1.13995,42.11903],[1.13706,42.11653],[1.13554,42.11125],[1.13276,42.10944],[1.13098,42.10683],[1.13032,42.10442],[1.12358,42.09774],[1.12177,42.09397],[1.12165,42.09227],[1.11973,42.08932],[1.11507,42.08728],[1.1118,42.08726],[1.10903,42.08514],[1.10711,42.08127],[1.10195,42.07616],[1.09921,42.07135],[1.10071,42.06736],[1.09902,42.06667],[1.09821,42.06274],[1.09435,42.05812],[1.08744,42.05371],[1.08352,42.05201],[1.08258,42.05087],[1.07869,42.0499],[1.07715,42.04736],[1.07703,42.04562],[1.08138,42.04151],[1.08468,42.03674],[1.08784,42.03584],[1.08853,42.03449],[1.09039,42.03367],[1.09105,42.03004],[1.09211,42.02795],[1.09001,42.02205],[1.08934,42.02181],[1.08992,42.02012],[1.08784,42.01872],[1.08959,42.01798],[1.08293,42.00792],[1.07811,42.00726],[1.07543,42.00589],[1.07432,42.00837],[1.07297,42.0236],[1.06929,42.03637],[1.06152,42.03561],[1.05698,42.03441],[1.04521,42.03439],[1.03571,42.03166],[1.02805,42.03095],[1.02165,42.03392],[1.01319,42.02605],[1.01015,42.02125],[1.00936,42.02094],[1.00737,42.02271],[1.00415,42.02168],[1.00163,42.02187],[0.99721,42.02085],[0.98793,42.02159],[0.98576,42.02106],[0.98442,42.02181],[0.9824,42.02106],[0.98171,42.02148],[0.96541,42.01975],[0.96275,42.02085],[0.95294,42.02119],[0.95234,42.02221],[0.94937,42.0238],[0.94488,42.02242],[0.94147,42.02274],[0.93842,42.02199],[0.92062,42.02205],[0.91834,42.02249],[0.91636,42.02448],[0.91613,42.02554],[0.91336,42.02574],[0.89967,42.03424],[0.89864,42.0346],[0.89684,42.03404],[0.88986,42.03641],[0.88777,42.0406],[0.8886,42.04089],[0.889,42.04305],[0.88839,42.04321],[0.88609,42.04263],[0.88476,42.04121],[0.88036,42.0401],[0.87361,42.03696],[0.86409,42.03576],[0.8568,42.03644],[0.84958,42.03613],[0.84683,42.03772],[0.83872,42.03868],[0.83659,42.03985],[0.83097,42.04101],[0.82804,42.04021],[0.81316,42.04023],[0.80937,42.04119],[0.80509,42.04042],[0.80114,42.04087],[0.79889,42.04273],[0.78938,42.04007],[0.78557,42.04115],[0.78145,42.04049],[0.77657,42.04131],[0.76987,42.04005],[0.76341,42.03998],[0.74614,42.04636],[0.74556,42.04741],[0.7467,42.04914],[0.74222,42.05278],[0.7369,42.05289],[0.73146,42.05104],[0.72846,42.05155],[0.72575,42.05082],[0.72341,42.05123],[0.72305,42.05235],[0.71271,42.05235],[0.70775,42.05375],[0.70365,42.05681],[0.70173,42.05709],[0.69794,42.05892],[0.69553,42.05956],[0.69337,42.05922],[0.69118,42.06097],[0.69067,42.06305],[0.68739,42.06452],[0.68405,42.06946],[0.68255,42.07067],[0.68159,42.07516],[0.68028,42.07601],[0.67941,42.07392],[0.67376,42.06815],[0.67335,42.06528],[0.66974,42.06157],[0.67045,42.05992],[0.67,42.05634],[0.66866,42.05476],[0.66905,42.04972],[0.67202,42.04732],[0.66991,42.04544],[0.66855,42.04284],[0.66647,42.04146],[0.66305,42.04095],[0.65923,42.04137],[0.65689,42.0401],[0.65658,42.03418],[0.65742,42.03125],[0.65448,42.02769],[0.65192,42.02634],[0.65172,42.02381],[0.65519,42.02226],[0.65476,42.01996],[0.65587,42.01635],[0.65726,42.01483],[0.65989,42.01387],[0.66337,42.01565],[0.66405,42.0151],[0.66272,42.01178],[0.66003,42.00932],[0.65724,42.00138],[0.65434,41.99924],[0.65047,41.99818],[0.64662,41.99626],[0.64527,41.99219],[0.64611,41.98996],[0.64578,41.9874],[0.64443,41.98597],[0.64311,41.98288],[0.64186,41.98201],[0.64234,41.98617],[0.63886,41.99474],[0.63494,41.9924],[0.63003,41.99276],[0.62405,41.99181],[0.61691,41.98698],[0.61897,41.98308],[0.6145,41.98143],[0.61388,41.97993],[0.61064,41.97765],[0.61191,41.97317],[0.61049,41.96789],[0.60912,41.96684],[0.60353,41.96554],[0.6058,41.96083],[0.60558,41.95999],[0.60068,41.96176],[0.59782,41.96542],[0.59308,41.96871],[0.58701,41.9665],[0.58601,41.9616],[0.57818,41.95757],[0.57724,41.95484],[0.56945,41.94844],[0.56731,41.94536],[0.5659,41.94438],[0.56388,41.9396],[0.56126,41.93888],[0.56264,41.93269],[0.5724,41.93134],[0.58042,41.92816],[0.6017,41.92277],[0.60759,41.91923],[0.60592,41.918],[0.60257,41.91795],[0.59877,41.91898],[0.59656,41.91868],[0.59498,41.91763],[0.59495,41.91581],[0.59576,41.91409],[0.60072,41.90972],[0.60097,41.90729],[0.5984,41.90006],[0.59801,41.89616],[0.59505,41.8886],[0.59208,41.8848],[0.60832,41.87836],[0.60735,41.87177],[0.60349,41.86915],[0.59874,41.86926],[0.59406,41.86791],[0.59159,41.86537],[0.58982,41.86593],[0.58694,41.8657],[0.58524,41.86514],[0.58412,41.86353],[0.57989,41.86317],[0.58196,41.85726],[0.57873,41.84829],[0.57802,41.82692],[0.58712,41.80943],[0.58739,41.80859],[0.58685,41.8085],[0.58754,41.80843],[0.59121,41.80165],[0.59957,41.79201],[0.60502,41.78917],[0.61116,41.78452],[0.61265,41.78229],[0.61265,41.78042],[0.61678,41.77249],[0.62116,41.76647],[0.6269,41.76173],[0.63387,41.75932],[0.6382,41.75569],[0.64611,41.74706],[0.65336,41.74157],[0.65979,41.73572],[0.6615,41.73322],[0.66297,41.72881],[0.66668,41.72413],[0.67124,41.72062],[0.67249,41.71809],[0.68565,41.70855],[0.68665,41.7058],[0.68908,41.7038],[0.6908,41.70065],[0.69243,41.69561],[0.69381,41.69498],[0.70264,41.70032],[0.70317,41.69849],[0.70556,41.69587],[0.70681,41.69513],[0.7086,41.69545],[0.71048,41.69878],[0.71217,41.69959],[0.71254,41.70041],[0.71202,41.7016],[0.7136,41.70176],[0.71543,41.70297],[0.72629,41.69867],[0.72856,41.70311],[0.73131,41.70568],[0.73528,41.70857],[0.73974,41.71014],[0.74185,41.7122],[0.74555,41.71036],[0.74959,41.7061],[0.75225,41.70097],[0.76085,41.69093],[0.76359,41.68561],[0.77646,41.68807],[0.77566,41.69317],[0.77424,41.69709],[0.77514,41.69853],[0.77737,41.69977],[0.77921,41.69901],[0.78301,41.69948],[0.78754,41.701],[0.79146,41.70152],[0.79507,41.70332],[0.80192,41.7018],[0.80561,41.70196],[0.80955,41.70007],[0.81068,41.70462],[0.81044,41.70887],[0.81198,41.71267],[0.81302,41.71305],[0.81929,41.712],[0.83887,41.71275],[0.84069,41.71148],[0.84094,41.70803],[0.84205,41.70795],[0.84715,41.70919],[0.84975,41.71068],[0.85687,41.71118],[0.86052,41.71656],[0.86353,41.72301],[0.86569,41.72431],[0.85273,41.72575],[0.85542,41.73117],[0.86396,41.74097],[0.86694,41.74107],[0.86772,41.74038],[0.87006,41.74056],[0.87418,41.73932],[0.88093,41.73921],[0.893,41.74065],[0.89425,41.73778],[0.91338,41.73766],[0.91388,41.72713],[0.91559,41.71931],[0.92242,41.71279],[0.92778,41.70644],[0.93501,41.70758],[0.93466,41.70628],[0.93581,41.70271],[0.93877,41.7018],[0.93915,41.70105],[0.94747,41.70143],[0.9539,41.70401],[0.95962,41.70519],[0.97066,41.70365],[0.97973,41.71014],[0.98244,41.71309],[0.9831,41.73177],[0.97747,41.73133],[0.96747,41.73503],[0.96046,41.73237],[0.95754,41.73897],[0.95402,41.74275],[0.95727,41.74404],[0.97109,41.7545],[0.97697,41.76054],[0.98757,41.77432],[0.98624,41.77158],[1.00773,41.77099],[1.01511,41.77654],[1.01974,41.77688],[1.03336,41.76882],[1.04694,41.78206],[1.06068,41.79295],[1.06835,41.80443],[1.07755,41.82034],[1.08055,41.82405],[1.07549,41.82304],[1.09092,41.84362],[1.09452,41.851],[1.0995,41.85669],[1.10448,41.85555],[1.10344,41.85293],[1.11558,41.85407],[1.11502,41.85086],[1.12074,41.84894],[1.12387,41.83843],[1.12464,41.83263],[1.12254,41.8287],[1.11932,41.82717],[1.11803,41.82581],[1.11678,41.82293],[1.11424,41.82156],[1.11215,41.8222],[1.11087,41.82353],[1.10829,41.82403],[1.10493,41.82648],[1.1044,41.8276],[1.10312,41.82774],[1.10174,41.82549],[1.10184,41.82105],[1.0994,41.82042],[1.09863,41.8195],[1.0982,41.81415],[1.09874,41.81149],[1.10658,41.81069],[1.11122,41.8093],[1.12328,41.80746],[1.12611,41.8054],[1.13354,41.80444],[1.13471,41.80727],[1.13418,41.81076],[1.1362,41.81114],[1.13802,41.81454],[1.14208,41.81621],[1.14436,41.81968],[1.14614,41.82091],[1.15112,41.82015],[1.15276,41.81826],[1.15108,41.81653],[1.14995,41.81395],[1.14761,41.81298],[1.14405,41.81034],[1.14313,41.80898],[1.14111,41.80825],[1.13832,41.80523],[1.13627,41.80116],[1.13666,41.79985],[1.13619,41.79846],[1.14052,41.79273],[1.14029,41.78572],[1.14733,41.78417],[1.15263,41.78226],[1.15793,41.78191],[1.15963,41.78119],[1.16362,41.78143],[1.18137,41.79611],[1.18451,41.79673],[1.18646,41.79823],[1.18758,41.79952],[1.18789,41.80099],[1.19044,41.80259],[1.19514,41.80939],[1.20044,41.81257],[1.20247,41.81508],[1.20636,41.81309],[1.20977,41.81272],[1.21176,41.81155],[1.21569,41.81292],[1.218,41.81629],[1.22483,41.81963],[1.22736,41.82522],[1.22984,41.8269],[1.23103,41.82888],[1.23534,41.8324],[1.23714,41.83617],[1.23619,41.84149],[1.23935,41.84509],[1.2419,41.8454],[1.24233,41.84743],[1.24353,41.84891],[1.24623,41.84927],[1.24756,41.85128],[1.25262,41.85355],[1.25695,41.85771],[1.25903,41.85637],[1.25814,41.85869],[1.26008,41.86053],[1.26574,41.86189],[1.27389,41.86771],[1.27675,41.87068],[1.27691,41.87158],[1.28262,41.87605],[1.28373,41.87743],[1.28346,41.88206],[1.28943,41.88687],[1.29032,41.89419],[1.29135,41.89683],[1.29252,41.89791],[1.2902,41.90337],[1.29116,41.9063],[1.29051,41.90738],[1.29113,41.90867],[1.29084,41.90966],[1.29785,41.91739],[1.29759,41.9199],[1.29539,41.92157],[1.30047,41.92509],[1.30233,41.92905],[1.30774,41.93347],[1.30985,41.93654],[1.3107,41.93908],[1.3104,41.94106],[1.31355,41.94723],[1.31314,41.9489],[1.30847,41.95296],[1.29346,41.95548],[1.29138,41.95852],[1.2893,41.95666],[1.2879,41.95646],[1.2856,41.95851],[1.27858,41.95327],[1.26001,41.94247],[1.25586,41.94185],[1.25153,41.93942],[1.24986,41.93917],[1.24803,41.93988],[1.2527,41.94452],[1.25242,41.94613],[1.25377,41.94829],[1.25324,41.94958],[1.25435,41.95019],[1.25575,41.9534],[1.25604,41.95599],[1.26003,41.96542],[1.26025,41.96748],[1.26228,41.97267],[1.26247,41.97486],[1.25798,41.97647],[1.25696,41.98174],[1.25807,41.98914],[1.26007,41.98992],[1.26085,41.9927],[1.26307,41.9955],[1.26279,41.99713],[1.26368,41.99761],[1.26147,42.00294],[1.25758,42.00379],[1.25561,42.00577],[1.25208,42.00543],[1.24996,42.00679],[1.24824,42.00833],[1.24873,42.01178],[1.24189,42.01597],[1.23653,42.02036],[1.23633,42.02458],[1.2392,42.02779],[1.23928,42.03135],[1.24099,42.03644],[1.23695,42.04159],[1.23497,42.04274],[1.23335,42.04642],[1.23976,42.0496],[1.242,42.0529],[1.23672,42.06059],[1.23812,42.06306],[1.23869,42.06314],[1.23765,42.06427],[1.23398,42.06335],[1.23664,42.06508],[1.23681,42.06586],[1.22403,42.06978],[1.21908,42.0688],[1.21963,42.07061],[1.22143,42.07195],[1.22339,42.07581],[1.22046,42.07811],[1.22097,42.0796],[1.21449,42.07944],[1.21293,42.07825],[1.21286,42.07685],[1.21082,42.07656],[1.20656,42.07925],[1.20275,42.08373],[1.20004,42.09],[1.18574,42.08571],[1.18383,42.08967],[1.18236,42.08844],[1.1841,42.08697],[1.18159,42.0869],[1.18123,42.08626],[1.18174,42.08551],[1.18092,42.08475],[1.17965,42.08545],[1.17705,42.08357],[1.17456,42.0844],[1.17165,42.08439],[1.16944,42.08244],[1.16674,42.08234],[1.16736,42.08434],[1.1666,42.08738],[1.16754,42.08875],[1.16449,42.09591],[1.16495,42.09764],[1.16386,42.09833],[1.16413,42.09993],[1.16501,42.10071],[1.16411,42.10332],[1.16241,42.10324],[1.16209,42.10468],[1.16233,42.10625],[1.16503,42.10953],[1.16502,42.11132],[1.16614,42.11352],[1.16609,42.11557],[1.1676,42.11884]],[[1.04411,41.85851],[1.04501,41.85944],[1.04636,41.85719],[1.05536,41.85755],[1.05565,41.8533],[1.05677,41.85341],[1.05807,41.84869],[1.06158,41.84899],[1.0626,41.84492],[1.06402,41.84298],[1.06507,41.83672],[1.0666,41.83523],[1.05443,41.83704],[1.05115,41.82992],[1.04207,41.82866],[1.03706,41.82576],[1.03592,41.8257],[1.03232,41.82058],[1.02934,41.81944],[1.02694,41.82018],[1.0253,41.82205],[1.02424,41.82784],[1.02167,41.82836],[1.0223,41.83035],[1.02441,41.83169],[1.02451,41.83843],[1.0201,41.83873],[1.02057,41.84085],[1.01957,41.84546],[1.01975,41.8479],[1.02091,41.85031],[1.02257,41.85035],[1.0257,41.85183],[1.02905,41.85583],[1.03144,41.85432],[1.03124,41.8521],[1.03315,41.85187],[1.03359,41.85325],[1.03535,41.85255],[1.0369,41.85451],[1.0396,41.85416],[1.03971,41.85738],[1.04208,41.8568],[1.04411,41.85851]],[[0.95262,41.74711],[0.95683,41.75002],[0.96321,41.75261],[0.96809,41.7565],[0.97278,41.76394],[0.9758,41.77044],[0.97662,41.77572],[0.97914,41.77549],[0.97706,41.77132],[0.97554,41.76329],[0.97007,41.7562],[0.96368,41.75107],[0.95382,41.74523],[0.95262,41.74711]]]]}},{"type":"Feature","properties":{"comarca":"24","nom_comar":"Osona"},"geometry":{"type":"MultiPolygon","coordinates":[[[[2.3727,42.1723],[2.37117,42.1761],[2.3612,42.17151],[2.35598,42.17128],[2.35386,42.17186],[2.35023,42.17017],[2.34656,42.1695],[2.34539,42.16824],[2.33997,42.16888],[2.33681,42.16744],[2.33539,42.16562],[2.33165,42.16497],[2.32771,42.16253],[2.32447,42.16273],[2.32249,42.1619],[2.31743,42.16302],[2.3142,42.16254],[2.30832,42.15871],[2.30502,42.15781],[2.29696,42.16584],[2.29587,42.1658],[2.29417,42.1644],[2.28992,42.16568],[2.28699,42.16379],[2.28068,42.16619],[2.27889,42.16473],[2.27683,42.16438],[2.26931,42.16363],[2.26489,42.16418],[2.26826,42.16208],[2.27128,42.16314],[2.27699,42.16219],[2.27663,42.15808],[2.28136,42.15983],[2.28202,42.15854],[2.28165,42.15713],[2.2875,42.1563],[2.29128,42.15685],[2.28974,42.1559],[2.28907,42.15428],[2.28566,42.15237],[2.27699,42.14958],[2.28143,42.14971],[2.28331,42.14904],[2.28793,42.14992],[2.28826,42.14819],[2.2895,42.14889],[2.29004,42.15007],[2.29403,42.15052],[2.29484,42.15164],[2.29636,42.15143],[2.29643,42.1508],[2.29171,42.14723],[2.28843,42.14217],[2.28558,42.14003],[2.28121,42.14067],[2.27514,42.14016],[2.27216,42.1393],[2.27217,42.14029],[2.27343,42.14063],[2.27263,42.14171],[2.27321,42.14241],[2.2713,42.14262],[2.27147,42.14371],[2.26987,42.14501],[2.26865,42.14281],[2.26702,42.14278],[2.26338,42.14132],[2.26029,42.14115],[2.25754,42.13863],[2.24622,42.13919],[2.24401,42.13792],[2.24257,42.13797],[2.24011,42.14281],[2.23753,42.14375],[2.22896,42.14271],[2.2241,42.14285],[2.22262,42.14199],[2.21455,42.14196],[2.21402,42.13861],[2.20995,42.13964],[2.21086,42.13674],[2.20528,42.13361],[2.20605,42.13265],[2.21188,42.13017],[2.21298,42.1289],[2.21123,42.12739],[2.20896,42.12722],[2.20625,42.13083],[2.20516,42.13152],[2.20372,42.13146],[2.20209,42.13013],[2.20176,42.12855],[2.20262,42.12671],[2.20444,42.12549],[2.20053,42.12397],[2.18873,42.12429],[2.18615,42.12832],[2.18787,42.1313],[2.18648,42.13398],[2.18092,42.13525],[2.1634,42.13498],[2.14357,42.13092],[2.13971,42.12585],[2.13734,42.12078],[2.12774,42.11491],[2.12585,42.11241],[2.12788,42.1084],[2.13293,42.10524],[2.12972,42.10158],[2.13004,42.10043],[2.12263,42.09919],[2.12158,42.10007],[2.11605,42.10182],[2.11241,42.09987],[2.11262,42.09844],[2.11054,42.09437],[2.11092,42.0939],[2.10885,42.09261],[2.1086,42.08999],[2.10507,42.08545],[2.10744,42.08199],[2.10813,42.07833],[2.11006,42.07612],[2.11548,42.07296],[2.11776,42.06967],[2.12067,42.06992],[2.12325,42.06849],[2.12475,42.06357],[2.13553,42.05754],[2.13416,42.05409],[2.13584,42.05188],[2.12732,42.05183],[2.12588,42.05129],[2.12391,42.04926],[2.12632,42.04353],[2.12974,42.04093],[2.1292,42.03675],[2.12396,42.03284],[2.13175,42.0255],[2.13504,42.02598],[2.13635,42.02529],[2.14024,42.02635],[2.14869,42.02971],[2.15112,42.03227],[2.16197,42.03637],[2.16317,42.038],[2.16507,42.03768],[2.17485,42.03961],[2.18054,42.04195],[2.18765,42.03309],[2.19223,42.02965],[2.19561,42.02604],[2.19749,42.02556],[2.19877,42.02418],[2.19749,42.02133],[2.20022,42.01838],[2.19764,42.01541],[2.19329,42.01446],[2.19308,42.01188],[2.19449,42.00804],[2.19255,42.00807],[2.19208,42.00878],[2.19095,42.00767],[2.1892,42.0079],[2.18988,42.01042],[2.18903,42.01116],[2.1876,42.0074],[2.18383,42.0051],[2.18071,42.00571],[2.17861,42.0038],[2.17577,42.00281],[2.17404,42.00299],[2.16884,42.00615],[2.15536,42.00954],[2.15475,42.01101],[2.14665,42.01046],[2.1417,42.00706],[2.13985,42.0036],[2.1348,42.00195],[2.13301,42.00051],[2.12436,41.99084],[2.12719,41.98919],[2.12907,41.98503],[2.12887,41.98186],[2.12733,41.97858],[2.12829,41.9719],[2.12149,41.96671],[2.13119,41.96444],[2.12849,41.96133],[2.12871,41.9579],[2.13149,41.95655],[2.13369,41.95678],[2.13577,41.95519],[2.13645,41.94804],[2.1396,41.94462],[2.12801,41.94268],[2.12193,41.94467],[2.12123,41.94415],[2.12044,41.94105],[2.11525,41.93556],[2.11352,41.93079],[2.11223,41.92938],[2.10784,41.92616],[2.10554,41.92343],[2.10362,41.9226],[2.10121,41.92002],[2.09812,41.92136],[2.09038,41.91505],[2.0934,41.91386],[2.09127,41.909],[2.09167,41.90457],[2.0975,41.90341],[2.10637,41.90345],[2.11343,41.90668],[2.13207,41.91065],[2.13532,41.91339],[2.13545,41.91442],[2.13702,41.91332],[2.13918,41.91035],[2.13989,41.90612],[2.14125,41.9055],[2.14197,41.90376],[2.14395,41.90171],[2.14329,41.90031],[2.14019,41.90006],[2.14115,41.89888],[2.1399,41.89189],[2.13819,41.88937],[2.13304,41.88637],[2.123,41.88563],[2.12403,41.88106],[2.13064,41.87959],[2.13188,41.87821],[2.13181,41.87396],[2.12883,41.87113],[2.12927,41.8696],[2.1285,41.86902],[2.13525,41.86278],[2.13671,41.85887],[2.14036,41.85955],[2.14208,41.85927],[2.14189,41.85582],[2.1462,41.8526],[2.15395,41.85347],[2.15681,41.85622],[2.15782,41.85645],[2.16823,41.85549],[2.17702,41.85248],[2.1797,41.85258],[2.18362,41.85468],[2.18422,41.85583],[2.18415,41.85782],[2.18631,41.8599],[2.18994,41.84876],[2.18848,41.84412],[2.19197,41.83793],[2.19337,41.83861],[2.19653,41.8361],[2.19437,41.83143],[2.19432,41.82948],[2.19177,41.82095],[2.1877,41.81664],[2.18753,41.81536],[2.18841,41.81354],[2.18727,41.81014],[2.18441,41.80862],[2.17987,41.80297],[2.17943,41.80095],[2.17562,41.79825],[2.17837,41.79585],[2.18347,41.79361],[2.18601,41.78918],[2.18563,41.78671],[2.18623,41.78207],[2.18876,41.77528],[2.18816,41.76616],[2.18847,41.75715],[2.18956,41.75237],[2.18745,41.74994],[2.18447,41.74267],[2.18951,41.73255],[2.19402,41.73014],[2.19735,41.73044],[2.20115,41.72858],[2.2035,41.72911],[2.20669,41.72885],[2.21325,41.72649],[2.21568,41.72806],[2.21965,41.72881],[2.22129,41.72831],[2.22364,41.72972],[2.23002,41.72919],[2.23617,41.73207],[2.24058,41.72961],[2.24317,41.72969],[2.24583,41.73126],[2.24948,41.7301],[2.25532,41.73077],[2.2559,41.7282],[2.26296,41.73084],[2.26229,41.73523],[2.25444,41.73558],[2.25709,41.73707],[2.26059,41.74066],[2.26073,41.74461],[2.25954,41.74665],[2.25832,41.74745],[2.25079,41.74938],[2.24928,41.75895],[2.25177,41.76286],[2.25345,41.76379],[2.2544,41.76536],[2.25822,41.76603],[2.26184,41.76508],[2.26532,41.76581],[2.26625,41.76648],[2.26517,41.76747],[2.2695,41.77093],[2.27227,41.77025],[2.27258,41.77132],[2.27457,41.77204],[2.27609,41.77609],[2.27821,41.77917],[2.28291,41.78309],[2.28742,41.78495],[2.2879,41.78671],[2.28928,41.78829],[2.28924,41.79023],[2.29074,41.79256],[2.29826,41.79714],[2.30368,41.79851],[2.30915,41.79624],[2.31353,41.79358],[2.31838,41.7923],[2.3209,41.78783],[2.32819,41.78879],[2.32964,41.77868],[2.32847,41.77575],[2.33231,41.77186],[2.33291,41.76717],[2.33436,41.76365],[2.33959,41.76395],[2.34125,41.7632],[2.34893,41.76416],[2.35207,41.76547],[2.35586,41.76546],[2.36339,41.76833],[2.36548,41.7699],[2.36586,41.77127],[2.36547,41.7755],[2.36383,41.77832],[2.36473,41.77909],[2.36609,41.77889],[2.36605,41.78082],[2.36722,41.78254],[2.36507,41.78655],[2.36222,41.78988],[2.3642,41.79196],[2.36829,41.79392],[2.37173,41.79446],[2.37262,41.79591],[2.37544,41.79654],[2.37582,41.79789],[2.37997,41.80255],[2.38037,41.80484],[2.38268,41.8088],[2.38577,41.80689],[2.38727,41.80463],[2.39604,41.80584],[2.39848,41.80421],[2.40473,41.8017],[2.40989,41.80166],[2.4144,41.80459],[2.41841,41.8045],[2.41732,41.80587],[2.41204,41.80657],[2.41662,41.81085],[2.41182,41.8131],[2.41221,41.81471],[2.40987,41.81601],[2.41033,41.8179],[2.40861,41.81956],[2.40739,41.82307],[2.41185,41.83133],[2.41427,41.83211],[2.41806,41.8358],[2.42316,41.83712],[2.42426,41.83947],[2.42248,41.84275],[2.41754,41.84588],[2.42017,41.8474],[2.42014,41.84838],[2.41801,41.84966],[2.41812,41.85068],[2.42133,41.85081],[2.42257,41.85471],[2.42739,41.85463],[2.43283,41.85311],[2.43826,41.85494],[2.43918,41.85809],[2.44103,41.86023],[2.44261,41.8607],[2.44615,41.85981],[2.45375,41.86966],[2.45297,41.87963],[2.4517,41.88112],[2.44501,41.88422],[2.44376,41.88548],[2.44316,41.88824],[2.44625,41.89026],[2.4464,41.89253],[2.44565,41.89377],[2.44619,41.89476],[2.44889,41.89565],[2.45409,41.89573],[2.45668,41.89683],[2.45909,41.8984],[2.46021,41.9012],[2.45994,41.90206],[2.46814,41.90423],[2.46857,41.90483],[2.46806,41.90572],[2.46967,41.90849],[2.47252,41.90941],[2.47487,41.91486],[2.47895,41.91624],[2.48104,41.91606],[2.47848,41.91912],[2.47846,41.92024],[2.4805,41.92302],[2.47931,41.92545],[2.47983,41.92963],[2.47157,41.93834],[2.4704,41.93926],[2.46482,41.939],[2.46235,41.93825],[2.4622,41.94078],[2.46058,41.94252],[2.46031,41.94383],[2.45883,41.94404],[2.45673,41.94327],[2.45528,41.94111],[2.45457,41.94102],[2.45111,41.94369],[2.44606,41.94385],[2.44491,41.94183],[2.44238,41.94143],[2.44037,41.94342],[2.44021,41.94662],[2.43676,41.94797],[2.43813,41.95142],[2.44211,41.95449],[2.44226,41.95725],[2.44144,41.95991],[2.43949,41.96315],[2.4348,41.96408],[2.43237,41.96573],[2.42905,41.96569],[2.42728,41.96895],[2.43087,41.96904],[2.43344,41.97256],[2.43917,41.97339],[2.44134,41.97289],[2.44276,41.97161],[2.44281,41.97011],[2.44134,41.96806],[2.44934,41.96989],[2.45225,41.96589],[2.45513,41.96768],[2.45578,41.96769],[2.45687,41.96596],[2.46165,41.96772],[2.46532,41.96681],[2.46799,41.96812],[2.47428,41.96952],[2.47169,41.97241],[2.4727,41.97535],[2.4757,41.97751],[2.48021,41.97873],[2.48005,41.98249],[2.48802,41.98485],[2.46881,41.99374],[2.47414,41.996],[2.47624,41.99781],[2.47666,41.99735],[2.4763,42.0009],[2.4797,42.00028],[2.47964,41.99788],[2.48085,41.99699],[2.48299,41.99666],[2.48465,41.99931],[2.48818,41.99899],[2.49297,42.00128],[2.49905,42.0015],[2.4987,42.00476],[2.49981,42.00787],[2.50285,42.00893],[2.50094,42.0105],[2.49903,42.01102],[2.49747,42.01069],[2.49511,42.01158],[2.49469,42.013],[2.49543,42.01407],[2.49543,42.01646],[2.49467,42.01744],[2.49423,42.02069],[2.49857,42.02116],[2.50065,42.02244],[2.5017,42.02401],[2.50306,42.0235],[2.50609,42.0323],[2.50317,42.03216],[2.49962,42.03365],[2.49656,42.0371],[2.4951,42.03716],[2.4928,42.03834],[2.48938,42.04359],[2.48834,42.04382],[2.48879,42.04522],[2.48743,42.04485],[2.48453,42.04639],[2.48286,42.04979],[2.48128,42.05074],[2.48586,42.05451],[2.49088,42.05559],[2.49362,42.05888],[2.49614,42.05901],[2.49055,42.06841],[2.48656,42.069],[2.48705,42.06812],[2.48566,42.06745],[2.48562,42.06606],[2.48422,42.06617],[2.48436,42.06746],[2.48269,42.06751],[2.48412,42.06938],[2.48172,42.07052],[2.48111,42.07178],[2.47974,42.0726],[2.48036,42.07501],[2.47646,42.07621],[2.46688,42.07394],[2.46218,42.07715],[2.46254,42.07451],[2.45808,42.07928],[2.45471,42.07803],[2.45341,42.0764],[2.45005,42.07748],[2.44917,42.07683],[2.44988,42.07587],[2.44907,42.0743],[2.44634,42.07291],[2.44364,42.07298],[2.43914,42.07002],[2.43601,42.06879],[2.42947,42.06432],[2.42874,42.06248],[2.42729,42.06115],[2.42482,42.06307],[2.42248,42.06355],[2.42062,42.0654],[2.41737,42.06506],[2.41461,42.0691],[2.41094,42.06889],[2.40903,42.07049],[2.40793,42.07242],[2.4081,42.07337],[2.40702,42.07417],[2.40716,42.07608],[2.40588,42.0773],[2.40549,42.07866],[2.40147,42.08059],[2.3945,42.08676],[2.39688,42.08761],[2.39407,42.09154],[2.39464,42.0953],[2.40017,42.10276],[2.3951,42.10428],[2.3799,42.10359],[2.37658,42.10546],[2.37628,42.11047],[2.37393,42.11311],[2.37318,42.11582],[2.37699,42.12066],[2.38106,42.12368],[2.3743,42.12888],[2.36869,42.12855],[2.36628,42.13029],[2.35538,42.13493],[2.35077,42.13767],[2.34878,42.14386],[2.34957,42.14694],[2.34924,42.14768],[2.35087,42.15049],[2.35252,42.15086],[2.35732,42.15387],[2.35813,42.15883],[2.36149,42.16069],[2.36337,42.16066],[2.3653,42.15947],[2.36833,42.16178],[2.37249,42.16143],[2.37444,42.16324],[2.37526,42.16629],[2.3771,42.16408],[2.37983,42.16495],[2.3813,42.16247],[2.38285,42.16371],[2.38447,42.1635],[2.38599,42.16687],[2.3788,42.17092],[2.37574,42.16951],[2.3727,42.1723]]]]}},{"type":"Feature","properties":{"comarca":"25","nom_comar":"Pallars Jussà"},"geometry":{"type":"MultiPolygon","coordinates":[[[[0.78011,42.37527],[0.77037,42.37473],[0.76646,42.36929],[0.76176,42.36641],[0.76262,42.36046],[0.76012,42.35869],[0.76033,42.35708],[0.76258,42.35607],[0.7645,42.35669],[0.76603,42.35293],[0.77096,42.35032],[0.76661,42.34861],[0.7721,42.34609],[0.77395,42.34593],[0.77805,42.34594],[0.78064,42.34704],[0.78563,42.34776],[0.7953,42.34734],[0.7983,42.35245],[0.80442,42.35378],[0.80883,42.35735],[0.80498,42.36013],[0.79954,42.36255],[0.79628,42.3652],[0.79552,42.36618],[0.79612,42.36732],[0.78986,42.3739],[0.78903,42.37184],[0.78469,42.37146],[0.78409,42.37266],[0.78254,42.37289],[0.78158,42.37449],[0.78011,42.37527]],[[0.9802,42.55282],[0.979,42.55477],[0.97428,42.55199],[0.96945,42.55118],[0.9661,42.54953],[0.96436,42.54626],[0.96205,42.54566],[0.96105,42.54454],[0.96006,42.54106],[0.95708,42.53944],[0.95371,42.53855],[0.95617,42.5338],[0.95814,42.53218],[0.95704,42.52963],[0.95289,42.52861],[0.95317,42.52669],[0.95116,42.52519],[0.94656,42.52378],[0.94423,42.52408],[0.94258,42.52309],[0.94385,42.51811],[0.93734,42.51794],[0.93162,42.51633],[0.92927,42.5149],[0.92895,42.51282],[0.92792,42.5113],[0.92425,42.51038],[0.9242,42.50931],[0.92257,42.5083],[0.92207,42.50512],[0.91859,42.50307],[0.92096,42.50034],[0.9197,42.49781],[0.91984,42.49643],[0.92093,42.49501],[0.92464,42.49258],[0.92291,42.49053],[0.92293,42.48841],[0.92155,42.48509],[0.91251,42.48338],[0.91028,42.48367],[0.90101,42.48057],[0.89656,42.48052],[0.89442,42.47979],[0.88959,42.47657],[0.88862,42.47526],[0.8859,42.46703],[0.88266,42.46482],[0.8799,42.4592],[0.87687,42.45977],[0.87355,42.46132],[0.86675,42.46119],[0.86485,42.45786],[0.86241,42.45585],[0.85594,42.45468],[0.87114,42.44601],[0.87161,42.44379],[0.86998,42.43904],[0.86259,42.4301],[0.8558,42.42554],[0.85364,42.42504],[0.82907,42.42471],[0.82991,42.4232],[0.82782,42.42004],[0.82781,42.41824],[0.82465,42.41802],[0.8223,42.41553],[0.83431,42.40354],[0.82241,42.3915],[0.82366,42.3915],[0.82548,42.38824],[0.83056,42.38339],[0.83309,42.37981],[0.83638,42.38132],[0.83653,42.37539],[0.83861,42.37359],[0.84236,42.37349],[0.84721,42.3684],[0.85072,42.36803],[0.85528,42.36856],[0.86209,42.36705],[0.86807,42.36084],[0.8656,42.35843],[0.86598,42.35677],[0.86777,42.35617],[0.87063,42.35117],[0.87082,42.34909],[0.87002,42.34772],[0.87282,42.34608],[0.87282,42.3414],[0.87485,42.34205],[0.87814,42.34147],[0.88595,42.33688],[0.89169,42.33503],[0.89191,42.33098],[0.88862,42.32702],[0.88837,42.32205],[0.88674,42.31995],[0.88766,42.31639],[0.88656,42.31327],[0.88716,42.30772],[0.88656,42.30509],[0.88274,42.30427],[0.87978,42.30056],[0.87387,42.29875],[0.87034,42.30161],[0.86537,42.30263],[0.86352,42.30534],[0.85713,42.30671],[0.85735,42.30873],[0.85624,42.30992],[0.85277,42.31085],[0.85146,42.31269],[0.84688,42.31437],[0.83396,42.31427],[0.82938,42.31522],[0.82359,42.31537],[0.82003,42.31536],[0.81876,42.31442],[0.81461,42.31495],[0.79985,42.32039],[0.79153,42.32746],[0.77109,42.33307],[0.77585,42.3409],[0.77154,42.34284],[0.76759,42.34372],[0.76636,42.34535],[0.76219,42.34827],[0.75874,42.34827],[0.75726,42.34676],[0.75528,42.347],[0.75329,42.34632],[0.75313,42.3445],[0.75092,42.34317],[0.74737,42.3424],[0.74599,42.33951],[0.74144,42.33583],[0.74106,42.3328],[0.74173,42.33133],[0.74355,42.32978],[0.74354,42.32753],[0.74418,42.32653],[0.74792,42.3272],[0.75031,42.32697],[0.75402,42.32498],[0.75449,42.32642],[0.75777,42.32645],[0.76058,42.32456],[0.76567,42.32282],[0.76013,42.32046],[0.75892,42.31718],[0.75467,42.31391],[0.75612,42.30935],[0.74439,42.30124],[0.74275,42.28945],[0.74369,42.28565],[0.74197,42.28514],[0.74134,42.28423],[0.73955,42.28432],[0.73785,42.28237],[0.73975,42.27947],[0.73858,42.27581],[0.73976,42.27037],[0.73734,42.26546],[0.73704,42.26387],[0.7376,42.26148],[0.73626,42.2589],[0.73652,42.25731],[0.73434,42.25074],[0.73227,42.24744],[0.72806,42.24637],[0.72764,42.24473],[0.72564,42.24334],[0.72413,42.23919],[0.72496,42.23583],[0.71945,42.2284],[0.71662,42.22659],[0.71442,42.22414],[0.7141,42.22183],[0.7167,42.21982],[0.71714,42.21823],[0.71347,42.21605],[0.71305,42.21412],[0.71409,42.21108],[0.71393,42.20964],[0.71003,42.20704],[0.70798,42.2044],[0.70793,42.20246],[0.7093,42.19732],[0.70673,42.19284],[0.70677,42.19072],[0.70345,42.19059],[0.70187,42.18886],[0.70209,42.18741],[0.7033,42.18642],[0.70348,42.18545],[0.70099,42.18283],[0.70079,42.17629],[0.69806,42.17317],[0.69792,42.17199],[0.7011,42.16918],[0.70888,42.1667],[0.71396,42.16308],[0.70854,42.15959],[0.70349,42.15799],[0.70213,42.15599],[0.69856,42.15403],[0.69564,42.15149],[0.69669,42.14255],[0.69531,42.13875],[0.69683,42.13477],[0.69669,42.12868],[0.70218,42.12148],[0.70225,42.11673],[0.69891,42.10989],[0.69964,42.10523],[0.69751,42.10273],[0.69452,42.10091],[0.69628,42.099],[0.68863,42.09551],[0.68503,42.09242],[0.68431,42.08958],[0.68281,42.0881],[0.68358,42.08365],[0.68235,42.08244],[0.68281,42.08151],[0.68139,42.07996],[0.68136,42.07833],[0.68028,42.07601],[0.68159,42.07516],[0.68255,42.07067],[0.68405,42.06946],[0.68739,42.06452],[0.69067,42.06305],[0.69096,42.06134],[0.69223,42.05987],[0.6937,42.05908],[0.69614,42.05949],[0.70365,42.05681],[0.70734,42.05396],[0.71186,42.05247],[0.72305,42.05235],[0.72341,42.05123],[0.72575,42.05082],[0.72846,42.05155],[0.73146,42.05104],[0.7369,42.05289],[0.74222,42.05278],[0.7467,42.04914],[0.74556,42.04741],[0.74614,42.04636],[0.75639,42.04223],[0.75985,42.04165],[0.76063,42.04077],[0.76413,42.0399],[0.76987,42.04005],[0.77657,42.04131],[0.78145,42.04049],[0.78557,42.04115],[0.78938,42.04007],[0.79889,42.04273],[0.80114,42.04087],[0.80509,42.04042],[0.80937,42.04119],[0.81316,42.04023],[0.82804,42.04021],[0.83097,42.04101],[0.83659,42.03985],[0.83872,42.03868],[0.84683,42.03772],[0.84958,42.03613],[0.8568,42.03644],[0.86409,42.03576],[0.87361,42.03696],[0.88036,42.0401],[0.88476,42.04121],[0.88609,42.04263],[0.88839,42.04321],[0.889,42.04305],[0.8886,42.04089],[0.88777,42.0406],[0.88986,42.03641],[0.89684,42.03404],[0.89864,42.0346],[0.89967,42.03424],[0.91336,42.02574],[0.91613,42.02554],[0.91636,42.02448],[0.91834,42.02249],[0.92062,42.02205],[0.93842,42.02199],[0.94147,42.02274],[0.94488,42.02242],[0.94937,42.0238],[0.95234,42.02221],[0.95294,42.02119],[0.96275,42.02085],[0.96541,42.01975],[0.98171,42.02148],[0.9824,42.02106],[0.98442,42.02181],[0.98576,42.02106],[0.98793,42.02159],[0.99721,42.02085],[1.00163,42.02187],[1.00415,42.02168],[1.00737,42.02271],[1.00936,42.02094],[1.01015,42.02125],[1.01319,42.02605],[1.02165,42.03392],[1.02805,42.03095],[1.03571,42.03166],[1.04521,42.03439],[1.05698,42.03441],[1.06152,42.03561],[1.06929,42.03637],[1.07297,42.0236],[1.07432,42.00837],[1.07543,42.00589],[1.07811,42.00726],[1.08293,42.00792],[1.08959,42.01798],[1.08784,42.01872],[1.08992,42.02012],[1.08934,42.02181],[1.09001,42.02205],[1.09211,42.02795],[1.09105,42.03004],[1.09039,42.03367],[1.08853,42.03449],[1.08784,42.03584],[1.08468,42.03674],[1.08138,42.04151],[1.07703,42.04562],[1.07712,42.04728],[1.07834,42.04939],[1.07942,42.05033],[1.08258,42.05087],[1.08352,42.05201],[1.08744,42.05371],[1.09435,42.05812],[1.09821,42.06274],[1.09902,42.06667],[1.10071,42.06736],[1.09921,42.07135],[1.10195,42.07616],[1.10711,42.08127],[1.10903,42.08514],[1.1118,42.08726],[1.11507,42.08728],[1.11973,42.08932],[1.12165,42.09227],[1.12177,42.09397],[1.12358,42.09774],[1.13032,42.10442],[1.13098,42.10683],[1.13355,42.11041],[1.13554,42.11125],[1.13608,42.11393],[1.13772,42.11723],[1.14093,42.11957],[1.14205,42.11803],[1.14327,42.11855],[1.14435,42.11812],[1.14508,42.11593],[1.14623,42.11532],[1.14722,42.11565],[1.14822,42.11841],[1.15171,42.11592],[1.15413,42.11679],[1.15516,42.11854],[1.15578,42.11807],[1.15813,42.12533],[1.15668,42.12833],[1.15574,42.13562],[1.15713,42.13783],[1.16038,42.13975],[1.16153,42.14153],[1.16265,42.14553],[1.16199,42.14609],[1.16054,42.15082],[1.16463,42.1528],[1.16663,42.15256],[1.16791,42.15372],[1.1736,42.15311],[1.17386,42.15439],[1.17563,42.15638],[1.17597,42.15838],[1.18184,42.16223],[1.18223,42.16406],[1.18176,42.16768],[1.18639,42.1714],[1.18521,42.17482],[1.18653,42.17575],[1.18162,42.18148],[1.17573,42.18259],[1.17323,42.1853],[1.16649,42.18937],[1.16238,42.18931],[1.16051,42.19005],[1.16296,42.19616],[1.1656,42.19936],[1.16743,42.20008],[1.16841,42.20141],[1.16743,42.20816],[1.16741,42.21192],[1.16822,42.21541],[1.16496,42.21912],[1.16391,42.21888],[1.16175,42.21971],[1.16017,42.21892],[1.15671,42.21909],[1.15373,42.22034],[1.15344,42.22356],[1.14824,42.22602],[1.14429,42.2263],[1.14237,42.22743],[1.14191,42.22809],[1.14292,42.22919],[1.1407,42.23183],[1.14028,42.23428],[1.13921,42.23595],[1.14021,42.23825],[1.14194,42.23831],[1.14486,42.24001],[1.14818,42.23987],[1.14906,42.24084],[1.15428,42.24329],[1.15837,42.24649],[1.15751,42.24951],[1.15491,42.25292],[1.15505,42.25429],[1.15108,42.25767],[1.15133,42.25905],[1.14983,42.26176],[1.14833,42.2598],[1.14585,42.26046],[1.142,42.2599],[1.13811,42.26042],[1.12505,42.2659],[1.12283,42.26925],[1.1163,42.27301],[1.11762,42.27141],[1.11791,42.26828],[1.11156,42.27098],[1.10719,42.27007],[1.10557,42.27147],[1.1033,42.27145],[1.09816,42.27358],[1.09324,42.27406],[1.09128,42.27586],[1.08584,42.27732],[1.08133,42.27599],[1.07863,42.27619],[1.07475,42.27528],[1.0705,42.27685],[1.06489,42.27593],[1.06097,42.27707],[1.05588,42.28071],[1.05384,42.28144],[1.04866,42.28182],[1.04401,42.28051],[1.03807,42.28119],[1.03751,42.28323],[1.03855,42.28438],[1.03799,42.28532],[1.02659,42.28877],[1.02479,42.28494],[1.01454,42.28918],[1.01345,42.29061],[1.01033,42.29189],[1.00241,42.29171],[0.99731,42.29335],[0.99636,42.2954],[0.99404,42.29662],[0.98701,42.29733],[0.97877,42.29662],[0.97728,42.29708],[0.97443,42.29822],[0.97486,42.30049],[0.97383,42.30261],[0.97497,42.30617],[0.97419,42.30725],[0.97457,42.31273],[0.97355,42.31367],[0.96728,42.3116],[0.96398,42.31761],[0.96367,42.32225],[0.95488,42.32562],[0.95231,42.32784],[0.95375,42.32926],[0.95373,42.33366],[0.95717,42.33698],[0.95761,42.33893],[0.96641,42.33989],[0.97672,42.33846],[0.98184,42.34476],[0.98587,42.34639],[0.99186,42.34771],[0.99491,42.35575],[0.99414,42.36248],[0.998,42.36378],[0.99741,42.3703],[0.99907,42.37466],[0.99896,42.37587],[1.00215,42.38001],[1.00535,42.3823],[1.00483,42.38372],[1.00548,42.38481],[1.00567,42.38967],[1.01116,42.39348],[1.01558,42.39389],[1.01853,42.39692],[1.01985,42.39729],[1.02634,42.40698],[1.02569,42.41183],[1.02724,42.41182],[1.04367,42.41763],[1.0429,42.41933],[1.03743,42.42527],[1.03319,42.42369],[1.02865,42.42522],[1.02243,42.43175],[1.01999,42.43325],[1.01946,42.43473],[1.01672,42.43757],[1.0167,42.43949],[1.01768,42.44193],[1.0172,42.44508],[1.02101,42.45415],[1.02165,42.45733],[1.01807,42.46403],[1.01773,42.46585],[1.01722,42.46957],[1.01793,42.47116],[1.01754,42.4728],[1.01857,42.47528],[1.01867,42.47836],[1.01957,42.47975],[1.02356,42.48257],[1.02509,42.48591],[1.02471,42.49037],[1.02554,42.49157],[1.02281,42.49544],[1.02288,42.49684],[1.02496,42.49863],[1.02681,42.50191],[1.03112,42.50312],[1.03005,42.50464],[1.03012,42.50775],[1.02821,42.50863],[1.02751,42.51061],[1.02529,42.51147],[1.0232,42.51373],[1.02317,42.51646],[1.02566,42.51793],[1.02691,42.52028],[1.02716,42.52448],[1.02199,42.52639],[1.02098,42.52777],[1.02125,42.52954],[1.01945,42.53209],[1.01877,42.53513],[1.014,42.53775],[1.01246,42.53997],[1.00647,42.53803],[0.99943,42.53807],[0.99698,42.53963],[0.99519,42.54204],[0.99483,42.54398],[0.99233,42.54678],[0.99025,42.55088],[0.9901,42.55271],[0.98711,42.55384],[0.9802,42.55282]]]]}},{"type":"Feature","properties":{"comarca":"26","nom_comar":"Pallars Sobirà"},"geometry":{"type":"MultiPolygon","coordinates":[[[[1.08329,42.78308],[1.08295,42.78535],[1.07887,42.78833],[1.0778,42.78832],[1.077,42.78805],[1.07353,42.78267],[1.05926,42.78315],[1.05753,42.78191],[1.05364,42.78263],[1.04747,42.78102],[1.04384,42.7811],[1.04264,42.78237],[1.04409,42.78449],[1.04371,42.78507],[1.03723,42.78695],[1.0335,42.77908],[1.031,42.77617],[1.03143,42.77279],[1.02844,42.77148],[1.02812,42.76919],[1.02691,42.76809],[1.02715,42.76643],[1.02973,42.76443],[1.028,42.7594],[1.02931,42.75738],[1.03124,42.75669],[1.03265,42.75505],[1.03036,42.75187],[1.02724,42.74297],[1.03,42.7346],[1.02909,42.73237],[1.02739,42.73181],[1.0263,42.72965],[1.02222,42.72698],[1.02262,42.72375],[1.02354,42.72277],[1.02432,42.72309],[1.02444,42.72225],[1.02267,42.72043],[1.02238,42.71754],[1.02427,42.71679],[1.0273,42.71726],[1.02854,42.70999],[1.01456,42.70985],[1.0124,42.70925],[1.00939,42.71015],[1.00604,42.71285],[0.99345,42.70073],[0.98558,42.69883],[0.98173,42.69865],[0.97992,42.69753],[0.97616,42.69338],[0.97797,42.6896],[0.98192,42.68773],[0.98527,42.68414],[0.98654,42.68392],[0.9867,42.68316],[0.98558,42.68131],[0.98365,42.68007],[0.98378,42.67763],[0.98032,42.67669],[0.97721,42.66749],[0.97365,42.6503],[0.97246,42.64986],[0.97242,42.64532],[0.97114,42.64412],[0.9708,42.6411],[0.96883,42.63979],[0.96802,42.63636],[0.96402,42.63339],[0.96367,42.63187],[0.96139,42.63195],[0.96079,42.63125],[0.96166,42.62938],[0.96058,42.62821],[0.96196,42.62641],[0.96226,42.62418],[0.96272,42.62393],[0.96353,42.62475],[0.96649,42.62409],[0.96705,42.62193],[0.96586,42.61971],[0.96938,42.61799],[0.96954,42.61459],[0.96838,42.61281],[0.96957,42.60939],[0.9666,42.60824],[0.96419,42.60539],[0.96237,42.60467],[0.96296,42.6041],[0.96237,42.60369],[0.95982,42.60321],[0.9572,42.60361],[0.95414,42.60283],[0.95334,42.60107],[0.95395,42.59718],[0.95351,42.59466],[0.95284,42.594],[0.94693,42.59204],[0.94371,42.58929],[0.93794,42.58943],[0.93704,42.58826],[0.94158,42.58192],[0.94476,42.58006],[0.95855,42.57958],[0.96927,42.5741],[0.97273,42.55175],[0.97452,42.55209],[0.979,42.55477],[0.9802,42.55282],[0.98711,42.55384],[0.9901,42.55271],[0.99025,42.55088],[0.99213,42.5471],[0.99483,42.54398],[0.99519,42.54204],[0.99698,42.53963],[0.99943,42.53807],[1.00496,42.53789],[1.01023,42.5389],[1.01246,42.53997],[1.014,42.53775],[1.01877,42.53513],[1.01945,42.53209],[1.02125,42.52954],[1.02098,42.52777],[1.02199,42.52639],[1.02716,42.52448],[1.02691,42.52028],[1.02566,42.51793],[1.02317,42.51646],[1.0232,42.51373],[1.02529,42.51147],[1.02751,42.51061],[1.02821,42.50863],[1.03012,42.50775],[1.03005,42.50464],[1.03112,42.50312],[1.02681,42.50191],[1.02496,42.49863],[1.02288,42.49684],[1.02281,42.49544],[1.02554,42.49157],[1.02471,42.49037],[1.02509,42.48591],[1.02356,42.48257],[1.01957,42.47975],[1.01867,42.47836],[1.01857,42.47528],[1.01754,42.4728],[1.01793,42.47116],[1.01722,42.46957],[1.01773,42.46585],[1.01807,42.46403],[1.02165,42.45733],[1.02101,42.45415],[1.0172,42.44508],[1.01768,42.44193],[1.0167,42.43949],[1.01672,42.43757],[1.01946,42.43473],[1.01999,42.43325],[1.02243,42.43175],[1.02865,42.42522],[1.03319,42.42369],[1.03743,42.42527],[1.0429,42.41933],[1.04367,42.41776],[1.02724,42.41182],[1.02569,42.41183],[1.02634,42.40698],[1.01985,42.39729],[1.01853,42.39692],[1.01558,42.39389],[1.01116,42.39348],[1.00567,42.38967],[1.00548,42.38481],[1.00483,42.38372],[1.00535,42.3823],[1.00215,42.38001],[0.99896,42.37587],[0.99907,42.37466],[0.99741,42.3703],[0.998,42.36378],[0.99414,42.36248],[0.99491,42.35575],[0.99186,42.34771],[0.98587,42.34639],[0.98184,42.34476],[0.97672,42.33846],[0.96641,42.33989],[0.95761,42.33893],[0.95717,42.33698],[0.95373,42.33366],[0.95375,42.32926],[0.95231,42.32784],[0.95488,42.32562],[0.96367,42.32225],[0.96398,42.31761],[0.96728,42.3116],[0.97355,42.31367],[0.97457,42.31273],[0.97419,42.30725],[0.97497,42.30617],[0.97383,42.30261],[0.97486,42.30049],[0.97443,42.29822],[0.97728,42.29708],[0.97877,42.29662],[0.98701,42.29733],[0.99404,42.29662],[0.99636,42.2954],[0.99731,42.29335],[1.00241,42.29171],[1.01033,42.29189],[1.01345,42.29061],[1.01454,42.28918],[1.02479,42.28494],[1.02659,42.28877],[1.03799,42.28532],[1.03855,42.28438],[1.03751,42.28323],[1.03807,42.28119],[1.04401,42.28051],[1.04866,42.28182],[1.05384,42.28144],[1.05588,42.28071],[1.06097,42.27707],[1.06489,42.27593],[1.0705,42.27685],[1.07475,42.27528],[1.07863,42.27619],[1.08133,42.27599],[1.08584,42.27732],[1.09128,42.27586],[1.09324,42.27406],[1.09816,42.27358],[1.1033,42.27145],[1.10557,42.27147],[1.10719,42.27007],[1.11156,42.27098],[1.11791,42.26828],[1.11762,42.27141],[1.1163,42.27301],[1.12283,42.26925],[1.12505,42.2659],[1.12791,42.26503],[1.13132,42.26295],[1.13979,42.25999],[1.14585,42.26046],[1.14845,42.25982],[1.14983,42.26176],[1.15133,42.25905],[1.15347,42.26689],[1.1548,42.26825],[1.15741,42.26869],[1.15805,42.27006],[1.15774,42.27584],[1.15824,42.2771],[1.15759,42.27818],[1.15385,42.28181],[1.14832,42.28286],[1.14623,42.28487],[1.14657,42.28546],[1.138,42.29045],[1.12253,42.2956],[1.12569,42.29721],[1.12656,42.29912],[1.12915,42.29992],[1.13014,42.30118],[1.13,42.30266],[1.13173,42.30338],[1.13263,42.30547],[1.1344,42.30737],[1.13883,42.30766],[1.14117,42.30646],[1.14384,42.30625],[1.15231,42.30746],[1.15813,42.30716],[1.16585,42.30926],[1.16664,42.31011],[1.16463,42.31148],[1.16394,42.31537],[1.17224,42.32629],[1.1738,42.3274],[1.17594,42.3278],[1.17191,42.32879],[1.18103,42.33492],[1.18339,42.3372],[1.18414,42.34254],[1.18833,42.34891],[1.19756,42.35178],[1.20016,42.35123],[1.20447,42.35497],[1.20936,42.35804],[1.21043,42.3603],[1.21844,42.36254],[1.22587,42.36625],[1.2296,42.36892],[1.23634,42.3694],[1.23686,42.37343],[1.24521,42.38473],[1.24496,42.39729],[1.24656,42.40053],[1.24572,42.40757],[1.24587,42.41311],[1.2447,42.41537],[1.24792,42.41766],[1.25288,42.41916],[1.25666,42.4192],[1.25888,42.41856],[1.26156,42.41982],[1.25968,42.42833],[1.25744,42.43103],[1.2582,42.43262],[1.25323,42.4388],[1.25185,42.44283],[1.2534,42.44442],[1.25373,42.4468],[1.2562,42.45238],[1.25782,42.45151],[1.26102,42.4482],[1.26614,42.44809],[1.26755,42.44671],[1.26707,42.44559],[1.26922,42.44511],[1.26895,42.44345],[1.27035,42.4426],[1.27206,42.44272],[1.27211,42.44398],[1.27749,42.44362],[1.28236,42.44422],[1.28195,42.44547],[1.28655,42.44773],[1.29431,42.44937],[1.2995,42.4487],[1.30226,42.44896],[1.30768,42.4505],[1.31147,42.44995],[1.31634,42.44517],[1.32073,42.44561],[1.32248,42.4481],[1.32467,42.44985],[1.32708,42.4548],[1.33365,42.45988],[1.33626,42.46353],[1.34029,42.46733],[1.34142,42.47067],[1.34344,42.4739],[1.34455,42.47438],[1.34554,42.48127],[1.35432,42.48148],[1.35674,42.48243],[1.35904,42.48448],[1.36071,42.48703],[1.36138,42.48967],[1.36117,42.49159],[1.36458,42.49346],[1.36576,42.49507],[1.36258,42.49829],[1.36399,42.49942],[1.36408,42.50169],[1.36322,42.50468],[1.36554,42.51077],[1.363,42.51883],[1.37055,42.51825],[1.3752,42.51392],[1.37944,42.51458],[1.38513,42.51447],[1.38631,42.51531],[1.38732,42.51742],[1.393,42.52086],[1.3926,42.52245],[1.39307,42.52486],[1.39442,42.52642],[1.4003,42.52574],[1.40191,42.52592],[1.40293,42.52685],[1.40754,42.52745],[1.4091,42.52943],[1.41072,42.53395],[1.41364,42.53535],[1.4146,42.54036],[1.41692,42.54306],[1.41935,42.54475],[1.41895,42.54929],[1.42069,42.54987],[1.42409,42.55694],[1.42979,42.56024],[1.44092,42.56398],[1.44495,42.56801],[1.44362,42.57014],[1.44341,42.57192],[1.43609,42.57336],[1.43214,42.57535],[1.42817,42.57983],[1.42648,42.5828],[1.42755,42.58497],[1.42767,42.58748],[1.43189,42.58856],[1.43595,42.59178],[1.43832,42.59236],[1.44006,42.59426],[1.44276,42.59924],[1.44307,42.60258],[1.44222,42.60373],[1.43805,42.60284],[1.43699,42.60347],[1.43548,42.60582],[1.4332,42.60732],[1.43175,42.61043],[1.42929,42.6126],[1.42915,42.6139],[1.43064,42.61731],[1.42816,42.61892],[1.42768,42.62097],[1.42408,42.62208],[1.422,42.62429],[1.42042,42.62497],[1.4199,42.62865],[1.41868,42.63068],[1.41926,42.63264],[1.41632,42.63597],[1.41584,42.63855],[1.41742,42.63998],[1.41699,42.64197],[1.41477,42.6438],[1.41384,42.64631],[1.41362,42.64775],[1.4146,42.64961],[1.41366,42.6515],[1.41421,42.65439],[1.41376,42.65524],[1.40942,42.65713],[1.4059,42.65672],[1.40322,42.6589],[1.40364,42.66005],[1.40131,42.66315],[1.40136,42.6646],[1.3964,42.66828],[1.3932,42.66898],[1.38969,42.66823],[1.38747,42.66862],[1.38746,42.67036],[1.38931,42.67364],[1.38701,42.67803],[1.38858,42.68],[1.38758,42.68179],[1.38992,42.68521],[1.38918,42.68708],[1.3846,42.69089],[1.38083,42.69193],[1.37724,42.69464],[1.37701,42.6954],[1.37358,42.69475],[1.36889,42.69569],[1.36501,42.69474],[1.3616,42.69781],[1.35561,42.69914],[1.35265,42.70082],[1.35106,42.70365],[1.35112,42.70503],[1.35248,42.70628],[1.3518,42.70846],[1.35242,42.71114],[1.35451,42.71337],[1.35781,42.71521],[1.35732,42.71946],[1.34906,42.72],[1.34409,42.71913],[1.34045,42.71941],[1.338,42.71852],[1.3371,42.71926],[1.3374,42.72054],[1.33582,42.72184],[1.33499,42.72435],[1.33232,42.72476],[1.32536,42.72431],[1.31694,42.71896],[1.30921,42.71773],[1.30727,42.71866],[1.303,42.71818],[1.29668,42.71949],[1.29439,42.71935],[1.29203,42.719],[1.28734,42.7168],[1.2784,42.71408],[1.27653,42.71744],[1.2749,42.71871],[1.26824,42.71846],[1.26726,42.7179],[1.26695,42.71606],[1.26596,42.71559],[1.26096,42.71507],[1.25913,42.71567],[1.25312,42.71447],[1.25097,42.71906],[1.24961,42.7205],[1.24799,42.72114],[1.24716,42.72265],[1.24276,42.72297],[1.24014,42.72483],[1.23809,42.72448],[1.23456,42.72507],[1.23277,42.72737],[1.22924,42.72782],[1.2252,42.72463],[1.22098,42.72327],[1.21711,42.7205],[1.20622,42.72047],[1.20497,42.71921],[1.2015,42.71773],[1.19742,42.71782],[1.19308,42.71699],[1.18909,42.71741],[1.18534,42.71497],[1.17827,42.71303],[1.17653,42.71127],[1.17633,42.70939],[1.17513,42.7087],[1.17047,42.70793],[1.16601,42.70898],[1.15581,42.71533],[1.15291,42.71648],[1.15188,42.71731],[1.15126,42.71962],[1.14839,42.72151],[1.14392,42.72256],[1.13339,42.72808],[1.13283,42.73159],[1.13506,42.73592],[1.13419,42.73739],[1.13039,42.73976],[1.13092,42.74319],[1.12984,42.7452],[1.13062,42.74739],[1.13281,42.75035],[1.12993,42.75229],[1.12831,42.75537],[1.12176,42.7597],[1.11933,42.76344],[1.11445,42.76446],[1.11287,42.76542],[1.10942,42.76581],[1.10932,42.77078],[1.10837,42.77194],[1.10417,42.77282],[1.10155,42.77262],[1.09193,42.77592],[1.09012,42.77759],[1.08776,42.7783],[1.0867,42.78044],[1.08443,42.7814],[1.08329,42.78308]]]]}},{"type":"Feature","properties":{"comarca":"27","nom_comar":"Pla d'Urgell"},"geometry":{"type":"MultiPolygon","coordinates":[[[[1.10014,41.70273],[1.0991,41.70522],[1.08249,41.70052],[1.07866,41.7021],[1.07055,41.6945],[1.06948,41.69433],[1.05948,41.68717],[1.05522,41.68279],[1.05829,41.68122],[1.05854,41.68204],[1.07135,41.68479],[1.07736,41.68679],[1.0923,41.69803],[1.10014,41.70273]],[[0.86733,41.74075],[0.86345,41.74065],[0.85542,41.73117],[0.85311,41.72709],[0.85295,41.72557],[0.86569,41.72431],[0.86353,41.72301],[0.86052,41.71656],[0.85687,41.71118],[0.84975,41.71068],[0.84715,41.70919],[0.84205,41.70795],[0.84094,41.70803],[0.84069,41.71148],[0.83887,41.71275],[0.81929,41.712],[0.81302,41.71305],[0.81198,41.71267],[0.81044,41.70887],[0.81068,41.70462],[0.80955,41.70007],[0.80561,41.70196],[0.80192,41.7018],[0.79507,41.70332],[0.79146,41.70152],[0.78754,41.701],[0.78301,41.69948],[0.77921,41.69901],[0.777,41.69964],[0.77514,41.69853],[0.77424,41.69709],[0.77566,41.69317],[0.77646,41.68807],[0.76366,41.68562],[0.76599,41.6795],[0.76604,41.6775],[0.76465,41.6769],[0.76375,41.66939],[0.76454,41.66892],[0.76424,41.66522],[0.75998,41.6637],[0.75217,41.66218],[0.73745,41.66166],[0.7369,41.65832],[0.73689,41.64879],[0.73271,41.64626],[0.72879,41.6408],[0.72895,41.63374],[0.73204,41.63159],[0.73692,41.63217],[0.74072,41.63144],[0.74638,41.62903],[0.74872,41.62919],[0.75293,41.61566],[0.75584,41.61495],[0.75472,41.6115],[0.75463,41.60838],[0.75776,41.59925],[0.76009,41.5975],[0.75956,41.59106],[0.75998,41.58948],[0.76139,41.58781],[0.75267,41.58762],[0.7446,41.58851],[0.74155,41.58268],[0.73874,41.58363],[0.73523,41.5789],[0.73245,41.57071],[0.73236,41.56676],[0.74056,41.56562],[0.74325,41.56347],[0.74372,41.56119],[0.75801,41.55889],[0.76431,41.5572],[0.76473,41.55703],[0.76406,41.55298],[0.76478,41.55066],[0.7757,41.5493],[0.77754,41.5502],[0.7785,41.55773],[0.77566,41.56266],[0.77613,41.56438],[0.77941,41.5675],[0.78082,41.5672],[0.78646,41.56364],[0.78897,41.56311],[0.79061,41.56728],[0.79231,41.56867],[0.7971,41.57057],[0.80676,41.57162],[0.80704,41.57053],[0.80908,41.57024],[0.81887,41.56976],[0.82364,41.57017],[0.82873,41.56544],[0.82954,41.56818],[0.82888,41.56896],[0.83046,41.57093],[0.83615,41.56863],[0.83634,41.56807],[0.83383,41.56632],[0.83812,41.56455],[0.84817,41.56894],[0.85281,41.57168],[0.85105,41.57436],[0.85826,41.57385],[0.86383,41.57716],[0.87225,41.58355],[0.87769,41.58586],[0.88232,41.58383],[0.88198,41.58165],[0.88244,41.58215],[0.88352,41.57924],[0.88885,41.57436],[0.89229,41.57716],[0.89926,41.58122],[0.9177,41.58919],[0.93845,41.58405],[0.95266,41.58423],[0.9644,41.57936],[0.97581,41.59154],[0.97409,41.59428],[0.97422,41.59695],[0.97822,41.5995],[0.97554,41.60147],[0.97266,41.60683],[0.97696,41.6123],[0.96982,41.61488],[0.97376,41.62004],[0.96708,41.62206],[0.96923,41.62952],[0.97411,41.62978],[0.97638,41.63538],[0.98283,41.63541],[0.98378,41.63675],[0.98491,41.63704],[0.98647,41.6404],[0.98458,41.64135],[0.99073,41.65067],[1.001,41.65109],[1.00213,41.65758],[1.00544,41.66737],[1.0066,41.66869],[0.99997,41.67095],[1.00335,41.67615],[1.00625,41.67805],[1.01662,41.6763],[1.02573,41.67039],[1.02651,41.67258],[1.02728,41.67243],[1.02719,41.67404],[1.02499,41.67489],[1.02618,41.67694],[1.02793,41.67613],[1.02911,41.67734],[1.02731,41.67771],[1.02842,41.68018],[1.03036,41.6794],[1.03385,41.67996],[1.0371,41.67893],[1.04163,41.68747],[1.01976,41.69593],[1.01462,41.6945],[1.00966,41.68853],[1.00648,41.68986],[0.99768,41.69119],[1.0101,41.69868],[1.02816,41.71112],[1.02641,41.71176],[1.02274,41.7125],[1.01577,41.70581],[1.0059,41.7018],[1.00021,41.70057],[0.9984,41.69813],[0.99149,41.6993],[0.99024,41.69977],[0.98908,41.70128],[0.98777,41.70154],[0.98844,41.70223],[0.98171,41.70331],[0.98131,41.70416],[0.97698,41.70484],[0.97421,41.70635],[0.97066,41.70365],[0.95962,41.70519],[0.9539,41.70401],[0.94747,41.70143],[0.93871,41.70111],[0.93877,41.7018],[0.93581,41.70271],[0.93466,41.70628],[0.93501,41.70758],[0.92778,41.70644],[0.92242,41.71279],[0.91559,41.71931],[0.91388,41.72713],[0.91338,41.73766],[0.89425,41.73778],[0.893,41.74065],[0.88093,41.73921],[0.87418,41.73932],[0.86733,41.74075]],[[0.76844,41.58828],[0.77004,41.59159],[0.77281,41.59484],[0.77334,41.59685],[0.78023,41.60338],[0.78258,41.60926],[0.81675,41.61456],[0.81259,41.60814],[0.80725,41.60196],[0.80765,41.60091],[0.80637,41.59905],[0.80648,41.59602],[0.80384,41.59015],[0.79621,41.58915],[0.78735,41.58486],[0.77924,41.57984],[0.77075,41.58706],[0.76714,41.58732],[0.76844,41.58828]]]]}},{"type":"Feature","properties":{"comarca":"28","nom_comar":"Pla de l'Estany"},"geometry":{"type":"MultiPolygon","coordinates":[[[[2.78341,42.20721],[2.77918,42.21231],[2.77031,42.20606],[2.76884,42.20633],[2.76839,42.20434],[2.76646,42.20323],[2.76566,42.20103],[2.76687,42.19907],[2.76669,42.19648],[2.76787,42.19451],[2.76756,42.19258],[2.76959,42.19221],[2.77078,42.18967],[2.76876,42.1893],[2.76423,42.18674],[2.75582,42.18552],[2.74819,42.18271],[2.74088,42.18093],[2.73518,42.18169],[2.72801,42.18556],[2.72402,42.18648],[2.71842,42.18085],[2.71065,42.17493],[2.70158,42.17357],[2.69349,42.17367],[2.6892,42.17165],[2.68417,42.17083],[2.67553,42.17154],[2.68449,42.17426],[2.68224,42.17631],[2.67961,42.17529],[2.67867,42.17422],[2.67747,42.17442],[2.67718,42.17585],[2.67608,42.17649],[2.67575,42.17478],[2.67441,42.17402],[2.67238,42.17592],[2.66675,42.17636],[2.66722,42.1722],[2.66529,42.1676],[2.6686,42.15885],[2.66464,42.1576],[2.6638,42.15676],[2.65822,42.15556],[2.65778,42.15408],[2.65844,42.14833],[2.65749,42.14678],[2.6576,42.14428],[2.65706,42.14336],[2.66053,42.14185],[2.65987,42.1395],[2.65422,42.13611],[2.66014,42.13342],[2.663,42.13301],[2.66411,42.1321],[2.6659,42.1236],[2.65742,42.1185],[2.65759,42.11211],[2.65359,42.11089],[2.65355,42.10786],[2.65201,42.10491],[2.65278,42.10306],[2.646,42.09661],[2.64546,42.09393],[2.63806,42.08998],[2.63634,42.08757],[2.63807,42.08688],[2.64275,42.0876],[2.64984,42.08478],[2.6543,42.08467],[2.66408,42.08632],[2.66762,42.0849],[2.67024,42.08585],[2.67228,42.08496],[2.67861,42.08455],[2.68091,42.08264],[2.68599,42.08481],[2.6902,42.08961],[2.69161,42.09288],[2.71633,42.09208],[2.72076,42.08973],[2.72335,42.08659],[2.73213,42.08602],[2.72925,42.07931],[2.73167,42.07914],[2.7355,42.07715],[2.73923,42.07678],[2.74272,42.0748],[2.74918,42.07437],[2.75373,42.07228],[2.75811,42.07162],[2.75887,42.07098],[2.7589,42.06953],[2.76347,42.06498],[2.76769,42.05862],[2.7667,42.05695],[2.77894,42.05746],[2.78146,42.054],[2.77932,42.05225],[2.77784,42.04992],[2.77781,42.04803],[2.77982,42.04433],[2.78501,42.04094],[2.78714,42.03737],[2.79065,42.03716],[2.79936,42.03167],[2.8021,42.03168],[2.80164,42.03619],[2.80246,42.03841],[2.80399,42.0398],[2.80788,42.03749],[2.81176,42.03706],[2.82216,42.03865],[2.82426,42.03819],[2.83636,42.04066],[2.83472,42.04589],[2.8323,42.04915],[2.82918,42.04975],[2.8321,42.0508],[2.8333,42.05223],[2.83206,42.05399],[2.83079,42.05397],[2.83012,42.05489],[2.83538,42.0539],[2.84004,42.05463],[2.84197,42.05406],[2.84411,42.05434],[2.8457,42.05551],[2.84818,42.05575],[2.84635,42.05736],[2.84615,42.05909],[2.84719,42.06015],[2.84926,42.0599],[2.84985,42.06044],[2.84783,42.06145],[2.84739,42.06308],[2.84894,42.06413],[2.8514,42.06381],[2.85207,42.06426],[2.8524,42.06656],[2.85349,42.06749],[2.85485,42.06736],[2.85548,42.06842],[2.8587,42.06915],[2.85678,42.07499],[2.85644,42.0772],[2.85692,42.07822],[2.85834,42.07845],[2.86026,42.07496],[2.8639,42.07569],[2.86441,42.07366],[2.86847,42.07493],[2.87007,42.07124],[2.87219,42.06942],[2.87267,42.06654],[2.87415,42.06618],[2.87524,42.06624],[2.88165,42.07176],[2.88411,42.07065],[2.88246,42.06857],[2.88285,42.06615],[2.88473,42.06616],[2.88496,42.06705],[2.88784,42.06686],[2.88775,42.07048],[2.88859,42.07132],[2.89327,42.07093],[2.89451,42.07406],[2.89324,42.0776],[2.89497,42.07808],[2.89501,42.07948],[2.89435,42.07961],[2.89508,42.08237],[2.89405,42.0827],[2.89521,42.08728],[2.89652,42.08751],[2.89369,42.09349],[2.90022,42.103],[2.9031,42.10519],[2.90353,42.10703],[2.90296,42.10759],[2.90428,42.11062],[2.8985,42.12102],[2.89935,42.12966],[2.89841,42.13197],[2.90102,42.13408],[2.90139,42.13762],[2.8995,42.14144],[2.89445,42.14696],[2.89388,42.14834],[2.89035,42.14993],[2.88846,42.14995],[2.88835,42.15404],[2.89156,42.15506],[2.89286,42.15757],[2.89842,42.16222],[2.89719,42.16644],[2.89431,42.17174],[2.89383,42.17681],[2.89211,42.17878],[2.88901,42.17927],[2.88384,42.18248],[2.87611,42.1835],[2.87737,42.18784],[2.87914,42.19068],[2.87865,42.19264],[2.87897,42.19548],[2.87073,42.19662],[2.86856,42.19802],[2.86841,42.19933],[2.86399,42.20102],[2.86186,42.19908],[2.86112,42.1969],[2.86129,42.1951],[2.8592,42.19031],[2.85616,42.18802],[2.85468,42.18541],[2.85165,42.18216],[2.84968,42.18218],[2.84915,42.1803],[2.84143,42.1812],[2.8333,42.17919],[2.82788,42.18302],[2.83352,42.18925],[2.83311,42.18984],[2.83408,42.19829],[2.83283,42.20052],[2.83475,42.20084],[2.83493,42.20197],[2.83337,42.20222],[2.83249,42.2013],[2.83249,42.19994],[2.831,42.19922],[2.82834,42.19991],[2.82884,42.20082],[2.82842,42.20161],[2.82539,42.20209],[2.82253,42.20057],[2.82208,42.19891],[2.82106,42.19822],[2.81947,42.19959],[2.81656,42.2],[2.81508,42.19877],[2.8133,42.19882],[2.81148,42.2008],[2.80946,42.20072],[2.8064,42.20208],[2.79856,42.19867],[2.78622,42.19878],[2.78276,42.20135],[2.78473,42.20353],[2.78484,42.20506],[2.78341,42.20721]]]]}},{"type":"Feature","properties":{"comarca":"29","nom_comar":"Priorat"},"geometry":{"type":"MultiPolygon","coordinates":[[[[0.8547,41.34845],[0.84716,41.35473],[0.845,41.3623],[0.84006,41.36181],[0.83077,41.35863],[0.82904,41.35711],[0.8291,41.3551],[0.83027,41.35311],[0.82694,41.35067],[0.8276,41.34747],[0.82601,41.3453],[0.82666,41.34376],[0.82558,41.34219],[0.82615,41.34122],[0.8249,41.33904],[0.82259,41.33835],[0.822,41.33458],[0.8201,41.3334],[0.82088,41.33294],[0.8209,41.33202],[0.81893,41.32836],[0.81443,41.32682],[0.8126,41.32708],[0.81263,41.32887],[0.80872,41.32825],[0.80239,41.33041],[0.79649,41.32839],[0.79518,41.32861],[0.79241,41.33137],[0.79091,41.33189],[0.78591,41.33248],[0.77976,41.33202],[0.77902,41.33299],[0.77756,41.33253],[0.77391,41.33448],[0.76926,41.33372],[0.76236,41.33447],[0.75834,41.33118],[0.75676,41.33094],[0.75403,41.32889],[0.75434,41.32642],[0.75051,41.32454],[0.75044,41.32324],[0.75192,41.31965],[0.7513,41.31842],[0.75203,41.31764],[0.75206,41.31596],[0.75361,41.31482],[0.75204,41.31428],[0.75023,41.31161],[0.74829,41.31203],[0.7423,41.31113],[0.74126,41.30938],[0.73923,41.3086],[0.73432,41.30971],[0.73186,41.30919],[0.72885,41.30954],[0.72671,41.30784],[0.72176,41.30741],[0.72042,41.30626],[0.71981,41.30412],[0.71857,41.30327],[0.71367,41.30249],[0.71311,41.29891],[0.71343,41.29666],[0.70954,41.29448],[0.70882,41.29297],[0.70921,41.29124],[0.70838,41.28952],[0.70652,41.28828],[0.70282,41.28377],[0.69592,41.28166],[0.69667,41.27849],[0.69838,41.27765],[0.69805,41.27629],[0.69718,41.27566],[0.69744,41.27488],[0.69991,41.27294],[0.70013,41.26943],[0.70177,41.2661],[0.70053,41.26291],[0.70123,41.26025],[0.69432,41.25696],[0.69291,41.25375],[0.69301,41.2522],[0.69196,41.25145],[0.69255,41.24875],[0.69028,41.24701],[0.68565,41.24582],[0.68492,41.24354],[0.68665,41.2395],[0.68596,41.23679],[0.68866,41.23423],[0.68813,41.23172],[0.68583,41.22975],[0.68681,41.22856],[0.68588,41.22471],[0.68897,41.22374],[0.69103,41.2217],[0.69429,41.22217],[0.69605,41.22138],[0.70007,41.21759],[0.70477,41.2161],[0.70269,41.21437],[0.70225,41.21279],[0.7011,41.21164],[0.68897,41.20341],[0.68787,41.20065],[0.68674,41.20023],[0.68222,41.2008],[0.68081,41.19937],[0.67941,41.19937],[0.67589,41.19566],[0.67136,41.19378],[0.67099,41.19323],[0.67147,41.19262],[0.66982,41.19091],[0.65973,41.1884],[0.65857,41.18548],[0.66103,41.18447],[0.66586,41.18103],[0.67746,41.17144],[0.67665,41.16371],[0.68254,41.15589],[0.68342,41.15358],[0.68873,41.15069],[0.68875,41.14907],[0.69105,41.14698],[0.6931,41.14344],[0.69548,41.14188],[0.6975,41.1379],[0.69747,41.13423],[0.69327,41.13404],[0.69259,41.13268],[0.69252,41.1317],[0.69421,41.13144],[0.69363,41.12853],[0.69419,41.12839],[0.69491,41.12953],[0.69629,41.12959],[0.69683,41.12854],[0.69819,41.12837],[0.69745,41.12772],[0.69826,41.12691],[0.70166,41.12655],[0.6998,41.12579],[0.70001,41.12447],[0.70181,41.12407],[0.70215,41.12493],[0.70271,41.12488],[0.70865,41.12112],[0.70858,41.12051],[0.70707,41.12052],[0.70668,41.11964],[0.71043,41.11898],[0.71218,41.11778],[0.71282,41.117],[0.71104,41.11533],[0.71347,41.1134],[0.71423,41.11164],[0.71734,41.10933],[0.71238,41.10521],[0.71481,41.10503],[0.72055,41.10289],[0.72608,41.10362],[0.72973,41.10266],[0.73268,41.10324],[0.7333,41.10158],[0.7359,41.09872],[0.74868,41.09136],[0.75081,41.08857],[0.75128,41.08494],[0.75266,41.08561],[0.75678,41.0846],[0.76043,41.08449],[0.76151,41.0851],[0.76406,41.08737],[0.76507,41.09],[0.76506,41.09344],[0.76677,41.09432],[0.76751,41.09135],[0.77039,41.08841],[0.77054,41.08685],[0.76951,41.08525],[0.76942,41.08378],[0.77335,41.08337],[0.77835,41.0809],[0.78292,41.0801],[0.78684,41.07852],[0.78704,41.07679],[0.79124,41.07291],[0.7923,41.0711],[0.794,41.07023],[0.8013,41.06991],[0.80313,41.06922],[0.803,41.06741],[0.80505,41.06681],[0.81318,41.06725],[0.81544,41.06674],[0.81555,41.07004],[0.81674,41.07247],[0.81773,41.07237],[0.81925,41.07066],[0.82047,41.07478],[0.82367,41.07694],[0.82324,41.07937],[0.82383,41.0807],[0.82307,41.08125],[0.82267,41.08346],[0.82403,41.08683],[0.8225,41.08745],[0.82054,41.08616],[0.81963,41.08817],[0.82656,41.09826],[0.82842,41.09827],[0.83074,41.09718],[0.8341,41.0971],[0.83867,41.09918],[0.8429,41.09982],[0.83865,41.10625],[0.83655,41.11383],[0.83386,41.11547],[0.83053,41.11435],[0.8299,41.11696],[0.82755,41.11843],[0.82671,41.11979],[0.83234,41.12227],[0.83481,41.11966],[0.84149,41.11618],[0.84479,41.11586],[0.84922,41.11321],[0.85174,41.11262],[0.85342,41.10997],[0.85778,41.11126],[0.86409,41.11077],[0.86579,41.11237],[0.86969,41.11151],[0.8718,41.11228],[0.87516,41.1119],[0.87771,41.1107],[0.88497,41.11747],[0.88985,41.13253],[0.88869,41.1358],[0.89083,41.13879],[0.89096,41.14139],[0.89358,41.14333],[0.89565,41.14615],[0.89537,41.14701],[0.89843,41.1527],[0.9011,41.15579],[0.90106,41.15672],[0.90392,41.16239],[0.90597,41.16484],[0.9057,41.16701],[0.90363,41.16825],[0.90188,41.17037],[0.90165,41.17455],[0.90311,41.17497],[0.90301,41.17627],[0.90676,41.17922],[0.90316,41.18056],[0.89962,41.17957],[0.8957,41.18054],[0.89062,41.18036],[0.88533,41.18249],[0.88282,41.18218],[0.8794,41.18288],[0.87699,41.1876],[0.87884,41.1897],[0.87851,41.19176],[0.88031,41.19445],[0.90377,41.19411],[0.9075,41.19453],[0.9116,41.19645],[0.91579,41.19717],[0.91826,41.20053],[0.92033,41.2009],[0.92259,41.20291],[0.92104,41.20524],[0.92176,41.20681],[0.92107,41.2133],[0.91953,41.21713],[0.91769,41.2189],[0.91717,41.22071],[0.91341,41.22542],[0.91251,41.23028],[0.91059,41.23272],[0.90977,41.23786],[0.91262,41.23938],[0.91589,41.23956],[0.92077,41.24206],[0.92243,41.24181],[0.92586,41.24281],[0.92981,41.24228],[0.93232,41.24291],[0.93487,41.24239],[0.94044,41.2451],[0.94279,41.24472],[0.94822,41.24814],[0.94942,41.25031],[0.95258,41.25091],[0.95682,41.25454],[0.95823,41.25464],[0.96,41.25664],[0.96257,41.25674],[0.96773,41.25935],[0.97096,41.26284],[0.97205,41.26269],[0.97328,41.26038],[0.9747,41.25955],[0.97581,41.26199],[0.97609,41.26441],[0.97137,41.26827],[0.97136,41.27142],[0.96916,41.27551],[0.97002,41.28099],[0.97156,41.28484],[0.97145,41.29042],[0.97374,41.29261],[0.9731,41.29454],[0.96028,41.29947],[0.94491,41.28975],[0.93948,41.29658],[0.94375,41.30477],[0.93547,41.32045],[0.9075,41.32665],[0.90636,41.32774],[0.90636,41.33332],[0.90928,41.33816],[0.90805,41.34125],[0.90863,41.34344],[0.90493,41.34757],[0.90171,41.34749],[0.90044,41.34556],[0.89711,41.34557],[0.89349,41.3436],[0.88906,41.34303],[0.88473,41.34135],[0.88208,41.34175],[0.87193,41.3404],[0.86961,41.33922],[0.86327,41.33811],[0.8547,41.34845]]]]}},{"type":"Feature","properties":{"comarca":"30","nom_comar":"Ribera d'Ebre"},"geometry":{"type":"MultiPolygon","coordinates":[[[[0.47116,41.32759],[0.46954,41.33089],[0.46723,41.33146],[0.46162,41.33507],[0.45579,41.32978],[0.45125,41.32962],[0.44132,41.32556],[0.43533,41.32131],[0.43225,41.31166],[0.43592,41.29723],[0.43342,41.28773],[0.43304,41.27721],[0.43245,41.27588],[0.42857,41.27448],[0.42349,41.2743],[0.38569,41.27855],[0.38366,41.27652],[0.3828,41.27455],[0.37957,41.27069],[0.3772,41.26244],[0.37754,41.25782],[0.37844,41.25648],[0.37782,41.25262],[0.37617,41.25034],[0.37353,41.2486],[0.37442,41.24691],[0.37391,41.24502],[0.37793,41.2419],[0.37878,41.23977],[0.37875,41.2376],[0.38167,41.23733],[0.38183,41.23517],[0.38034,41.23415],[0.3742,41.23279],[0.37158,41.22958],[0.37116,41.22796],[0.37325,41.22507],[0.37166,41.2197],[0.37179,41.21722],[0.37141,41.21622],[0.36987,41.21562],[0.36761,41.213],[0.3664,41.20861],[0.36685,41.20689],[0.37861,41.21218],[0.39019,41.21291],[0.38867,41.21346],[0.40222,41.21636],[0.40321,41.21858],[0.41338,41.22018],[0.41714,41.22312],[0.42075,41.22421],[0.42215,41.22669],[0.42442,41.22661],[0.43051,41.22863],[0.43589,41.22637],[0.43837,41.2238],[0.44587,41.22191],[0.44704,41.22109],[0.44792,41.21888],[0.45158,41.21754],[0.45309,41.21525],[0.45731,41.21414],[0.45849,41.21221],[0.45667,41.21075],[0.45639,41.20862],[0.45875,41.20669],[0.45798,41.2053],[0.45882,41.20477],[0.46251,41.20412],[0.46542,41.20467],[0.46655,41.20353],[0.46975,41.20315],[0.4753,41.20285],[0.47951,41.20349],[0.48172,41.20293],[0.48422,41.20114],[0.48637,41.19806],[0.4904,41.1978],[0.49544,41.19646],[0.49642,41.19367],[0.49591,41.19061],[0.49705,41.18896],[0.4981,41.18305],[0.5003,41.17865],[0.50062,41.17494],[0.50249,41.1734],[0.5016,41.17161],[0.49845,41.17001],[0.49772,41.16825],[0.49858,41.16607],[0.50081,41.1643],[0.50131,41.16279],[0.49989,41.15921],[0.50188,41.1575],[0.49876,41.15508],[0.49546,41.15516],[0.49386,41.15125],[0.49428,41.14922],[0.49187,41.14828],[0.48793,41.1451],[0.48823,41.14203],[0.49052,41.14043],[0.49378,41.13651],[0.49754,41.13669],[0.51647,41.13364],[0.51772,41.13245],[0.52403,41.13009],[0.52602,41.12835],[0.52769,41.12532],[0.53571,41.12377],[0.5424,41.12052],[0.54491,41.12071],[0.55151,41.11954],[0.55332,41.1183],[0.55354,41.11747],[0.55029,41.11436],[0.55034,41.11231],[0.54822,41.11072],[0.54819,41.11],[0.54506,41.10816],[0.54267,41.10768],[0.542,41.10479],[0.53625,41.09766],[0.53547,41.09335],[0.5209,41.07903],[0.52069,41.07561],[0.51734,41.07259],[0.51298,41.07132],[0.5122,41.06951],[0.51046,41.07002],[0.50376,41.06772],[0.49981,41.06323],[0.50226,41.05991],[0.50733,41.06128],[0.51029,41.06108],[0.51179,41.06182],[0.5149,41.06155],[0.51701,41.06235],[0.52069,41.0622],[0.52559,41.06316],[0.52708,41.06278],[0.52784,41.06182],[0.52686,41.05771],[0.52801,41.0555],[0.53046,41.05534],[0.53205,41.05384],[0.53507,41.05318],[0.53632,41.05141],[0.53946,41.05156],[0.54448,41.05072],[0.54568,41.04724],[0.54804,41.04613],[0.54771,41.04427],[0.54637,41.04243],[0.54816,41.04006],[0.54744,41.03891],[0.54813,41.0374],[0.55103,41.03515],[0.55761,41.03477],[0.55787,41.03407],[0.55653,41.03115],[0.55853,41.0278],[0.56307,41.02729],[0.56512,41.02527],[0.56721,41.0248],[0.56787,41.0201],[0.57032,41.01939],[0.57015,41.01838],[0.56549,41.01624],[0.56197,41.01617],[0.55913,41.01486],[0.56315,41.00705],[0.56611,41.00655],[0.56867,41.00342],[0.57346,41.00036],[0.56895,40.99853],[0.57628,40.99567],[0.57279,40.99169],[0.56546,40.98932],[0.56625,40.98743],[0.56615,40.98551],[0.56506,40.98472],[0.57345,40.98014],[0.57485,40.97688],[0.58366,40.97549],[0.5822,40.97362],[0.58172,40.97054],[0.57819,40.96881],[0.57828,40.9678],[0.58427,40.96384],[0.58431,40.96317],[0.58281,40.96186],[0.58307,40.95794],[0.58834,40.95638],[0.59126,40.95372],[0.59295,40.95056],[0.59215,40.94877],[0.58899,40.94696],[0.58722,40.94311],[0.58719,40.94076],[0.59502,40.94029],[0.59689,40.94101],[0.59954,40.94037],[0.60095,40.9353],[0.60182,40.93467],[0.60453,40.93476],[0.60491,40.93374],[0.60805,40.93152],[0.61143,40.93029],[0.61337,40.93073],[0.61581,40.93236],[0.64897,40.93997],[0.65505,40.94356],[0.66286,40.94488],[0.66663,40.94365],[0.67094,40.94506],[0.67223,40.94606],[0.67641,40.9449],[0.67787,40.94545],[0.67925,40.94485],[0.68229,40.94045],[0.68678,40.94126],[0.68877,40.9422],[0.6889,40.94342],[0.69011,40.94374],[0.69319,40.94264],[0.69863,40.94417],[0.71477,40.94135],[0.73951,40.939],[0.75022,40.93239],[0.76123,40.93321],[0.78524,40.93784],[0.78835,40.93775],[0.78947,40.93875],[0.80266,40.93867],[0.81561,40.94022],[0.81882,40.94073],[0.8218,40.94272],[0.81932,40.94294],[0.81015,40.94747],[0.80343,40.95298],[0.79808,40.96643],[0.79868,40.96859],[0.79266,40.97262],[0.78622,40.98191],[0.78211,40.9893],[0.78167,40.99165],[0.77986,40.99228],[0.77626,40.99027],[0.77591,40.99067],[0.77689,40.99434],[0.77467,40.99715],[0.7758,40.99832],[0.77779,40.99889],[0.77864,41.00005],[0.77801,41.00102],[0.77921,41.00418],[0.77819,41.00663],[0.78031,41.0077],[0.78082,41.01012],[0.78379,41.01233],[0.78197,41.0138],[0.7853,41.01621],[0.78333,41.01758],[0.78352,41.01874],[0.78226,41.02237],[0.7859,41.02526],[0.78478,41.02687],[0.7812,41.02821],[0.7805,41.02907],[0.78265,41.03085],[0.78502,41.03165],[0.78658,41.03443],[0.79026,41.0355],[0.791,41.03753],[0.79594,41.03912],[0.79679,41.04102],[0.79852,41.04198],[0.7988,41.04437],[0.801,41.0454],[0.80116,41.04634],[0.80018,41.04753],[0.80068,41.04831],[0.80248,41.04804],[0.80596,41.05472],[0.81077,41.05701],[0.81264,41.05991],[0.8148,41.05989],[0.81511,41.0621],[0.81823,41.06207],[0.81984,41.06057],[0.8242,41.05913],[0.82509,41.05708],[0.83063,41.05536],[0.83546,41.05263],[0.83744,41.0539],[0.8442,41.05348],[0.84444,41.05564],[0.84689,41.05539],[0.8525,41.05644],[0.85248,41.05795],[0.85322,41.05891],[0.85432,41.05911],[0.85551,41.06058],[0.85748,41.06164],[0.8573,41.0668],[0.85524,41.06911],[0.85604,41.07066],[0.85415,41.07134],[0.85449,41.07268],[0.85645,41.07384],[0.85198,41.07727],[0.85224,41.07772],[0.85357,41.07886],[0.85718,41.08025],[0.85847,41.08424],[0.8636,41.08663],[0.86394,41.084],[0.86739,41.08519],[0.8693,41.0847],[0.86896,41.08172],[0.86557,41.07822],[0.8669,41.07764],[0.8679,41.07606],[0.8674,41.07339],[0.86818,41.07307],[0.86991,41.07395],[0.87025,41.07347],[0.87244,41.0761],[0.87062,41.07869],[0.8721,41.08022],[0.87161,41.08138],[0.87196,41.08212],[0.8734,41.08263],[0.87318,41.08383],[0.87016,41.08536],[0.86785,41.08846],[0.86433,41.08993],[0.86321,41.09224],[0.8614,41.09343],[0.85033,41.09437],[0.84661,41.09655],[0.8429,41.09982],[0.83867,41.09918],[0.8341,41.0971],[0.83074,41.09718],[0.82702,41.09849],[0.81963,41.08817],[0.82054,41.08616],[0.8225,41.08745],[0.82403,41.08683],[0.82267,41.08346],[0.82307,41.08125],[0.82383,41.0807],[0.82324,41.07937],[0.82367,41.07694],[0.82047,41.07478],[0.81925,41.07066],[0.81773,41.07237],[0.81674,41.07247],[0.81555,41.07004],[0.81544,41.06674],[0.81318,41.06725],[0.80932,41.06673],[0.80306,41.06737],[0.80313,41.06922],[0.80001,41.07026],[0.794,41.07023],[0.79224,41.07114],[0.79124,41.07291],[0.78704,41.07679],[0.78684,41.07852],[0.78292,41.0801],[0.77835,41.0809],[0.77335,41.08337],[0.76942,41.08378],[0.76951,41.08525],[0.77054,41.08685],[0.77039,41.08841],[0.76751,41.09135],[0.76677,41.09432],[0.76506,41.09344],[0.76507,41.09],[0.76406,41.08737],[0.76151,41.0851],[0.76043,41.08449],[0.75678,41.0846],[0.75266,41.08561],[0.75128,41.08494],[0.75081,41.08857],[0.74868,41.09136],[0.7359,41.09872],[0.7333,41.10158],[0.73268,41.10324],[0.72973,41.10266],[0.72608,41.10362],[0.72055,41.10289],[0.71481,41.10503],[0.71238,41.10521],[0.71734,41.10933],[0.71423,41.11164],[0.71347,41.1134],[0.71104,41.11533],[0.71282,41.117],[0.71218,41.11778],[0.71043,41.11898],[0.70668,41.11964],[0.70707,41.12052],[0.70858,41.12051],[0.70865,41.12112],[0.70271,41.12488],[0.70215,41.12493],[0.70181,41.12407],[0.70001,41.12447],[0.6998,41.12579],[0.70166,41.12655],[0.69826,41.12691],[0.69745,41.12772],[0.69819,41.12837],[0.69683,41.12854],[0.69629,41.12959],[0.69491,41.12953],[0.69419,41.12839],[0.69363,41.12853],[0.69421,41.13144],[0.69252,41.1317],[0.69259,41.13268],[0.69327,41.13404],[0.69747,41.13423],[0.6975,41.1379],[0.69548,41.14188],[0.6931,41.14344],[0.69105,41.14698],[0.68875,41.14907],[0.68873,41.15069],[0.68342,41.15358],[0.68254,41.15589],[0.67665,41.16371],[0.67746,41.17144],[0.66586,41.18103],[0.66103,41.18447],[0.65857,41.18548],[0.65973,41.1884],[0.66982,41.19091],[0.67147,41.19262],[0.67099,41.19323],[0.67136,41.19378],[0.67589,41.19566],[0.67941,41.19937],[0.68081,41.19937],[0.68222,41.2008],[0.68674,41.20023],[0.68787,41.20065],[0.68897,41.20341],[0.7011,41.21164],[0.70225,41.21279],[0.70269,41.21437],[0.70477,41.2161],[0.70007,41.21759],[0.69605,41.22138],[0.69429,41.22217],[0.69103,41.2217],[0.68897,41.22374],[0.68588,41.22471],[0.68681,41.22856],[0.68583,41.22975],[0.68813,41.23172],[0.68866,41.23423],[0.68596,41.23679],[0.68665,41.2395],[0.68492,41.24354],[0.68517,41.24539],[0.69028,41.24701],[0.69247,41.24866],[0.69196,41.25145],[0.69301,41.2522],[0.69291,41.25375],[0.69424,41.25686],[0.70123,41.26025],[0.70053,41.26291],[0.70177,41.2661],[0.70013,41.26943],[0.69991,41.27294],[0.69744,41.27488],[0.69718,41.27566],[0.69805,41.27629],[0.69838,41.27765],[0.69667,41.27849],[0.69592,41.28166],[0.70282,41.28377],[0.70652,41.28828],[0.70838,41.28952],[0.70921,41.29124],[0.70882,41.29297],[0.70954,41.29448],[0.71343,41.29666],[0.71316,41.29995],[0.71384,41.30261],[0.71857,41.30327],[0.71981,41.30412],[0.72042,41.30626],[0.72176,41.30741],[0.72671,41.30784],[0.72885,41.30954],[0.73186,41.30919],[0.73432,41.30971],[0.73923,41.3086],[0.74126,41.30938],[0.7423,41.31113],[0.74829,41.31203],[0.75023,41.31161],[0.75204,41.31428],[0.75361,41.31482],[0.75211,41.31583],[0.75199,41.31773],[0.75141,41.31816],[0.74982,41.31733],[0.74471,41.31699],[0.74019,41.31789],[0.73745,41.31628],[0.73402,41.31609],[0.731,41.3147],[0.72828,41.31521],[0.72431,41.31357],[0.71996,41.31411],[0.71681,41.31325],[0.71284,41.31463],[0.71139,41.31306],[0.71041,41.31366],[0.70861,41.31359],[0.70659,41.31231],[0.70048,41.31343],[0.69782,41.31219],[0.69522,41.31384],[0.69006,41.31252],[0.6884,41.31044],[0.68377,41.3103],[0.68278,41.30887],[0.68132,41.30817],[0.67994,41.30823],[0.67858,41.3099],[0.66974,41.30986],[0.66962,41.3091],[0.66623,41.30695],[0.66391,41.30666],[0.6623,41.30568],[0.66151,41.30325],[0.65788,41.3023],[0.65727,41.30153],[0.65096,41.29988],[0.64946,41.30087],[0.64789,41.30082],[0.64513,41.29892],[0.63627,41.29748],[0.63314,41.29466],[0.63002,41.29349],[0.62828,41.29088],[0.62397,41.29225],[0.62073,41.29207],[0.61876,41.2907],[0.61536,41.29211],[0.61364,41.29073],[0.60763,41.29244],[0.60687,41.29152],[0.60473,41.29162],[0.60375,41.29342],[0.60156,41.2941],[0.59838,41.29408],[0.59706,41.29345],[0.5865,41.30718],[0.58244,41.31087],[0.58085,41.31989],[0.57419,41.31814],[0.56652,41.32125],[0.56079,41.32443],[0.55448,41.32659],[0.54549,41.32275],[0.54302,41.31404],[0.54338,41.31111],[0.54205,41.31058],[0.53782,41.30612],[0.53519,41.30238],[0.53021,41.30017],[0.53009,41.29929],[0.53083,41.29848],[0.52997,41.29797],[0.5285,41.29521],[0.5277,41.2917],[0.52621,41.2902],[0.52267,41.29049],[0.51873,41.29169],[0.51537,41.29067],[0.5091,41.29141],[0.50748,41.29034],[0.50314,41.28978],[0.50225,41.29176],[0.50256,41.2943],[0.49854,41.29713],[0.49869,41.29931],[0.49706,41.30296],[0.49032,41.30659],[0.48987,41.30738],[0.49048,41.30913],[0.48953,41.3106],[0.48099,41.31743],[0.48088,41.32014],[0.47967,41.3207],[0.48054,41.32238],[0.48023,41.32341],[0.47549,41.32444],[0.47443,41.32504],[0.47521,41.32661],[0.47469,41.32699],[0.47116,41.32759]]]]}},{"type":"Feature","properties":{"comarca":"31","nom_comar":"Ripollès"},"geometry":{"type":"MultiPolygon","coordinates":[[[[2.02697,42.12896],[2.02512,42.13043],[2.02096,42.13104],[2.02015,42.1305],[2.02152,42.12758],[2.02081,42.12704],[2.01793,42.12708],[2.0182,42.12638],[2.01677,42.12617],[2.01162,42.12693],[2.00238,42.12534],[2.00512,42.12274],[2.0056,42.12108],[2.00176,42.1206],[2.00082,42.11965],[2.00187,42.11985],[2.00346,42.11882],[2.00268,42.11776],[2.00406,42.11587],[2.00538,42.11609],[2.00661,42.11529],[2.00762,42.10648],[2.00828,42.10728],[2.00991,42.10713],[2.01229,42.10845],[2.01516,42.10801],[2.01745,42.10946],[2.01838,42.11257],[2.01984,42.11366],[2.02043,42.11743],[2.02173,42.11946],[2.0189,42.12021],[2.0191,42.12097],[2.02948,42.12108],[2.03056,42.12497],[2.0315,42.12614],[2.02951,42.12702],[2.02882,42.12879],[2.02697,42.12896]],[[2.26654,42.43409],[2.26326,42.43556],[2.26121,42.43748],[2.25711,42.43861],[2.25581,42.43833],[2.25216,42.43665],[2.25134,42.43418],[2.2477,42.43132],[2.24641,42.42892],[2.241,42.42874],[2.23449,42.42614],[2.23113,42.42673],[2.22433,42.42592],[2.21981,42.4232],[2.21477,42.42295],[2.21123,42.4204],[2.20717,42.4196],[2.20661,42.41802],[2.20566,42.41735],[2.20136,42.4164],[2.19438,42.41841],[2.19095,42.41861],[2.19084,42.41786],[2.18963,42.41742],[2.18646,42.41787],[2.18372,42.41922],[2.18026,42.4182],[2.17854,42.41984],[2.17403,42.42217],[2.17081,42.42275],[2.16771,42.42469],[2.16574,42.42273],[2.15933,42.42209],[2.15672,42.42326],[2.15429,42.42165],[2.14887,42.42094],[2.14681,42.41856],[2.14475,42.41799],[2.14272,42.4164],[2.13817,42.41617],[2.13252,42.41433],[2.12892,42.41271],[2.12557,42.4098],[2.12277,42.40486],[2.12319,42.4035],[2.12175,42.40103],[2.12138,42.39709],[2.11594,42.39538],[2.11484,42.39449],[2.11457,42.38904],[2.1165,42.38324],[2.11331,42.38146],[2.10976,42.38106],[2.10691,42.37913],[2.10528,42.38015],[2.09856,42.37655],[2.08948,42.37377],[2.08876,42.37129],[2.08738,42.37016],[2.08672,42.36833],[2.0869,42.36384],[2.08467,42.36176],[2.08051,42.36472],[2.07244,42.36513],[2.07119,42.36322],[2.06615,42.36147],[2.05869,42.3577],[2.05466,42.35852],[2.04051,42.3575],[2.03249,42.35791],[2.02821,42.35547],[2.02473,42.35513],[2.02336,42.3556],[2.01831,42.35059],[2.01607,42.34709],[2.00682,42.34306],[2.00189,42.34177],[1.99551,42.34197],[1.9944,42.34305],[1.98791,42.34354],[1.99057,42.34176],[1.99063,42.3386],[1.99137,42.33632],[1.99077,42.33464],[1.98834,42.33255],[1.98553,42.33251],[1.98469,42.33121],[1.97997,42.33095],[1.97788,42.3317],[1.97002,42.3309],[1.96526,42.33268],[1.9612,42.33188],[1.95889,42.32826],[1.95881,42.32643],[1.96001,42.32479],[1.95535,42.3121],[1.96939,42.30325],[1.97729,42.30128],[1.98358,42.29802],[1.98445,42.29999],[1.98978,42.30111],[1.99238,42.30058],[1.99589,42.30373],[2.00176,42.30538],[2.0056,42.30752],[2.00856,42.30723],[2.01262,42.30833],[2.01388,42.30736],[2.01617,42.30789],[2.01689,42.30931],[2.01872,42.31033],[2.02288,42.3094],[2.02645,42.30674],[2.03469,42.30573],[2.03564,42.30476],[2.03812,42.30395],[2.03956,42.30211],[2.04499,42.29978],[2.04947,42.29662],[2.06154,42.29373],[2.06285,42.29167],[2.06692,42.28988],[2.06932,42.29099],[2.07031,42.28901],[2.06985,42.28712],[2.06783,42.28526],[2.06764,42.28379],[2.06372,42.28219],[2.06018,42.28187],[2.05715,42.28025],[2.05581,42.28066],[2.0531,42.27822],[2.05337,42.27653],[2.05175,42.27437],[2.05043,42.2739],[2.0481,42.2742],[2.04634,42.27183],[2.04398,42.27095],[2.04266,42.26952],[2.04316,42.26809],[2.04122,42.26412],[2.04015,42.26002],[2.03607,42.25828],[2.03428,42.25823],[2.0334,42.25683],[2.03098,42.2563],[2.0303,42.25444],[2.02802,42.25267],[2.02906,42.2525],[2.02869,42.25159],[2.02957,42.2506],[2.02861,42.24848],[2.02931,42.24766],[2.02968,42.24479],[2.02891,42.24266],[2.02604,42.23941],[2.02484,42.23886],[2.0253,42.23394],[2.0248,42.23262],[2.02124,42.23128],[2.01703,42.23218],[2.01883,42.23039],[2.01944,42.22816],[2.02348,42.22607],[2.02509,42.22274],[2.02768,42.22004],[2.03,42.21565],[2.03471,42.21907],[2.03942,42.22077],[2.04805,42.22118],[2.05311,42.21945],[2.0527,42.21789],[2.05023,42.21657],[2.04975,42.21555],[2.05107,42.21366],[2.05012,42.21192],[2.0499,42.20824],[2.05212,42.20463],[2.05208,42.20234],[2.05319,42.2006],[2.05264,42.19898],[2.05289,42.19605],[2.05219,42.19542],[2.05438,42.19451],[2.06053,42.19496],[2.06342,42.19152],[2.06165,42.18872],[2.06152,42.17959],[2.05923,42.17855],[2.0603,42.17723],[2.05796,42.17653],[2.0579,42.17551],[2.05606,42.17467],[2.04385,42.17601],[2.04244,42.17734],[2.04001,42.17707],[2.03753,42.17856],[2.03149,42.17636],[2.03099,42.17464],[2.03157,42.17202],[2.03037,42.17018],[2.02819,42.16916],[2.028,42.16664],[2.02543,42.16622],[2.02313,42.16447],[2.01279,42.16423],[2.01111,42.16304],[2.00781,42.16219],[2.00466,42.16246],[2.00401,42.16646],[1.9959,42.17201],[2.00084,42.1758],[2.00586,42.18299],[2.00025,42.18605],[1.9989,42.18772],[1.99767,42.19134],[1.99902,42.19259],[2.00773,42.19364],[1.99065,42.19419],[1.98865,42.19475],[1.98615,42.19427],[1.97962,42.19622],[1.97661,42.19849],[1.9696,42.19702],[1.96465,42.19883],[1.965,42.19614],[1.964,42.18716],[1.96528,42.1833],[1.96554,42.17874],[1.97039,42.178],[1.9701,42.17956],[1.97071,42.1801],[1.97828,42.18187],[1.98476,42.18037],[1.99097,42.18243],[1.99183,42.18213],[1.99118,42.18128],[1.99161,42.17846],[1.98934,42.17639],[1.98965,42.17518],[1.99058,42.17489],[1.99215,42.17263],[1.99202,42.17187],[1.99046,42.17139],[1.99764,42.16144],[2.00266,42.15663],[2.00296,42.15542],[2.0058,42.15478],[2.00541,42.15396],[2.0036,42.15308],[2.00594,42.15176],[2.00417,42.14971],[2.01406,42.14975],[2.02041,42.15093],[2.02566,42.15283],[2.02765,42.15282],[2.03206,42.15145],[2.03327,42.1504],[2.03402,42.14843],[2.03349,42.14764],[2.03731,42.14275],[2.04059,42.14268],[2.04454,42.14386],[2.04738,42.14379],[2.04961,42.14282],[2.05132,42.14309],[2.05399,42.139],[2.0536,42.138],[2.06044,42.13518],[2.06115,42.13516],[2.06154,42.13658],[2.06486,42.13853],[2.07045,42.13907],[2.07058,42.14173],[2.08636,42.14155],[2.09031,42.14244],[2.09225,42.1444],[2.09411,42.14192],[2.09603,42.14172],[2.09539,42.14012],[2.10133,42.13984],[2.10074,42.13669],[2.09762,42.13018],[2.10108,42.12937],[2.09959,42.1277],[2.1009,42.12535],[2.09968,42.12497],[2.09978,42.12447],[2.10096,42.12357],[2.10416,42.12303],[2.10682,42.1208],[2.1097,42.11996],[2.11316,42.11691],[2.11475,42.1175],[2.11795,42.11541],[2.12041,42.11602],[2.12266,42.11512],[2.12454,42.11385],[2.12487,42.1124],[2.12587,42.11239],[2.12774,42.11491],[2.13734,42.12078],[2.13971,42.12585],[2.14357,42.13092],[2.1634,42.13498],[2.18092,42.13525],[2.18648,42.13398],[2.18787,42.1313],[2.18615,42.12832],[2.18873,42.12429],[2.20053,42.12397],[2.20444,42.12549],[2.20262,42.12671],[2.20176,42.12855],[2.20209,42.13013],[2.20372,42.13146],[2.20516,42.13152],[2.20625,42.13083],[2.20896,42.12722],[2.21123,42.12739],[2.21298,42.1289],[2.21188,42.13017],[2.20605,42.13265],[2.20528,42.13361],[2.21086,42.13674],[2.20995,42.13964],[2.21402,42.13861],[2.21455,42.14196],[2.22262,42.14199],[2.2241,42.14285],[2.22896,42.14271],[2.23753,42.14375],[2.24011,42.14281],[2.24257,42.13797],[2.24401,42.13792],[2.24622,42.13919],[2.25754,42.13863],[2.26029,42.14115],[2.26338,42.14132],[2.26702,42.14278],[2.26865,42.14281],[2.26987,42.14501],[2.27147,42.14371],[2.2713,42.14262],[2.27321,42.14241],[2.27263,42.14171],[2.27343,42.14063],[2.27217,42.14029],[2.27216,42.1393],[2.27514,42.14016],[2.28121,42.14067],[2.28558,42.14003],[2.28843,42.14217],[2.29171,42.14723],[2.29643,42.1508],[2.29636,42.15143],[2.29484,42.15164],[2.29403,42.15052],[2.29004,42.15007],[2.2895,42.14889],[2.28826,42.14819],[2.28793,42.14992],[2.28331,42.14904],[2.28143,42.14971],[2.27699,42.14958],[2.28566,42.15237],[2.28907,42.15428],[2.28974,42.1559],[2.29128,42.15685],[2.2875,42.1563],[2.28165,42.15713],[2.28202,42.15854],[2.28136,42.15983],[2.27663,42.15808],[2.27699,42.16219],[2.27128,42.16314],[2.26826,42.16208],[2.26489,42.16418],[2.26931,42.16363],[2.27683,42.16438],[2.27889,42.16473],[2.28068,42.16619],[2.28699,42.16379],[2.28992,42.16568],[2.29417,42.1644],[2.29587,42.1658],[2.29696,42.16584],[2.30502,42.15781],[2.30832,42.15871],[2.3142,42.16254],[2.31743,42.16302],[2.32249,42.1619],[2.32447,42.16273],[2.32785,42.16257],[2.33165,42.16497],[2.33539,42.16562],[2.33681,42.16744],[2.34038,42.169],[2.34539,42.16824],[2.34656,42.1695],[2.35023,42.17017],[2.35386,42.17186],[2.35598,42.17128],[2.3612,42.17151],[2.35816,42.17846],[2.36026,42.18833],[2.35574,42.19336],[2.34919,42.19439],[2.34739,42.20166],[2.34595,42.20186],[2.34591,42.20288],[2.33353,42.20822],[2.33269,42.21066],[2.33909,42.21219],[2.35319,42.21291],[2.36029,42.2144],[2.36219,42.21562],[2.36742,42.21494],[2.36926,42.21537],[2.37621,42.22441],[2.37554,42.22523],[2.3765,42.2269],[2.37478,42.22961],[2.37297,42.22867],[2.37004,42.22881],[2.36877,42.22767],[2.36213,42.22803],[2.3608,42.22745],[2.35951,42.22575],[2.35564,42.22735],[2.35115,42.22722],[2.3482,42.2282],[2.34476,42.23177],[2.34513,42.23364],[2.34346,42.23745],[2.34346,42.23962],[2.34406,42.24081],[2.34894,42.24298],[2.35121,42.24474],[2.36054,42.24567],[2.36459,42.24854],[2.36938,42.24825],[2.37304,42.2523],[2.37565,42.25177],[2.37955,42.25303],[2.38298,42.25287],[2.38283,42.25369],[2.38524,42.25445],[2.38529,42.25561],[2.38206,42.25582],[2.38072,42.2583],[2.37771,42.26115],[2.3783,42.26253],[2.37566,42.26505],[2.38372,42.2701],[2.3885,42.272],[2.39363,42.27233],[2.39919,42.27173],[2.40616,42.27432],[2.40669,42.27647],[2.40632,42.28187],[2.41486,42.28675],[2.41679,42.28609],[2.42276,42.28583],[2.42754,42.28434],[2.43086,42.28771],[2.43265,42.28585],[2.43488,42.28471],[2.43803,42.28613],[2.44185,42.28554],[2.44552,42.28059],[2.44986,42.28107],[2.45084,42.28195],[2.45067,42.28306],[2.45251,42.28316],[2.45714,42.28189],[2.45913,42.28199],[2.46054,42.28063],[2.46335,42.27953],[2.48534,42.28834],[2.48026,42.298],[2.47973,42.30292],[2.48836,42.30075],[2.49553,42.3003],[2.4965,42.29888],[2.50388,42.30413],[2.50611,42.30405],[2.50404,42.29892],[2.50455,42.28692],[2.50744,42.28643],[2.50763,42.28382],[2.50877,42.28134],[2.52309,42.27985],[2.53447,42.27956],[2.53735,42.27991],[2.53839,42.28108],[2.53822,42.28229],[2.54541,42.28277],[2.54636,42.28324],[2.54639,42.28417],[2.54873,42.28452],[2.55133,42.28587],[2.55647,42.28567],[2.55786,42.28712],[2.55702,42.28761],[2.55492,42.28647],[2.55391,42.28923],[2.54821,42.29032],[2.54256,42.29069],[2.53279,42.2902],[2.52406,42.2918],[2.52798,42.30126],[2.52801,42.30529],[2.52722,42.30826],[2.52595,42.31001],[2.52455,42.31938],[2.51992,42.32687],[2.52652,42.33342],[2.51115,42.33765],[2.51023,42.33954],[2.50545,42.34159],[2.50297,42.34174],[2.5002,42.3432],[2.49334,42.34205],[2.4921,42.34276],[2.48724,42.34052],[2.48536,42.34101],[2.48356,42.33995],[2.48092,42.34103],[2.4767,42.34498],[2.47548,42.34815],[2.47306,42.34922],[2.47194,42.35369],[2.46818,42.35697],[2.46629,42.36057],[2.46275,42.36223],[2.45685,42.36327],[2.45605,42.36806],[2.45478,42.36982],[2.44775,42.36898],[2.44575,42.36961],[2.43678,42.37437],[2.43348,42.37716],[2.43274,42.37821],[2.43365,42.37953],[2.43315,42.38114],[2.43543,42.38405],[2.43463,42.38706],[2.43575,42.38835],[2.43285,42.39467],[2.43072,42.39384],[2.42884,42.39421],[2.41832,42.39295],[2.41379,42.39147],[2.40796,42.39294],[2.40547,42.39262],[2.40203,42.39446],[2.39916,42.39512],[2.39519,42.3953],[2.39092,42.39723],[2.38754,42.4002],[2.38221,42.40052],[2.37844,42.40145],[2.37206,42.40045],[2.36606,42.40237],[2.36102,42.40269],[2.35938,42.40375],[2.35072,42.40619],[2.34663,42.40852],[2.34527,42.41016],[2.34493,42.41187],[2.34593,42.4154],[2.34398,42.41688],[2.33189,42.41576],[2.32502,42.4174],[2.3184,42.42219],[2.31854,42.42513],[2.31607,42.42687],[2.31239,42.42832],[2.30641,42.42861],[2.304,42.42587],[2.3005,42.42388],[2.29633,42.42296],[2.29115,42.42294],[2.28588,42.4259],[2.28606,42.42702],[2.28516,42.42775],[2.27794,42.43054],[2.27663,42.43242],[2.27498,42.43215],[2.27154,42.43431],[2.26737,42.4337],[2.26654,42.43409]]]]}},{"type":"Feature","properties":{"comarca":"32","nom_comar":"Segarra"},"geometry":{"type":"MultiPolygon","coordinates":[[[[1.3082,41.92183],[1.30678,41.92275],[1.30235,41.92348],[1.29689,41.92155],[1.29539,41.92157],[1.29759,41.9199],[1.29785,41.91739],[1.29084,41.90966],[1.29113,41.90867],[1.29051,41.90738],[1.29116,41.9063],[1.2902,41.90337],[1.29252,41.89791],[1.29135,41.89683],[1.29032,41.89419],[1.28943,41.88687],[1.28346,41.88206],[1.28373,41.87743],[1.28203,41.87543],[1.27691,41.87158],[1.27675,41.87068],[1.27389,41.86771],[1.26574,41.86189],[1.26008,41.86053],[1.25814,41.85869],[1.25903,41.85637],[1.25695,41.85771],[1.25262,41.85355],[1.24756,41.85128],[1.24623,41.84927],[1.24353,41.84891],[1.24233,41.84743],[1.2419,41.8454],[1.23935,41.84509],[1.23619,41.84149],[1.23714,41.83617],[1.23534,41.8324],[1.23103,41.82888],[1.22984,41.8269],[1.22736,41.82522],[1.22483,41.81963],[1.218,41.81629],[1.21569,41.81292],[1.21176,41.81155],[1.20977,41.81272],[1.20636,41.81309],[1.20247,41.81508],[1.20044,41.81257],[1.19514,41.80939],[1.19044,41.80259],[1.18789,41.80099],[1.18758,41.79952],[1.18646,41.79823],[1.18451,41.79673],[1.18137,41.79611],[1.17025,41.78706],[1.17508,41.78708],[1.17619,41.78629],[1.16999,41.78003],[1.1662,41.77509],[1.1677,41.76891],[1.17281,41.76683],[1.17303,41.76497],[1.17457,41.76271],[1.17258,41.7601],[1.16517,41.75977],[1.16165,41.75897],[1.16112,41.75816],[1.16421,41.75723],[1.16617,41.75573],[1.16916,41.75582],[1.17864,41.75353],[1.17981,41.74874],[1.17203,41.73584],[1.17067,41.73183],[1.16599,41.72653],[1.16059,41.71831],[1.15947,41.71774],[1.15658,41.71247],[1.17322,41.70794],[1.1782,41.70942],[1.19318,41.72022],[1.19704,41.72099],[1.19691,41.72007],[1.19763,41.71956],[1.20482,41.71783],[1.20414,41.71633],[1.20787,41.7166],[1.2045,41.71423],[1.19867,41.70651],[1.19424,41.69106],[1.19215,41.69025],[1.19027,41.68816],[1.18941,41.68594],[1.18568,41.68588],[1.18689,41.68117],[1.18835,41.67914],[1.1868,41.67722],[1.18488,41.67641],[1.18577,41.67549],[1.18983,41.6746],[1.18884,41.67115],[1.19071,41.66959],[1.19015,41.66685],[1.19104,41.66641],[1.19123,41.66118],[1.1889,41.66072],[1.18898,41.65964],[1.19022,41.65854],[1.19109,41.65652],[1.19064,41.65256],[1.18579,41.65042],[1.18529,41.64914],[1.18736,41.64535],[1.18877,41.641],[1.18827,41.63747],[1.18995,41.63409],[1.18803,41.62891],[1.18775,41.62404],[1.18668,41.62193],[1.18662,41.61989],[1.18241,41.6183],[1.17754,41.61801],[1.1745,41.6147],[1.17181,41.61491],[1.16747,41.61349],[1.16543,41.61028],[1.16866,41.60626],[1.16703,41.60221],[1.1798,41.59581],[1.18484,41.59604],[1.20642,41.5886],[1.21096,41.58806],[1.21346,41.58467],[1.21282,41.57882],[1.21969,41.56972],[1.22577,41.57046],[1.23135,41.56935],[1.2321,41.57074],[1.23394,41.57138],[1.24334,41.56829],[1.24501,41.56882],[1.24645,41.57079],[1.24731,41.5698],[1.25116,41.57128],[1.25534,41.57125],[1.25869,41.56756],[1.27091,41.57205],[1.27653,41.56991],[1.29405,41.56639],[1.29791,41.56855],[1.3022,41.56949],[1.30337,41.57119],[1.30424,41.57146],[1.31221,41.56876],[1.32885,41.56697],[1.34537,41.56802],[1.36679,41.56592],[1.36901,41.56501],[1.37173,41.56526],[1.38013,41.56143],[1.38265,41.55821],[1.38287,41.55654],[1.38445,41.55587],[1.39166,41.5562],[1.40319,41.55788],[1.40223,41.56471],[1.39501,41.56768],[1.39482,41.57018],[1.39253,41.5752],[1.39227,41.5788],[1.39569,41.58507],[1.40289,41.58637],[1.40588,41.58848],[1.40777,41.59074],[1.40669,41.59334],[1.40758,41.59725],[1.40733,41.60034],[1.39356,41.59971],[1.37497,41.60753],[1.37488,41.61181],[1.3697,41.61291],[1.36875,41.61045],[1.36415,41.6111],[1.36115,41.61232],[1.36053,41.61374],[1.36959,41.61733],[1.36988,41.62139],[1.37903,41.62497],[1.38632,41.62612],[1.38743,41.63136],[1.3915,41.63433],[1.39591,41.63504],[1.40001,41.63464],[1.41321,41.63534],[1.41832,41.63446],[1.41943,41.63374],[1.42053,41.63445],[1.42418,41.6314],[1.43057,41.62982],[1.43115,41.63409],[1.44015,41.63582],[1.44367,41.63483],[1.44891,41.63667],[1.4508,41.63988],[1.45072,41.64635],[1.44489,41.64597],[1.44009,41.64764],[1.43864,41.64897],[1.433,41.65153],[1.43091,41.65529],[1.42885,41.65665],[1.42584,41.66177],[1.42412,41.66938],[1.4155,41.6747],[1.41926,41.6764],[1.42329,41.68405],[1.41877,41.68528],[1.41339,41.68478],[1.40422,41.68616],[1.40393,41.69448],[1.39581,41.69565],[1.39774,41.70072],[1.40021,41.70432],[1.39738,41.70557],[1.38886,41.70488],[1.38352,41.70543],[1.38304,41.70649],[1.38193,41.70678],[1.38556,41.70801],[1.39541,41.71591],[1.40061,41.71711],[1.40354,41.72029],[1.40765,41.72256],[1.4124,41.72719],[1.41601,41.72777],[1.4192,41.73262],[1.42447,41.73267],[1.42472,41.73472],[1.42147,41.73538],[1.42175,41.736],[1.42005,41.73639],[1.4206,41.73782],[1.41507,41.74037],[1.41575,41.74065],[1.41442,41.74101],[1.41379,41.74047],[1.4112,41.74171],[1.41067,41.74113],[1.40494,41.74508],[1.40525,41.74548],[1.40288,41.74556],[1.40372,41.74899],[1.40705,41.75317],[1.40893,41.75827],[1.41107,41.76665],[1.40989,41.76786],[1.41061,41.77504],[1.41393,41.77652],[1.41087,41.77737],[1.40891,41.78073],[1.40737,41.78136],[1.40748,41.7846],[1.40247,41.78622],[1.40225,41.792],[1.40276,41.79329],[1.40165,41.79577],[1.40312,41.79776],[1.40292,41.80018],[1.40405,41.80321],[1.4039,41.80534],[1.40276,41.80418],[1.39457,41.80015],[1.38914,41.79363],[1.38738,41.7897],[1.38567,41.78845],[1.38368,41.78411],[1.38206,41.7862],[1.37808,41.78301],[1.37636,41.78014],[1.37358,41.77869],[1.36719,41.7817],[1.36769,41.78398],[1.36587,41.785],[1.36427,41.78804],[1.36036,41.79017],[1.36226,41.7943],[1.3675,41.79797],[1.36768,41.79919],[1.36542,41.80125],[1.36558,41.80226],[1.3666,41.80236],[1.36894,41.80453],[1.36897,41.80569],[1.36997,41.80586],[1.37142,41.81266],[1.37472,41.81616],[1.37434,41.81666],[1.37052,41.81637],[1.36861,41.81462],[1.36515,41.81509],[1.35873,41.81441],[1.35705,41.81483],[1.35233,41.81912],[1.3496,41.8184],[1.34808,41.8193],[1.34483,41.81851],[1.34346,41.81949],[1.34395,41.82032],[1.3415,41.82131],[1.33726,41.81911],[1.33626,41.81967],[1.33594,41.82099],[1.33644,41.82182],[1.33569,41.82252],[1.33436,41.8231],[1.32999,41.82258],[1.32973,41.82565],[1.3278,41.82538],[1.3202,41.8303],[1.32248,41.83256],[1.32535,41.834],[1.32873,41.84029],[1.32872,41.84397],[1.33538,41.85034],[1.33689,41.85282],[1.33996,41.85436],[1.34324,41.85983],[1.34258,41.86334],[1.34353,41.86779],[1.34296,41.86874],[1.34016,41.89012],[1.33921,41.89159],[1.34087,41.89334],[1.33533,41.90083],[1.33332,41.89805],[1.33326,41.89601],[1.32957,41.89504],[1.32868,41.89275],[1.32468,41.89253],[1.32518,41.89055],[1.32423,41.88964],[1.3233,41.88923],[1.322,41.89072],[1.31927,41.89222],[1.31848,41.89411],[1.31927,41.89647],[1.32058,41.89804],[1.31874,41.89957],[1.31881,41.90167],[1.32017,41.90436],[1.31818,41.90793],[1.31711,41.90836],[1.31763,41.91139],[1.31345,41.91554],[1.31161,41.9192],[1.30911,41.92036],[1.3082,41.92183]]]]}},{"type":"Feature","properties":{"comarca":"33","nom_comar":"Segrià"},"geometry":{"type":"MultiPolygon","coordinates":[[[[0.79538,41.58873],[0.79868,41.58975],[0.80384,41.59015],[0.80648,41.59602],[0.80637,41.59905],[0.80765,41.60091],[0.80725,41.60196],[0.81259,41.60814],[0.81675,41.61456],[0.78258,41.60926],[0.78023,41.60338],[0.77334,41.59685],[0.77281,41.59484],[0.77004,41.59159],[0.76888,41.5886],[0.76703,41.58752],[0.77075,41.58706],[0.77924,41.57984],[0.78735,41.58486],[0.79538,41.58873]],[[0.56167,41.85182],[0.5569,41.85377],[0.55489,41.85249],[0.55257,41.84911],[0.55306,41.84766],[0.55154,41.84421],[0.55132,41.84059],[0.55341,41.8401],[0.55244,41.83664],[0.55312,41.83471],[0.55161,41.83392],[0.551,41.83099],[0.5493,41.82897],[0.54892,41.82651],[0.54373,41.82228],[0.54411,41.82135],[0.54355,41.82041],[0.5304,41.8211],[0.52513,41.82225],[0.51945,41.8206],[0.51553,41.82209],[0.5105,41.82017],[0.50194,41.81437],[0.49992,41.81068],[0.49888,41.80712],[0.49487,41.80434],[0.48852,41.80504],[0.48586,41.80254],[0.4827,41.80103],[0.48149,41.7975],[0.47409,41.78806],[0.46982,41.76543],[0.46448,41.76331],[0.44814,41.76471],[0.43798,41.76132],[0.4282,41.76161],[0.42359,41.76018],[0.40685,41.75866],[0.39975,41.75604],[0.39845,41.75713],[0.39954,41.75468],[0.39797,41.75428],[0.39957,41.75104],[0.3984,41.74999],[0.39849,41.74859],[0.39481,41.7377],[0.39551,41.73447],[0.39524,41.73182],[0.39081,41.73419],[0.38521,41.73962],[0.3727,41.72345],[0.36888,41.72414],[0.36821,41.71365],[0.35877,41.70843],[0.35232,41.70301],[0.34154,41.69606],[0.34103,41.69425],[0.33714,41.69023],[0.33404,41.68802],[0.32832,41.68153],[0.3258,41.67338],[0.3263,41.66256],[0.333,41.65978],[0.33622,41.65459],[0.34967,41.63648],[0.35193,41.63504],[0.35554,41.63458],[0.35825,41.63197],[0.35382,41.62953],[0.35304,41.62808],[0.35102,41.62676],[0.34913,41.62369],[0.34599,41.622],[0.34979,41.59955],[0.39223,41.59521],[0.40221,41.59262],[0.42881,41.6022],[0.43371,41.59337],[0.43341,41.59287],[0.43556,41.58811],[0.43616,41.58489],[0.43133,41.581],[0.43023,41.57733],[0.43216,41.57319],[0.43306,41.5688],[0.4301,41.56511],[0.43946,41.55565],[0.44491,41.54725],[0.44617,41.54301],[0.44712,41.54202],[0.44362,41.54118],[0.43863,41.53713],[0.43248,41.53093],[0.4269,41.5224],[0.41798,41.51707],[0.41519,41.51224],[0.41076,41.50747],[0.40816,41.50238],[0.39738,41.49057],[0.38624,41.48642],[0.3719,41.48474],[0.36863,41.48631],[0.36098,41.48641],[0.34782,41.4879],[0.34279,41.48396],[0.34182,41.48067],[0.34273,41.47717],[0.34488,41.47341],[0.34509,41.46212],[0.34741,41.45938],[0.35527,41.45482],[0.35669,41.45145],[0.35297,41.44555],[0.35164,41.44418],[0.34953,41.44333],[0.34853,41.4419],[0.34822,41.43975],[0.34895,41.434],[0.34739,41.42944],[0.34841,41.42673],[0.34626,41.42046],[0.34342,41.41489],[0.33893,41.40987],[0.32002,41.39419],[0.35205,41.374],[0.3583,41.37199],[0.36186,41.36889],[0.36331,41.36466],[0.36463,41.36398],[0.371,41.35685],[0.37141,41.35541],[0.37442,41.35212],[0.37476,41.35135],[0.37403,41.35009],[0.37284,41.34987],[0.37235,41.34907],[0.3728,41.34748],[0.36961,41.34559],[0.36829,41.34389],[0.36658,41.34336],[0.36744,41.34118],[0.36459,41.34217],[0.36333,41.34123],[0.36065,41.34105],[0.35675,41.33666],[0.34986,41.33132],[0.34861,41.32791],[0.35017,41.3252],[0.35188,41.32417],[0.35675,41.32255],[0.36331,41.32161],[0.3679,41.31928],[0.37017,41.31535],[0.37032,41.31215],[0.36843,41.30643],[0.36547,41.30372],[0.36653,41.3025],[0.36678,41.3008],[0.36848,41.29914],[0.36964,41.29606],[0.37658,41.28762],[0.38569,41.27855],[0.42349,41.2743],[0.42857,41.27448],[0.43245,41.27588],[0.43304,41.27721],[0.43342,41.28773],[0.43592,41.29723],[0.43225,41.31166],[0.43462,41.3203],[0.44132,41.32556],[0.45125,41.32962],[0.45579,41.32978],[0.46162,41.33507],[0.46723,41.33146],[0.46954,41.33089],[0.47069,41.32781],[0.47521,41.32661],[0.47443,41.32504],[0.48023,41.32341],[0.48054,41.32238],[0.47967,41.3207],[0.48088,41.32014],[0.48099,41.31743],[0.48953,41.3106],[0.49048,41.30913],[0.48987,41.30738],[0.49032,41.30659],[0.49706,41.30296],[0.49869,41.29931],[0.49854,41.29713],[0.50256,41.2943],[0.50225,41.29176],[0.50314,41.28978],[0.50748,41.29034],[0.5091,41.29141],[0.51537,41.29067],[0.51873,41.29169],[0.52267,41.29049],[0.52621,41.2902],[0.5277,41.2917],[0.5285,41.29521],[0.52997,41.29797],[0.53083,41.29848],[0.53009,41.29929],[0.53021,41.30017],[0.53519,41.30238],[0.53782,41.30612],[0.54205,41.31058],[0.54338,41.31111],[0.54302,41.31404],[0.54549,41.32275],[0.55448,41.32659],[0.56079,41.32443],[0.56652,41.32125],[0.57419,41.31814],[0.58085,41.31989],[0.58651,41.33737],[0.58688,41.34456],[0.5854,41.34853],[0.58216,41.35319],[0.58594,41.36099],[0.58378,41.37294],[0.58451,41.37625],[0.59277,41.38159],[0.59644,41.38516],[0.60608,41.38981],[0.61366,41.39111],[0.61881,41.39305],[0.62577,41.39934],[0.62912,41.40805],[0.63179,41.4119],[0.62841,41.42002],[0.62514,41.42319],[0.62328,41.42372],[0.6225,41.42507],[0.62177,41.42672],[0.62181,41.4302],[0.62071,41.43339],[0.62116,41.43789],[0.62402,41.44101],[0.62427,41.44482],[0.62722,41.44967],[0.6281,41.45241],[0.6306,41.45134],[0.63283,41.44948],[0.64281,41.45483],[0.65911,41.45564],[0.6635,41.45775],[0.6622,41.46534],[0.66426,41.47322],[0.6685,41.47391],[0.67146,41.47595],[0.6729,41.47954],[0.6778,41.47723],[0.69063,41.47748],[0.69241,41.47683],[0.69303,41.47745],[0.69414,41.48238],[0.69804,41.48975],[0.69794,41.49101],[0.696,41.49407],[0.69593,41.49982],[0.70039,41.50507],[0.70547,41.51862],[0.71015,41.52498],[0.71397,41.52409],[0.72211,41.51974],[0.7267,41.51851],[0.73156,41.52034],[0.7415,41.52937],[0.74554,41.5282],[0.74723,41.52946],[0.74711,41.53209],[0.7479,41.53314],[0.7508,41.53119],[0.75625,41.53506],[0.75887,41.53774],[0.75412,41.54031],[0.75605,41.55035],[0.76446,41.55134],[0.76406,41.55298],[0.76473,41.55703],[0.75801,41.55889],[0.74372,41.56119],[0.74325,41.56347],[0.74056,41.56562],[0.73236,41.56676],[0.73245,41.57071],[0.73523,41.5789],[0.73874,41.58363],[0.74155,41.58268],[0.7446,41.58851],[0.75267,41.58762],[0.76139,41.58781],[0.75998,41.58948],[0.75956,41.59106],[0.76009,41.5975],[0.75776,41.59925],[0.75463,41.60838],[0.75472,41.6115],[0.75584,41.61495],[0.75293,41.61566],[0.74872,41.62919],[0.74638,41.62903],[0.74072,41.63144],[0.73692,41.63217],[0.7317,41.6317],[0.72895,41.63374],[0.72869,41.63794],[0.72879,41.6408],[0.73156,41.6451],[0.73689,41.64879],[0.7369,41.65832],[0.73745,41.66166],[0.75217,41.66218],[0.75998,41.6637],[0.76424,41.66522],[0.76454,41.66892],[0.76375,41.66939],[0.76465,41.6769],[0.76604,41.6775],[0.76597,41.67989],[0.76085,41.69093],[0.75225,41.70097],[0.74959,41.7061],[0.74555,41.71036],[0.74185,41.7122],[0.73974,41.71014],[0.73528,41.70857],[0.73131,41.70568],[0.72856,41.70311],[0.72629,41.69867],[0.71543,41.70297],[0.7136,41.70176],[0.71202,41.7016],[0.71254,41.70041],[0.71217,41.69959],[0.71048,41.69878],[0.7086,41.69545],[0.70681,41.69513],[0.70556,41.69587],[0.70317,41.69849],[0.70264,41.70032],[0.69381,41.69498],[0.69243,41.69561],[0.6908,41.70065],[0.68908,41.7038],[0.68665,41.7058],[0.68565,41.70855],[0.68326,41.71008],[0.68268,41.71118],[0.68061,41.71183],[0.67958,41.71317],[0.67747,41.71421],[0.67647,41.71559],[0.67512,41.7157],[0.6722,41.71842],[0.67124,41.72062],[0.66668,41.72413],[0.66297,41.72881],[0.6615,41.73322],[0.65979,41.73572],[0.65336,41.74157],[0.6469,41.74633],[0.64285,41.75115],[0.63387,41.75932],[0.6269,41.76173],[0.62123,41.7664],[0.61678,41.77249],[0.61265,41.78042],[0.61265,41.78229],[0.61116,41.78452],[0.60502,41.78917],[0.60192,41.79104],[0.60047,41.7912],[0.59121,41.80165],[0.58754,41.80843],[0.58685,41.8085],[0.58739,41.80859],[0.58712,41.80943],[0.57802,41.82692],[0.57873,41.84829],[0.58003,41.85081],[0.56227,41.8532],[0.56269,41.85214],[0.56167,41.85182]]]]}},{"type":"Feature","properties":{"comarca":"34","nom_comar":"Selva"},"geometry":{"type":"MultiPolygon","coordinates":[[[[2.80798,41.67698],[2.8079,41.67751],[2.80727,41.677],[2.80798,41.67698]],[[2.94012,41.71979],[2.93998,41.72066],[2.9396,41.72019],[2.94012,41.71979]],[[2.50305,42.05153],[2.49887,42.0553],[2.49614,42.05901],[2.49476,42.05923],[2.49288,42.05833],[2.49088,42.05559],[2.48586,42.05451],[2.48131,42.05093],[2.48286,42.04979],[2.48453,42.04639],[2.48743,42.04485],[2.48879,42.04522],[2.48834,42.04382],[2.48938,42.04359],[2.4928,42.03834],[2.4951,42.03716],[2.49656,42.0371],[2.49962,42.03365],[2.50317,42.03216],[2.50609,42.0323],[2.50306,42.0235],[2.5017,42.02401],[2.50065,42.02244],[2.49857,42.02116],[2.49423,42.02069],[2.49467,42.01744],[2.49543,42.01646],[2.49543,42.01407],[2.49469,42.013],[2.49511,42.01158],[2.49747,42.01069],[2.49903,42.01102],[2.50094,42.0105],[2.50285,42.00893],[2.49981,42.00787],[2.4987,42.00476],[2.49905,42.0015],[2.49297,42.00128],[2.48818,41.99899],[2.48465,41.99931],[2.48299,41.99666],[2.48085,41.99699],[2.47964,41.99788],[2.4797,42.00028],[2.4763,42.0009],[2.47666,41.99735],[2.47624,41.99781],[2.47414,41.996],[2.46881,41.99374],[2.48802,41.98485],[2.48005,41.98249],[2.48021,41.97873],[2.4757,41.97751],[2.4727,41.97535],[2.47169,41.97241],[2.47428,41.96952],[2.46799,41.96812],[2.46532,41.96681],[2.46165,41.96772],[2.45687,41.96596],[2.45578,41.96769],[2.45513,41.96768],[2.45225,41.96589],[2.44934,41.96989],[2.44134,41.96806],[2.44281,41.97011],[2.44276,41.97161],[2.44134,41.97289],[2.43827,41.97339],[2.43324,41.97245],[2.43076,41.96899],[2.42728,41.96895],[2.42905,41.96569],[2.43237,41.96573],[2.4348,41.96408],[2.43949,41.96315],[2.44144,41.95991],[2.44226,41.95725],[2.44211,41.95449],[2.43813,41.95142],[2.43676,41.94797],[2.44021,41.94662],[2.44037,41.94342],[2.44238,41.94143],[2.44491,41.94183],[2.44606,41.94385],[2.45111,41.94369],[2.45457,41.94102],[2.45528,41.94111],[2.45673,41.94327],[2.45883,41.94404],[2.46031,41.94383],[2.46058,41.94252],[2.4622,41.94078],[2.46235,41.93825],[2.46482,41.939],[2.4704,41.93926],[2.47157,41.93834],[2.47983,41.92963],[2.47931,41.92545],[2.4805,41.92302],[2.47846,41.92024],[2.47848,41.91912],[2.48104,41.91606],[2.47895,41.91624],[2.47487,41.91486],[2.47252,41.90941],[2.46967,41.90849],[2.46806,41.90572],[2.46857,41.90483],[2.46814,41.90423],[2.45994,41.90206],[2.46021,41.9012],[2.45909,41.8984],[2.45668,41.89683],[2.45409,41.89573],[2.44889,41.89565],[2.44619,41.89476],[2.44565,41.89377],[2.4464,41.89253],[2.44625,41.89026],[2.44316,41.88824],[2.44376,41.88548],[2.44501,41.88422],[2.4517,41.88112],[2.45297,41.87963],[2.45375,41.86966],[2.44615,41.85981],[2.44261,41.8607],[2.44103,41.86023],[2.43918,41.85809],[2.43826,41.85494],[2.43283,41.85311],[2.42739,41.85463],[2.42257,41.85471],[2.42133,41.85081],[2.41812,41.85068],[2.41801,41.84966],[2.42014,41.84838],[2.42017,41.8474],[2.41754,41.84588],[2.42248,41.84275],[2.42426,41.83947],[2.42316,41.83712],[2.41806,41.8358],[2.41427,41.83211],[2.41185,41.83133],[2.40742,41.82267],[2.40861,41.81956],[2.41033,41.8179],[2.40987,41.81601],[2.41221,41.81471],[2.41182,41.8131],[2.41662,41.81085],[2.41383,41.80865],[2.41216,41.80639],[2.41732,41.80587],[2.41874,41.80446],[2.42337,41.80406],[2.42662,41.8049],[2.43452,41.80304],[2.44017,41.80086],[2.44103,41.79933],[2.44326,41.79859],[2.44273,41.79364],[2.44392,41.78936],[2.4555,41.78442],[2.47253,41.7896],[2.46924,41.77793],[2.48206,41.7717],[2.48239,41.77067],[2.48542,41.76926],[2.48788,41.76664],[2.49055,41.76543],[2.49443,41.76428],[2.49759,41.76565],[2.50543,41.76288],[2.51277,41.7617],[2.5157,41.76208],[2.51585,41.76025],[2.51813,41.75535],[2.51527,41.75295],[2.51504,41.74863],[2.51854,41.74706],[2.52066,41.74416],[2.52341,41.74202],[2.52578,41.74164],[2.53053,41.73923],[2.53192,41.73658],[2.53328,41.73581],[2.53059,41.73069],[2.5337,41.72899],[2.53477,41.72437],[2.53733,41.72174],[2.54411,41.72098],[2.54769,41.71899],[2.55827,41.72196],[2.55836,41.72269],[2.56256,41.72345],[2.56334,41.72432],[2.56647,41.72479],[2.5694,41.72612],[2.5716,41.72633],[2.57466,41.72456],[2.57708,41.72447],[2.58258,41.72549],[2.59252,41.72868],[2.59894,41.72833],[2.59571,41.7215],[2.59739,41.7176],[2.60019,41.71615],[2.59874,41.71397],[2.59885,41.71218],[2.59732,41.71131],[2.59652,41.70911],[2.59,41.70411],[2.5879,41.70023],[2.58979,41.69807],[2.58921,41.69679],[2.58987,41.69608],[2.59031,41.69344],[2.59283,41.69154],[2.59243,41.68894],[2.59418,41.68818],[2.5942,41.68673],[2.59968,41.68382],[2.61377,41.69252],[2.61687,41.69111],[2.61994,41.69084],[2.62904,41.68829],[2.63013,41.6882],[2.63301,41.68984],[2.63433,41.69174],[2.63327,41.69465],[2.64098,41.71178],[2.64339,41.71504],[2.64731,41.71606],[2.64973,41.7178],[2.65083,41.72214],[2.65399,41.72196],[2.65892,41.71859],[2.6659,41.71711],[2.6701,41.71439],[2.67627,41.71824],[2.68365,41.72036],[2.69303,41.72541],[2.70251,41.72815],[2.72405,41.7444],[2.74421,41.73488],[2.77602,41.73495],[2.77706,41.73073],[2.77073,41.72838],[2.76987,41.72667],[2.76838,41.72675],[2.76586,41.7257],[2.7658,41.7242],[2.77452,41.70029],[2.77022,41.68753],[2.75785,41.6794],[2.76042,41.6723],[2.76529,41.66611],[2.77235,41.65911],[2.77777,41.65039],[2.78515,41.66456],[2.78892,41.66999],[2.79074,41.67083],[2.79153,41.67007],[2.79216,41.67079],[2.79115,41.67096],[2.79125,41.67191],[2.79426,41.67399],[2.7956,41.67416],[2.79574,41.67359],[2.79748,41.67332],[2.79673,41.67375],[2.79772,41.67396],[2.79796,41.67467],[2.79649,41.67385],[2.79553,41.67482],[2.79749,41.67546],[2.79808,41.67499],[2.79924,41.67565],[2.80092,41.67397],[2.79844,41.67294],[2.80028,41.6729],[2.80047,41.67245],[2.79921,41.67177],[2.79656,41.67256],[2.79831,41.67178],[2.79933,41.67153],[2.801,41.67245],[2.80156,41.67413],[2.80289,41.6736],[2.80366,41.67464],[2.80309,41.67587],[2.80486,41.67564],[2.80704,41.67691],[2.80785,41.67772],[2.80722,41.67806],[2.80757,41.67896],[2.80877,41.67912],[2.81009,41.68029],[2.81075,41.67993],[2.81167,41.68058],[2.81133,41.681],[2.81318,41.68143],[2.81431,41.68257],[2.816,41.68242],[2.81566,41.68369],[2.81653,41.68472],[2.81608,41.68459],[2.816,41.68558],[2.8169,41.6866],[2.81793,41.68672],[2.81806,41.68782],[2.81941,41.68894],[2.82112,41.68869],[2.82427,41.69059],[2.8259,41.69026],[2.82994,41.69126],[2.82953,41.69206],[2.83023,41.69284],[2.83391,41.69421],[2.83652,41.69435],[2.83845,41.69272],[2.84001,41.69338],[2.84059,41.69303],[2.84274,41.69381],[2.84387,41.69527],[2.84517,41.69486],[2.84499,41.69561],[2.84556,41.69578],[2.84514,41.69656],[2.8461,41.69743],[2.85109,41.69912],[2.85757,41.69993],[2.85908,41.69967],[2.8596,41.69861],[2.86099,41.69945],[2.86244,41.69889],[2.8646,41.69948],[2.8656,41.69839],[2.86739,41.69942],[2.87184,41.7003],[2.87366,41.70179],[2.87514,41.70097],[2.87858,41.70126],[2.88007,41.70202],[2.87981,41.70296],[2.88114,41.70404],[2.88147,41.70366],[2.88079,41.70345],[2.88159,41.70342],[2.88057,41.703],[2.88178,41.70324],[2.88162,41.70383],[2.88236,41.7041],[2.88529,41.70369],[2.88583,41.70218],[2.88749,41.70146],[2.89003,41.7024],[2.88969,41.70331],[2.89188,41.70349],[2.89189,41.7041],[2.8956,41.70382],[2.89679,41.70444],[2.8968,41.70543],[2.89946,41.70508],[2.90033,41.70579],[2.89898,41.70686],[2.8994,41.70784],[2.90163,41.70968],[2.90344,41.71032],[2.90726,41.71009],[2.90966,41.70857],[2.91106,41.70922],[2.91207,41.70792],[2.91545,41.70927],[2.91566,41.70962],[2.91495,41.70968],[2.91585,41.71001],[2.91557,41.71036],[2.91732,41.71071],[2.9196,41.71301],[2.92106,41.71249],[2.92194,41.71308],[2.92444,41.71206],[2.92635,41.71372],[2.92818,41.71399],[2.9283,41.71469],[2.92898,41.71417],[2.92946,41.71506],[2.93084,41.71466],[2.93238,41.71584],[2.93326,41.71475],[2.93507,41.71525],[2.93439,41.7164],[2.93504,41.71733],[2.9337,41.71814],[2.93489,41.72047],[2.9373,41.72187],[2.93975,41.72168],[2.93963,41.72399],[2.94076,41.72416],[2.94125,41.72542],[2.94446,41.72539],[2.94564,41.72728],[2.94784,41.7278],[2.94746,41.72827],[2.94824,41.72856],[2.94787,41.72936],[2.94839,41.73024],[2.94658,41.73024],[2.95107,41.73114],[2.95083,41.7329],[2.9516,41.73312],[2.95271,41.73135],[2.95255,41.7319],[2.95375,41.73102],[2.95416,41.73246],[2.95471,41.7323],[2.9544,41.73458],[2.95483,41.73518],[2.95414,41.7352],[2.95443,41.73586],[2.95367,41.7369],[2.95519,41.73735],[2.95634,41.73664],[2.95643,41.73576],[2.95842,41.7357],[2.95769,41.73664],[2.96026,41.73762],[2.9577,41.73805],[2.9579,41.74029],[2.96118,41.74197],[2.96282,41.74442],[2.96494,41.74501],[2.96505,41.74606],[2.96624,41.74629],[2.96691,41.74722],[2.96654,41.74805],[2.96822,41.74825],[2.96762,41.74848],[2.9683,41.7488],[2.96862,41.75049],[2.96962,41.75063],[2.96984,41.75161],[2.97105,41.752],[2.97115,41.75308],[2.96736,41.75313],[2.96533,41.75532],[2.96364,41.75503],[2.96324,41.75598],[2.96043,41.75666],[2.96121,41.75751],[2.9599,41.75912],[2.95633,41.76076],[2.95693,41.76288],[2.95011,41.76834],[2.94049,41.76064],[2.92819,41.75752],[2.91611,41.7679],[2.90238,41.77242],[2.88264,41.77363],[2.8712,41.77277],[2.86709,41.77867],[2.86101,41.78539],[2.85382,41.79205],[2.85353,41.79365],[2.85517,41.79542],[2.85397,41.80058],[2.8585,41.8021],[2.85977,41.80547],[2.86132,41.80746],[2.86518,41.809],[2.8724,41.80902],[2.8721,41.81106],[2.87309,41.81277],[2.87256,41.81505],[2.86491,41.81456],[2.86619,41.81274],[2.86597,41.81019],[2.85169,41.81044],[2.8481,41.81418],[2.84923,41.81993],[2.85609,41.82942],[2.85725,41.83556],[2.86204,41.84882],[2.85815,41.84875],[2.85455,41.84766],[2.84967,41.84937],[2.84751,41.85143],[2.84189,41.8542],[2.83709,41.86062],[2.83513,41.86136],[2.83288,41.85985],[2.82997,41.85909],[2.82552,41.85468],[2.81953,41.85239],[2.81948,41.85092],[2.81831,41.85022],[2.81673,41.85355],[2.81629,41.85699],[2.81278,41.85989],[2.81285,41.86806],[2.8138,41.87117],[2.81294,41.87435],[2.8109,41.87484],[2.80981,41.87771],[2.81321,41.88113],[2.81605,41.88763],[2.81759,41.89654],[2.81765,41.9028],[2.81641,41.90634],[2.81192,41.90852],[2.81456,41.90947],[2.81638,41.90875],[2.81766,41.90942],[2.8166,41.91093],[2.8166,41.91225],[2.80371,41.91436],[2.80298,41.91302],[2.79972,41.91189],[2.79226,41.91074],[2.78372,41.90488],[2.78007,41.90336],[2.76594,41.90939],[2.75594,41.92025],[2.74669,41.92691],[2.74447,41.92456],[2.734,41.92316],[2.72653,41.92369],[2.71747,41.9219],[2.69787,41.92429],[2.69781,41.9256],[2.70059,41.92756],[2.70231,41.93079],[2.70011,41.93375],[2.69825,41.93428],[2.69842,41.93532],[2.69723,41.93753],[2.68739,41.94289],[2.68034,41.94897],[2.67262,41.94824],[2.66556,41.95201],[2.66189,41.95731],[2.65966,41.95889],[2.66112,41.95997],[2.66132,41.96305],[2.66529,41.96505],[2.66731,41.96536],[2.6701,41.96478],[2.67238,41.96577],[2.6728,41.96649],[2.67195,41.97182],[2.67266,41.9737],[2.67401,41.97383],[2.66896,41.97521],[2.66935,41.97748],[2.66795,41.98566],[2.66637,41.98676],[2.66718,41.98842],[2.66529,41.98874],[2.66327,41.99181],[2.66104,41.99199],[2.65953,41.99499],[2.66116,41.99587],[2.65863,41.99982],[2.65924,42.00109],[2.65854,42.00737],[2.66407,42.0088],[2.66169,42.01667],[2.64892,42.01378],[2.64548,42.01587],[2.64402,42.01559],[2.64238,42.01726],[2.64015,42.01602],[2.63702,42.01654],[2.6358,42.0158],[2.63557,42.0148],[2.6371,42.01245],[2.62828,42.01221],[2.62728,42.0146],[2.62748,42.01866],[2.62608,42.02159],[2.62617,42.02336],[2.61971,42.02281],[2.61441,42.02437],[2.60896,42.02814],[2.6048,42.03314],[2.60173,42.04005],[2.59914,42.04251],[2.60007,42.04449],[2.60269,42.04533],[2.60261,42.0463],[2.59713,42.04997],[2.59458,42.04794],[2.59178,42.04429],[2.59037,42.04098],[2.59065,42.03909],[2.58797,42.03655],[2.58296,42.03701],[2.5798,42.03462],[2.57877,42.03583],[2.57537,42.03764],[2.57181,42.03744],[2.5656,42.03863],[2.56248,42.04277],[2.56,42.04411],[2.55674,42.04481],[2.55331,42.04394],[2.55025,42.03996],[2.54716,42.03882],[2.54633,42.0359],[2.54657,42.03467],[2.54418,42.02963],[2.54485,42.02949],[2.53331,42.02807],[2.53411,42.02745],[2.53349,42.02701],[2.5322,42.02886],[2.52844,42.03188],[2.52268,42.03534],[2.51857,42.03939],[2.51417,42.04203],[2.5127,42.04591],[2.51105,42.04775],[2.50706,42.05027],[2.50305,42.05153]]]]}},{"type":"Feature","properties":{"comarca":"35","nom_comar":"Solsonès"},"geometry":{"type":"MultiPolygon","coordinates":[[[[1.71468,41.89188],[1.71376,41.89229],[1.71228,41.89599],[1.71032,41.89729],[1.70863,41.89704],[1.70797,41.8964],[1.70794,41.8949],[1.71125,41.89192],[1.71159,41.88954],[1.7098,41.88881],[1.7068,41.8898],[1.70625,41.88941],[1.70646,41.88846],[1.71122,41.88746],[1.71673,41.88507],[1.7184,41.88244],[1.71917,41.88266],[1.72497,41.89279],[1.71973,41.89529],[1.71928,41.89336],[1.71468,41.89188]],[[1.55284,42.21004],[1.55043,42.20876],[1.54415,42.20841],[1.53952,42.20633],[1.53528,42.20626],[1.5277,42.2044],[1.52871,42.19937],[1.52794,42.192],[1.52152,42.19019],[1.52275,42.18662],[1.52038,42.18437],[1.51414,42.1814],[1.51087,42.17854],[1.50362,42.17459],[1.49738,42.1701],[1.49376,42.16952],[1.48835,42.16487],[1.47939,42.1605],[1.46916,42.15417],[1.45914,42.15105],[1.45319,42.14841],[1.45112,42.14657],[1.44655,42.14492],[1.446,42.14579],[1.44656,42.14673],[1.44631,42.14774],[1.44085,42.14965],[1.43485,42.15375],[1.434,42.15596],[1.43183,42.15781],[1.43148,42.15908],[1.43042,42.15954],[1.42813,42.1591],[1.4244,42.16006],[1.41186,42.15781],[1.40909,42.15626],[1.40435,42.15541],[1.39949,42.15214],[1.39572,42.15056],[1.38762,42.15121],[1.38236,42.15418],[1.38036,42.15377],[1.37846,42.15478],[1.37352,42.15273],[1.36901,42.15168],[1.36513,42.14863],[1.36343,42.14875],[1.36275,42.14979],[1.35757,42.14795],[1.35827,42.14536],[1.36144,42.14185],[1.36475,42.14214],[1.36658,42.13937],[1.36534,42.13638],[1.3633,42.13416],[1.36199,42.12997],[1.35721,42.12926],[1.35459,42.1281],[1.35183,42.12884],[1.35066,42.12848],[1.34909,42.12358],[1.34356,42.12219],[1.3419,42.1197],[1.33902,42.12012],[1.33526,42.11965],[1.32821,42.11522],[1.32684,42.11513],[1.32348,42.09493],[1.33101,42.08002],[1.33456,42.07698],[1.33564,42.0776],[1.33865,42.0773],[1.33989,42.07777],[1.34204,42.07634],[1.34452,42.07589],[1.34746,42.07357],[1.3497,42.07303],[1.35261,42.0736],[1.35452,42.07578],[1.35777,42.07749],[1.3586,42.07392],[1.35816,42.07099],[1.35858,42.06951],[1.35701,42.06796],[1.3568,42.06653],[1.35776,42.06506],[1.35774,42.06328],[1.36019,42.0633],[1.35843,42.062],[1.3597,42.06072],[1.35914,42.05652],[1.36042,42.05481],[1.35989,42.05204],[1.36077,42.0511],[1.35987,42.04981],[1.35945,42.04698],[1.35698,42.04616],[1.35825,42.04524],[1.36327,42.0447],[1.3641,42.04295],[1.35695,42.03887],[1.35678,42.03813],[1.35987,42.03389],[1.36036,42.03008],[1.35922,42.0284],[1.35798,42.02891],[1.35573,42.02807],[1.3568,42.02687],[1.35668,42.02527],[1.35604,42.02275],[1.35477,42.02279],[1.3567,42.01981],[1.35831,42.01945],[1.35888,42.01601],[1.35745,42.01181],[1.35783,42.01023],[1.36036,42.00969],[1.35927,42.0071],[1.36022,42.00669],[1.36121,42.00496],[1.36312,42.00415],[1.36263,42.00002],[1.36131,41.99981],[1.35928,41.99762],[1.35712,41.99626],[1.35518,41.9959],[1.3529,41.99407],[1.34893,41.99464],[1.34638,41.99361],[1.33965,41.99275],[1.33751,41.99124],[1.33183,41.99081],[1.32727,41.9913],[1.32392,41.99049],[1.32236,41.99172],[1.31861,41.99288],[1.31414,41.99292],[1.31303,41.99428],[1.30918,41.99484],[1.30696,41.99406],[1.30481,41.99192],[1.30663,41.98944],[1.30901,41.98998],[1.30977,41.98821],[1.30801,41.98559],[1.30205,41.98281],[1.29875,41.98046],[1.29839,41.97545],[1.2966,41.97343],[1.29572,41.9745],[1.29408,41.97372],[1.29607,41.97236],[1.29613,41.96977],[1.29431,41.96801],[1.29501,41.96644],[1.293,41.96527],[1.29109,41.96509],[1.2902,41.9624],[1.29173,41.96065],[1.29138,41.95852],[1.29346,41.95548],[1.30847,41.95296],[1.31314,41.9489],[1.31354,41.94714],[1.3104,41.94106],[1.3107,41.93908],[1.30985,41.93654],[1.30774,41.93347],[1.30233,41.92905],[1.30047,41.92509],[1.29539,41.92157],[1.30283,41.92348],[1.3072,41.9226],[1.30911,41.92036],[1.31161,41.9192],[1.31352,41.91545],[1.31755,41.9116],[1.31711,41.90836],[1.31818,41.90793],[1.32017,41.90436],[1.31892,41.90261],[1.31868,41.89985],[1.32058,41.89797],[1.31924,41.89641],[1.31854,41.89327],[1.3233,41.88923],[1.32518,41.89055],[1.32468,41.89253],[1.32868,41.89275],[1.32957,41.89504],[1.33326,41.89601],[1.33332,41.89805],[1.33533,41.90083],[1.34087,41.89334],[1.33921,41.89159],[1.34016,41.89012],[1.34296,41.86874],[1.34353,41.86779],[1.34258,41.86334],[1.34324,41.85983],[1.33996,41.85436],[1.33689,41.85282],[1.33538,41.85034],[1.32872,41.84397],[1.32873,41.84029],[1.32535,41.834],[1.32248,41.83256],[1.3202,41.8303],[1.3278,41.82538],[1.32973,41.82565],[1.32999,41.82258],[1.33436,41.8231],[1.33569,41.82252],[1.33644,41.82182],[1.33594,41.82099],[1.33626,41.81967],[1.33726,41.81911],[1.3415,41.82131],[1.34395,41.82032],[1.34346,41.81949],[1.34483,41.81851],[1.34808,41.8193],[1.3496,41.8184],[1.35233,41.81912],[1.35705,41.81483],[1.35873,41.81441],[1.36515,41.81509],[1.36861,41.81462],[1.37052,41.81637],[1.37434,41.81666],[1.37472,41.81616],[1.37142,41.81266],[1.36997,41.80586],[1.36897,41.80569],[1.36894,41.80453],[1.3666,41.80236],[1.36558,41.80226],[1.36542,41.80125],[1.36768,41.79919],[1.3675,41.79797],[1.36226,41.7943],[1.36036,41.79017],[1.36427,41.78804],[1.36587,41.785],[1.36769,41.78398],[1.36719,41.7817],[1.37174,41.77934],[1.37358,41.77869],[1.37636,41.78014],[1.37808,41.78301],[1.38206,41.7862],[1.38368,41.78411],[1.38567,41.78845],[1.38738,41.7897],[1.38914,41.79363],[1.39457,41.80015],[1.40276,41.80418],[1.4039,41.80534],[1.40405,41.80321],[1.40292,41.80018],[1.40312,41.79776],[1.40165,41.79577],[1.40276,41.79329],[1.40225,41.792],[1.40247,41.78622],[1.40748,41.7846],[1.40737,41.78136],[1.40891,41.78073],[1.41087,41.77737],[1.4152,41.77606],[1.41661,41.78103],[1.41805,41.78359],[1.41849,41.78747],[1.42026,41.78997],[1.42134,41.79367],[1.41958,41.79232],[1.41829,41.79251],[1.41658,41.79495],[1.42647,41.80185],[1.44275,41.80094],[1.4509,41.79788],[1.45401,41.79911],[1.45766,41.79862],[1.45993,41.79763],[1.46368,41.79805],[1.46783,41.7989],[1.47133,41.80058],[1.47249,41.79936],[1.47155,41.79634],[1.47192,41.79114],[1.46919,41.78829],[1.47219,41.7849],[1.47295,41.7831],[1.47265,41.78254],[1.46929,41.78179],[1.46916,41.77848],[1.46087,41.77649],[1.46384,41.77594],[1.46504,41.77506],[1.46707,41.77538],[1.46687,41.77307],[1.46809,41.77095],[1.47015,41.77136],[1.47032,41.77211],[1.47253,41.77153],[1.47359,41.77255],[1.47539,41.7722],[1.47827,41.77336],[1.47965,41.77177],[1.48196,41.77129],[1.48417,41.77179],[1.48431,41.77255],[1.48184,41.77418],[1.48209,41.7756],[1.48523,41.77714],[1.48739,41.77736],[1.48808,41.77875],[1.48748,41.78267],[1.48633,41.78311],[1.48706,41.78498],[1.48495,41.78592],[1.48588,41.78852],[1.48278,41.79026],[1.4827,41.79098],[1.48817,41.78926],[1.49203,41.78882],[1.49364,41.79004],[1.49593,41.79022],[1.50218,41.78911],[1.50476,41.78821],[1.50731,41.77659],[1.50861,41.77565],[1.50821,41.77373],[1.51258,41.77264],[1.5121,41.7718],[1.51022,41.77156],[1.51087,41.7708],[1.51618,41.77017],[1.5195,41.77082],[1.52035,41.77029],[1.52236,41.76615],[1.52703,41.76495],[1.52779,41.76408],[1.53267,41.76376],[1.52839,41.75974],[1.53072,41.75259],[1.5353,41.75295],[1.53619,41.75455],[1.53404,41.75715],[1.54475,41.75739],[1.54522,41.76146],[1.54661,41.76188],[1.54602,41.76429],[1.54761,41.7673],[1.54832,41.77045],[1.56173,41.76997],[1.56143,41.77184],[1.56266,41.77383],[1.56119,41.77529],[1.56139,41.77723],[1.56272,41.77783],[1.5644,41.77709],[1.56869,41.77735],[1.57177,41.77976],[1.57258,41.78215],[1.57464,41.782],[1.57879,41.77884],[1.58079,41.77683],[1.58129,41.77542],[1.59335,41.77784],[1.59222,41.78064],[1.5933,41.78119],[1.59982,41.7888],[1.59688,41.79139],[1.59592,41.79316],[1.59575,41.79406],[1.59773,41.79413],[1.59724,41.79633],[1.59453,41.79656],[1.59387,41.798],[1.59407,41.79964],[1.59284,41.80049],[1.59373,41.80159],[1.59228,41.80187],[1.58822,41.80453],[1.59294,41.8119],[1.60544,41.81481],[1.61172,41.81796],[1.61515,41.83021],[1.6097,41.83598],[1.61524,41.84009],[1.6194,41.84138],[1.62278,41.84048],[1.63052,41.84377],[1.63189,41.84356],[1.63142,41.84468],[1.6265,41.84817],[1.63048,41.85839],[1.62796,41.86035],[1.62563,41.86898],[1.62194,41.87147],[1.62098,41.87266],[1.62119,41.87448],[1.61844,41.87747],[1.61823,41.87908],[1.61905,41.88157],[1.61395,41.88012],[1.61082,41.88049],[1.60956,41.88193],[1.60737,41.88249],[1.60591,41.88402],[1.60275,41.88276],[1.60133,41.88429],[1.599,41.88265],[1.59662,41.88203],[1.59158,41.87933],[1.59005,41.87758],[1.58904,41.87748],[1.586,41.87493],[1.58314,41.87347],[1.5811,41.87519],[1.56854,41.8798],[1.57285,41.88519],[1.57603,41.89102],[1.58264,41.8928],[1.58412,41.89026],[1.58304,41.8882],[1.58595,41.88828],[1.59498,41.89656],[1.59633,41.89896],[1.59951,41.90239],[1.59988,41.90426],[1.60213,41.90224],[1.6047,41.90137],[1.61553,41.90587],[1.61526,41.90665],[1.61716,41.90851],[1.61683,41.90965],[1.61838,41.91174],[1.62265,41.91353],[1.62198,41.91362],[1.62214,41.9152],[1.62523,41.91647],[1.62627,41.9181],[1.62827,41.91844],[1.63243,41.92053],[1.63454,41.92431],[1.63661,41.92539],[1.63768,41.92684],[1.63924,41.92738],[1.64167,41.92712],[1.64226,41.92771],[1.64146,41.92881],[1.64254,41.92891],[1.64996,41.9264],[1.65121,41.92668],[1.65269,41.92867],[1.64917,41.93377],[1.64241,41.94053],[1.64457,41.94385],[1.65001,41.94485],[1.65028,41.94579],[1.64973,41.94758],[1.64878,41.94831],[1.64822,41.95169],[1.64693,41.95257],[1.64783,41.95577],[1.64908,41.957],[1.64472,41.95956],[1.64514,41.96228],[1.6441,41.96392],[1.64529,41.96601],[1.64423,41.96866],[1.6452,41.97113],[1.65111,41.97838],[1.64884,41.97966],[1.65423,41.98064],[1.65887,41.97804],[1.66015,41.98139],[1.65919,41.98316],[1.66402,41.98474],[1.6671,41.98506],[1.67434,41.98274],[1.67393,41.98085],[1.67021,41.97655],[1.66778,41.97031],[1.66983,41.97082],[1.6708,41.96835],[1.67755,41.96916],[1.6824,41.96765],[1.69327,41.97333],[1.69674,41.97582],[1.71011,41.97975],[1.71727,41.983],[1.71765,41.98439],[1.71931,41.98501],[1.71911,41.98609],[1.71634,41.98638],[1.71622,41.98944],[1.71299,41.99135],[1.71245,41.99253],[1.71485,41.99174],[1.71537,41.99342],[1.71735,41.99417],[1.71437,41.99815],[1.71589,41.99743],[1.71794,41.99775],[1.71741,41.99974],[1.71133,42.00257],[1.70725,42.0019],[1.70658,42.003],[1.70747,42.00709],[1.69867,42.01381],[1.69664,42.01414],[1.6947,42.01319],[1.69009,42.00511],[1.69884,41.99348],[1.69601,41.99147],[1.69777,41.98855],[1.69743,41.98568],[1.6914,41.98677],[1.69219,41.98848],[1.69199,41.99056],[1.69096,41.99111],[1.68979,41.99064],[1.68477,41.99513],[1.6812,41.99411],[1.67672,41.9943],[1.67298,41.99215],[1.66712,41.99056],[1.66219,41.99112],[1.66119,41.99168],[1.66158,41.99684],[1.66113,41.99741],[1.66167,41.99806],[1.66191,42.00126],[1.6577,42.00291],[1.65446,41.99959],[1.65696,41.99832],[1.65514,41.99467],[1.65506,41.99333],[1.65314,41.9934],[1.65197,41.99205],[1.65141,41.99265],[1.65196,41.99389],[1.65022,41.99715],[1.65104,41.99877],[1.65052,41.99935],[1.64769,41.99926],[1.64707,41.99993],[1.65209,42.00469],[1.65279,42.00886],[1.65129,42.01196],[1.65137,42.01349],[1.65534,42.01736],[1.65482,42.01959],[1.65775,42.02153],[1.66148,42.02271],[1.6644,42.02162],[1.66503,42.01862],[1.66154,42.01445],[1.6615,42.01348],[1.66211,42.01076],[1.66562,42.01003],[1.66482,42.00741],[1.66104,42.00609],[1.66634,42.00301],[1.67013,42.00653],[1.66861,42.0128],[1.66992,42.01561],[1.67415,42.01763],[1.6748,42.01907],[1.67834,42.01839],[1.68396,42.02474],[1.68966,42.0264],[1.68931,42.02735],[1.69418,42.02812],[1.69702,42.02598],[1.6997,42.02887],[1.69436,42.03494],[1.69737,42.03654],[1.69726,42.03889],[1.69413,42.04262],[1.6927,42.04555],[1.68492,42.04695],[1.68423,42.04727],[1.68423,42.04875],[1.68309,42.04845],[1.68043,42.04531],[1.6792,42.03827],[1.67415,42.03914],[1.67247,42.04067],[1.67312,42.04153],[1.67251,42.04269],[1.67056,42.04424],[1.67215,42.04541],[1.67338,42.05072],[1.67475,42.05301],[1.67463,42.05865],[1.68693,42.06842],[1.69113,42.0754],[1.68964,42.07748],[1.68836,42.07748],[1.68788,42.07811],[1.68827,42.08109],[1.69118,42.08679],[1.70763,42.08244],[1.71052,42.08342],[1.71222,42.08483],[1.71685,42.0845],[1.71817,42.08752],[1.71991,42.08845],[1.7222,42.09138],[1.72287,42.10008],[1.71795,42.1015],[1.71157,42.10171],[1.70445,42.10598],[1.70606,42.1077],[1.7095,42.10972],[1.71194,42.1161],[1.7123,42.11903],[1.70906,42.12098],[1.70945,42.12164],[1.70883,42.12283],[1.70751,42.1223],[1.70627,42.1239],[1.69956,42.12791],[1.70052,42.13011],[1.69849,42.1346],[1.70044,42.13589],[1.70388,42.14027],[1.70241,42.14155],[1.70486,42.14251],[1.70708,42.14609],[1.70787,42.14995],[1.70957,42.15008],[1.70978,42.15133],[1.7138,42.15472],[1.71614,42.15458],[1.7206,42.15182],[1.72407,42.15273],[1.72638,42.15432],[1.72897,42.15836],[1.73468,42.15886],[1.73513,42.16054],[1.73825,42.16295],[1.73831,42.1643],[1.73697,42.16598],[1.73646,42.17244],[1.73807,42.17489],[1.73794,42.17677],[1.7354,42.17969],[1.7347,42.18154],[1.73658,42.18345],[1.73168,42.18403],[1.72879,42.18021],[1.7288,42.17808],[1.7257,42.17434],[1.72798,42.17064],[1.72722,42.16751],[1.72594,42.16632],[1.71636,42.16551],[1.7081,42.16109],[1.70791,42.16366],[1.70719,42.16478],[1.7035,42.16665],[1.70097,42.16961],[1.69379,42.17241],[1.69108,42.17183],[1.69191,42.17061],[1.69103,42.17048],[1.688,42.17086],[1.68612,42.17215],[1.68498,42.17147],[1.6856,42.17008],[1.68387,42.16634],[1.68269,42.16642],[1.68053,42.17016],[1.67877,42.16761],[1.67817,42.16757],[1.676,42.16881],[1.67497,42.16845],[1.67307,42.16941],[1.66921,42.16962],[1.6684,42.16635],[1.66965,42.16325],[1.66838,42.16294],[1.66246,42.16591],[1.65825,42.16524],[1.65227,42.16941],[1.65659,42.17014],[1.65473,42.1724],[1.65504,42.1744],[1.65292,42.17695],[1.65067,42.1778],[1.64652,42.18783],[1.64389,42.18937],[1.6419,42.19212],[1.64312,42.19418],[1.64165,42.19667],[1.63505,42.19833],[1.62568,42.19782],[1.62054,42.20193],[1.61601,42.20299],[1.61384,42.20101],[1.60743,42.2015],[1.60259,42.20011],[1.59552,42.20045],[1.59119,42.20271],[1.58594,42.20306],[1.58274,42.20455],[1.57953,42.20365],[1.5683,42.20779],[1.56469,42.2078],[1.55799,42.20966],[1.55284,42.21004]],[[1.65897,42.11464],[1.68156,42.11429],[1.68928,42.1128],[1.69217,42.11292],[1.69198,42.1118],[1.69388,42.10884],[1.69551,42.10816],[1.69494,42.10759],[1.69202,42.10757],[1.6913,42.10686],[1.69197,42.1059],[1.6914,42.10457],[1.68698,42.10471],[1.68393,42.10367],[1.67883,42.10327],[1.67086,42.10488],[1.66308,42.10531],[1.65266,42.10911],[1.65086,42.11031],[1.6445,42.11147],[1.64715,42.11403],[1.65527,42.11326],[1.65897,42.11464]],[[1.32141,41.9903],[1.32042,41.98932],[1.32159,41.98664],[1.32235,41.98617],[1.32097,41.98318],[1.31969,41.98228],[1.31758,41.98194],[1.31462,41.98372],[1.3131,41.98716],[1.31368,41.98944],[1.31775,41.99036],[1.31941,41.99157],[1.32141,41.9903]]]]}},{"type":"Feature","properties":{"comarca":"36","nom_comar":"Tarragonès"},"geometry":{"type":"MultiPolygon","coordinates":[[[[1.36501,41.25148],[1.36068,41.252],[1.35751,41.25471],[1.35578,41.25138],[1.35402,41.25154],[1.35384,41.25075],[1.35504,41.24958],[1.35226,41.24839],[1.35211,41.2458],[1.34951,41.24417],[1.34706,41.24128],[1.34808,41.24034],[1.35075,41.24053],[1.35108,41.2388],[1.35054,41.23815],[1.34893,41.23819],[1.34584,41.23674],[1.34283,41.2391],[1.34015,41.2373],[1.3378,41.23862],[1.3346,41.23801],[1.33388,41.23725],[1.33396,41.23582],[1.33722,41.23422],[1.33772,41.23269],[1.34074,41.23313],[1.34091,41.2315],[1.3398,41.22947],[1.34092,41.2288],[1.34348,41.2292],[1.34646,41.22835],[1.34661,41.22982],[1.34372,41.23115],[1.34757,41.23246],[1.34893,41.23179],[1.34958,41.23061],[1.34816,41.23004],[1.34797,41.22905],[1.35009,41.22614],[1.35349,41.22467],[1.352,41.22058],[1.34706,41.2225],[1.34625,41.22166],[1.34564,41.21889],[1.3431,41.21921],[1.34368,41.21515],[1.3431,41.21454],[1.34119,41.21501],[1.33982,41.21405],[1.33832,41.21494],[1.33682,41.21836],[1.33683,41.21983],[1.33597,41.22067],[1.32991,41.21952],[1.32761,41.21841],[1.32518,41.21936],[1.32209,41.22227],[1.31784,41.22367],[1.3166,41.22759],[1.31337,41.2308],[1.31191,41.23163],[1.30877,41.23173],[1.3036,41.23667],[1.30106,41.23563],[1.29896,41.23626],[1.29493,41.23935],[1.29353,41.23679],[1.28959,41.23701],[1.28857,41.23625],[1.28508,41.23579],[1.28445,41.2354],[1.28432,41.23402],[1.28154,41.23303],[1.27649,41.23622],[1.27434,41.2347],[1.2679,41.23301],[1.26698,41.23252],[1.26748,41.23079],[1.26533,41.22803],[1.26512,41.22633],[1.26248,41.226],[1.26198,41.22337],[1.25963,41.2225],[1.24686,41.22607],[1.24233,41.22143],[1.25303,41.21308],[1.26049,41.20121],[1.25903,41.19964],[1.24598,41.20395],[1.23383,41.20393],[1.2326,41.21101],[1.23317,41.21526],[1.23273,41.21732],[1.23004,41.21761],[1.2273,41.21876],[1.22567,41.21457],[1.22428,41.21429],[1.22305,41.21536],[1.22146,41.21439],[1.21959,41.21556],[1.21766,41.2154],[1.21373,41.21941],[1.21206,41.21942],[1.21202,41.22114],[1.20888,41.22244],[1.20585,41.22607],[1.20457,41.22611],[1.20298,41.22826],[1.20192,41.22835],[1.19924,41.22687],[1.19599,41.22373],[1.18961,41.231],[1.18748,41.23215],[1.18084,41.22343],[1.17456,41.22558],[1.17327,41.22404],[1.17944,41.22157],[1.17743,41.21422],[1.18355,41.21385],[1.17983,41.20921],[1.17857,41.2041],[1.17663,41.20153],[1.17501,41.19725],[1.17299,41.19544],[1.17159,41.19247],[1.16997,41.19101],[1.16902,41.18854],[1.16281,41.18273],[1.15441,41.17914],[1.15231,41.17503],[1.14956,41.17234],[1.14379,41.17047],[1.16073,41.15008],[1.16929,41.14912],[1.17131,41.1472],[1.17722,41.1441],[1.1812,41.13658],[1.18474,41.13545],[1.19115,41.13138],[1.18903,41.12825],[1.18463,41.12856],[1.17677,41.13032],[1.17157,41.13387],[1.17791,41.136],[1.1765,41.13716],[1.17842,41.1381],[1.16506,41.13838],[1.16221,41.13308],[1.16698,41.12905],[1.16889,41.1313],[1.17156,41.12938],[1.17347,41.12475],[1.17427,41.11967],[1.1678,41.11685],[1.17642,41.11051],[1.17662,41.10844],[1.1649,41.10871],[1.16031,41.11271],[1.15231,41.12263],[1.14819,41.12229],[1.14486,41.12421],[1.13584,41.1277],[1.13129,41.13077],[1.12016,41.13036],[1.12129,41.12804],[1.11909,41.12344],[1.1193,41.12184],[1.12082,41.12278],[1.12365,41.12183],[1.12612,41.11759],[1.12676,41.11374],[1.12567,41.11366],[1.12662,41.10956],[1.12796,41.10782],[1.12664,41.10616],[1.12672,41.103],[1.12407,41.10218],[1.11209,41.10531],[1.11103,41.10621],[1.11288,41.10697],[1.10345,41.11376],[1.10128,41.11369],[1.09673,41.10996],[1.09388,41.10855],[1.09474,41.10119],[1.09387,41.0987],[1.09497,41.09665],[1.09409,41.09221],[1.09819,41.0893],[1.10286,41.08367],[1.11655,41.0751],[1.11781,41.07365],[1.12846,41.07492],[1.12998,41.07451],[1.12994,41.07379],[1.13165,41.07436],[1.13183,41.07315],[1.12968,41.07328],[1.13033,41.073],[1.13632,41.0734],[1.1432,41.07217],[1.14482,41.07126],[1.14495,41.07064],[1.14421,41.07033],[1.14535,41.06933],[1.14772,41.06884],[1.14911,41.0675],[1.14758,41.06535],[1.14899,41.06586],[1.15007,41.06513],[1.1526,41.06579],[1.15774,41.06422],[1.15827,41.06365],[1.15829,41.06157],[1.16081,41.06088],[1.16113,41.06003],[1.16059,41.05926],[1.16142,41.05941],[1.16214,41.05851],[1.1613,41.05791],[1.16156,41.0573],[1.16057,41.05586],[1.16471,41.05577],[1.16733,41.05662],[1.16805,41.0562],[1.16795,41.05529],[1.16862,41.05554],[1.17047,41.05467],[1.17199,41.05523],[1.17335,41.05669],[1.17289,41.05742],[1.17412,41.05894],[1.18011,41.06251],[1.18038,41.0637],[1.18153,41.06435],[1.18097,41.06572],[1.18329,41.06688],[1.18102,41.06607],[1.17953,41.06748],[1.17925,41.06907],[1.18129,41.07351],[1.1866,41.08106],[1.19228,41.08526],[1.19611,41.08275],[1.19068,41.08659],[1.19196,41.08801],[1.19681,41.09094],[1.20063,41.08685],[1.20635,41.08323],[1.1996,41.08807],[1.19729,41.09088],[1.19836,41.09106],[1.19775,41.09086],[1.19676,41.09183],[1.19719,41.09293],[1.19889,41.09402],[1.20895,41.08707],[1.21419,41.08712],[1.20979,41.08734],[1.21157,41.08875],[1.21244,41.08824],[1.20642,41.0935],[1.20481,41.09573],[1.20782,41.09736],[1.21607,41.09018],[1.21959,41.0925],[1.21475,41.09719],[1.21559,41.09775],[1.21473,41.09724],[1.21293,41.09943],[1.21487,41.10067],[1.21593,41.10019],[1.21756,41.10095],[1.21706,41.10129],[1.21833,41.10228],[1.21866,41.10179],[1.22398,41.10181],[1.22413,41.09997],[1.22461,41.10015],[1.22487,41.0986],[1.22554,41.09818],[1.22277,41.09636],[1.22231,41.09664],[1.22273,41.09614],[1.22656,41.09864],[1.2258,41.09833],[1.22531,41.09902],[1.22775,41.09938],[1.22589,41.10526],[1.22771,41.10577],[1.2285,41.10535],[1.23013,41.10095],[1.23753,41.10379],[1.2364,41.10606],[1.23718,41.10646],[1.24141,41.10528],[1.24237,41.1065],[1.24437,41.10598],[1.2452,41.1045],[1.23368,41.09979],[1.23038,41.09539],[1.22906,41.09596],[1.22507,41.0907],[1.22354,41.09059],[1.22577,41.08931],[1.22521,41.08716],[1.21315,41.07894],[1.21348,41.07866],[1.22646,41.08751],[1.23219,41.09489],[1.24634,41.10046],[1.24818,41.1051],[1.25009,41.10732],[1.25141,41.1066],[1.25182,41.10736],[1.25086,41.10773],[1.2524,41.10938],[1.25374,41.10861],[1.25109,41.10567],[1.25236,41.10639],[1.25424,41.10881],[1.25346,41.11015],[1.25583,41.11191],[1.26,41.11364],[1.26411,41.11423],[1.26559,41.11369],[1.2662,41.11217],[1.26847,41.11373],[1.27043,41.11315],[1.27188,41.11462],[1.27489,41.11612],[1.27439,41.11748],[1.27786,41.11993],[1.27933,41.12047],[1.28211,41.12011],[1.2824,41.12091],[1.28395,41.1213],[1.28417,41.12242],[1.28701,41.12349],[1.28879,41.12309],[1.28863,41.12367],[1.29515,41.12694],[1.30682,41.12905],[1.32107,41.12946],[1.32313,41.12913],[1.32332,41.12824],[1.32497,41.12771],[1.32822,41.12869],[1.33335,41.12795],[1.33614,41.12856],[1.33686,41.12767],[1.33878,41.12782],[1.34215,41.12522],[1.34402,41.12478],[1.34333,41.126],[1.34735,41.12797],[1.34903,41.12808],[1.34963,41.12708],[1.35254,41.12714],[1.35391,41.12816],[1.35697,41.12802],[1.35845,41.12885],[1.36064,41.129],[1.36096,41.12964],[1.3638,41.13067],[1.37006,41.1311],[1.37433,41.13303],[1.38192,41.1344],[1.38534,41.13409],[1.38611,41.13247],[1.39006,41.13267],[1.39028,41.1316],[1.39442,41.13212],[1.39491,41.13161],[1.39576,41.13276],[1.39876,41.13367],[1.40156,41.13355],[1.40009,41.13385],[1.40092,41.13466],[1.40196,41.1341],[1.40102,41.13471],[1.4013,41.13507],[1.40261,41.1345],[1.40156,41.13541],[1.40298,41.13478],[1.40158,41.13544],[1.40283,41.13521],[1.40197,41.13595],[1.40339,41.13533],[1.40218,41.13622],[1.4036,41.1356],[1.40236,41.13646],[1.40381,41.13587],[1.40252,41.13667],[1.40394,41.13604],[1.40271,41.13691],[1.40438,41.13618],[1.40245,41.1333],[1.40112,41.13283],[1.40168,41.13266],[1.40503,41.13614],[1.40372,41.13688],[1.4043,41.13798],[1.40784,41.14093],[1.42692,41.14973],[1.46692,41.16613],[1.46943,41.16669],[1.47129,41.1661],[1.47311,41.16637],[1.47915,41.16845],[1.48015,41.16834],[1.48045,41.16748],[1.48236,41.16824],[1.48313,41.16787],[1.483,41.16709],[1.4839,41.16705],[1.48369,41.16831],[1.48615,41.17013],[1.48817,41.16852],[1.48602,41.16708],[1.48557,41.16767],[1.48597,41.16703],[1.48533,41.16671],[1.48283,41.16607],[1.48521,41.16627],[1.48874,41.16856],[1.48854,41.16987],[1.4957,41.17317],[1.49457,41.17519],[1.48667,41.18218],[1.48348,41.18611],[1.48306,41.18947],[1.47853,41.19289],[1.47775,41.20073],[1.47927,41.2064],[1.47677,41.20853],[1.45792,41.20349],[1.44732,41.20455],[1.44448,41.20398],[1.44297,41.20295],[1.43569,41.20238],[1.42748,41.20824],[1.42695,41.21108],[1.42608,41.21164],[1.42,41.2121],[1.41732,41.21162],[1.40931,41.21292],[1.40326,41.2101],[1.39935,41.20602],[1.39751,41.20636],[1.3952,41.20557],[1.39156,41.21332],[1.39042,41.22082],[1.39867,41.22108],[1.40496,41.22562],[1.40632,41.22688],[1.40565,41.23372],[1.40592,41.23738],[1.4127,41.24043],[1.41316,41.24119],[1.40715,41.24153],[1.40257,41.23959],[1.39835,41.23916],[1.39478,41.23954],[1.38999,41.2418],[1.38589,41.24202],[1.38104,41.24139],[1.37752,41.24254],[1.37036,41.24288],[1.36776,41.24517],[1.36762,41.2473],[1.36632,41.2488],[1.36633,41.25085],[1.36501,41.25148]],[[1.24262,41.10948],[1.24295,41.10993],[1.24296,41.10909],[1.2434,41.10985],[1.24391,41.10976],[1.24368,41.10901],[1.24396,41.10975],[1.2491,41.10864],[1.24718,41.10581],[1.24491,41.10655],[1.24518,41.10742],[1.24443,41.10609],[1.23962,41.10729],[1.24076,41.10749],[1.23998,41.1081],[1.24167,41.10766],[1.24001,41.10815],[1.24026,41.10872],[1.24194,41.10828],[1.24029,41.10877],[1.24256,41.10945],[1.24299,41.10879],[1.24262,41.10948]]]]}},{"type":"Feature","properties":{"comarca":"37","nom_comar":"Terra Alta"},"geometry":{"type":"MultiPolygon","coordinates":[[[[0.3773,41.23634],[0.36421,41.23855],[0.36315,41.23578],[0.36462,41.23166],[0.36451,41.22792],[0.36343,41.22642],[0.36115,41.22522],[0.35765,41.22519],[0.34936,41.22681],[0.34437,41.22872],[0.34227,41.23081],[0.34077,41.231],[0.33792,41.22978],[0.33534,41.22531],[0.33105,41.22235],[0.32637,41.22255],[0.32241,41.22485],[0.32121,41.22405],[0.31842,41.21984],[0.31786,41.21458],[0.31699,41.21323],[0.31725,41.20981],[0.31379,41.20522],[0.31398,41.20362],[0.31297,41.20034],[0.31183,41.19884],[0.31244,41.19582],[0.30964,41.19423],[0.30928,41.19319],[0.30988,41.19218],[0.30779,41.1884],[0.30825,41.18652],[0.30566,41.18506],[0.3061,41.17942],[0.30447,41.17641],[0.30485,41.17182],[0.30339,41.16894],[0.3004,41.167],[0.3033,41.16453],[0.30354,41.16325],[0.30229,41.16239],[0.30199,41.16098],[0.29793,41.161],[0.29521,41.1598],[0.2929,41.15868],[0.29288,41.15732],[0.29215,41.15637],[0.28811,41.15698],[0.28607,41.15605],[0.2847,41.15618],[0.27216,41.14856],[0.26018,41.14914],[0.25774,41.15043],[0.25371,41.14934],[0.25302,41.14992],[0.25333,41.14847],[0.25576,41.14657],[0.25478,41.14465],[0.25623,41.14354],[0.25617,41.14296],[0.25525,41.14157],[0.25281,41.14095],[0.25338,41.13991],[0.2508,41.13835],[0.25063,41.1377],[0.25223,41.13497],[0.25198,41.13386],[0.25029,41.13287],[0.24855,41.13004],[0.2427,41.12947],[0.23782,41.12988],[0.21399,41.13716],[0.21259,41.13637],[0.21979,41.13408],[0.21957,41.13189],[0.21691,41.13069],[0.20879,41.12886],[0.20361,41.12832],[0.2009,41.12594],[0.2017,41.12305],[0.2091,41.11667],[0.20758,41.11504],[0.20504,41.1103],[0.206,41.10941],[0.20215,41.10566],[0.20046,41.10218],[0.20064,41.08483],[0.20153,41.08413],[0.20716,41.08288],[0.21545,41.08448],[0.2196,41.08329],[0.2204,41.08167],[0.21945,41.07948],[0.21626,41.07756],[0.21747,41.07558],[0.2204,41.07437],[0.22191,41.07285],[0.21906,41.06975],[0.21739,41.06664],[0.21894,41.06129],[0.22013,41.05978],[0.22308,41.05843],[0.2284,41.05904],[0.23032,41.05683],[0.23069,41.05417],[0.22943,41.05223],[0.22076,41.04948],[0.21741,41.04732],[0.21733,41.04517],[0.21809,41.0435],[0.21996,41.04167],[0.22153,41.04169],[0.22297,41.0425],[0.22448,41.04478],[0.22666,41.04658],[0.22963,41.04754],[0.23239,41.04732],[0.23469,41.04606],[0.23484,41.0451],[0.23402,41.04329],[0.22988,41.03998],[0.23041,41.037],[0.23223,41.03484],[0.23427,41.03431],[0.24194,41.03441],[0.24446,41.03647],[0.24287,41.03886],[0.24289,41.04058],[0.2445,41.04144],[0.24606,41.04142],[0.25037,41.03765],[0.2523,41.03281],[0.25818,41.02886],[0.26587,41.02519],[0.26966,41.02623],[0.27204,41.02569],[0.27552,41.02396],[0.2784,41.02164],[0.27992,41.01945],[0.27686,41.0178],[0.27478,41.01799],[0.27228,41.01915],[0.26188,41.01922],[0.25924,41.01665],[0.25885,41.01409],[0.26019,41.01188],[0.26186,41.01075],[0.26447,41.00989],[0.26991,41.0095],[0.27473,41.00664],[0.27518,41.00537],[0.2748,41.00473],[0.26938,41.00215],[0.26837,40.9982],[0.27201,40.99583],[0.27233,40.99263],[0.28113,40.98688],[0.28234,40.98243],[0.28094,40.97526],[0.282,40.97276],[0.28489,40.97269],[0.28727,40.97387],[0.28974,40.97403],[0.2916,40.97322],[0.29356,40.97086],[0.29285,40.9686],[0.28803,40.96703],[0.28418,40.96425],[0.28567,40.96001],[0.28279,40.95732],[0.28329,40.95591],[0.28293,40.95498],[0.28089,40.95332],[0.2813,40.95132],[0.27991,40.95048],[0.27638,40.95103],[0.27531,40.95058],[0.27467,40.94986],[0.27637,40.94875],[0.2766,40.94766],[0.27547,40.94643],[0.2719,40.94528],[0.27147,40.94234],[0.274,40.94026],[0.27374,40.93823],[0.27439,40.93595],[0.2667,40.92829],[0.26293,40.92868],[0.26029,40.928],[0.25359,40.91925],[0.25311,40.91764],[0.25445,40.91613],[0.25374,40.9138],[0.25425,40.9118],[0.2537,40.91139],[0.25091,40.91192],[0.24848,40.90937],[0.24946,40.90717],[0.2524,40.90674],[0.25349,40.90576],[0.25284,40.90442],[0.24939,40.90175],[0.2498,40.89955],[0.24921,40.89733],[0.25023,40.89544],[0.24597,40.89261],[0.2461,40.88784],[0.2455,40.88677],[0.24064,40.88641],[0.23861,40.88449],[0.23884,40.88358],[0.24076,40.882],[0.24618,40.87991],[0.24992,40.87939],[0.25148,40.87592],[0.25296,40.87568],[0.25403,40.87359],[0.25553,40.87387],[0.25331,40.8695],[0.2542,40.86657],[0.25396,40.86553],[0.25312,40.86339],[0.25132,40.862],[0.25335,40.85908],[0.25085,40.85578],[0.2533,40.85498],[0.25362,40.85323],[0.25578,40.85275],[0.25543,40.84971],[0.25769,40.84807],[0.2555,40.84546],[0.2592,40.84542],[0.259,40.84292],[0.26007,40.84207],[0.26028,40.84083],[0.25984,40.83854],[0.26256,40.83791],[0.26151,40.83728],[0.26151,40.83634],[0.26375,40.83558],[0.26686,40.83305],[0.26805,40.83026],[0.27207,40.82759],[0.27368,40.82556],[0.27789,40.82352],[0.27827,40.82179],[0.27914,40.82121],[0.27362,40.81958],[0.27326,40.81848],[0.2787,40.81792],[0.28066,40.81914],[0.28436,40.81894],[0.28706,40.81816],[0.29046,40.81589],[0.29223,40.81588],[0.29681,40.82115],[0.30552,40.83532],[0.31092,40.83981],[0.31405,40.84108],[0.31476,40.84204],[0.32137,40.84406],[0.32501,40.84385],[0.3311,40.84722],[0.3312,40.84808],[0.33349,40.84977],[0.33306,40.85142],[0.33398,40.85288],[0.3383,40.85698],[0.33986,40.85981],[0.34214,40.86048],[0.35239,40.871],[0.35669,40.87728],[0.35914,40.87795],[0.36206,40.88034],[0.36033,40.88212],[0.36036,40.8831],[0.36395,40.88419],[0.36647,40.8859],[0.36697,40.88788],[0.36979,40.89057],[0.36715,40.89253],[0.36528,40.89712],[0.36404,40.89852],[0.36478,40.9],[0.36694,40.90109],[0.36801,40.90265],[0.36674,40.90456],[0.36447,40.90548],[0.36458,40.90649],[0.36281,40.90903],[0.36483,40.91032],[0.36576,40.91211],[0.36576,40.91425],[0.36456,40.91649],[0.36752,40.91812],[0.36855,40.91985],[0.36848,40.92431],[0.36936,40.92534],[0.36847,40.92786],[0.36698,40.92891],[0.36626,40.93132],[0.36673,40.93324],[0.37064,40.93548],[0.37171,40.93687],[0.36949,40.93839],[0.37068,40.94268],[0.37261,40.94203],[0.3799,40.94506],[0.38217,40.94438],[0.38241,40.94338],[0.38743,40.94491],[0.39215,40.94841],[0.39175,40.95018],[0.39045,40.95161],[0.39343,40.95518],[0.39495,40.95429],[0.39963,40.95387],[0.40117,40.95455],[0.40198,40.95597],[0.40666,40.95763],[0.41232,40.95835],[0.41425,40.95756],[0.41659,40.95767],[0.42188,40.95935],[0.42228,40.96054],[0.43331,40.96104],[0.44489,40.96406],[0.44708,40.96728],[0.44966,40.96845],[0.44997,40.97169],[0.45356,40.97559],[0.45455,40.97833],[0.45906,40.97718],[0.46713,40.97801],[0.46883,40.98013],[0.47193,40.97856],[0.47644,40.97738],[0.48188,40.97633],[0.48439,40.9769],[0.48588,40.97657],[0.48747,40.97878],[0.49179,40.98103],[0.49192,40.9826],[0.49626,40.98401],[0.49766,40.98561],[0.49788,40.98761],[0.50271,40.98869],[0.50505,40.99041],[0.50541,40.99088],[0.50463,40.99294],[0.50652,40.99495],[0.51008,40.99496],[0.5145,40.99755],[0.52254,40.99691],[0.53085,41.00108],[0.53538,41.00111],[0.54061,41.00625],[0.54452,41.00855],[0.54835,41.01007],[0.55295,41.00964],[0.55824,41.01445],[0.56197,41.01617],[0.56673,41.0167],[0.57006,41.01828],[0.57059,41.01916],[0.56794,41.01998],[0.56721,41.0248],[0.56512,41.02527],[0.56307,41.02729],[0.55853,41.0278],[0.55653,41.03115],[0.55787,41.03407],[0.55761,41.03477],[0.55103,41.03515],[0.54813,41.0374],[0.54744,41.03891],[0.54816,41.04006],[0.54637,41.04243],[0.54771,41.04427],[0.54804,41.04613],[0.54568,41.04724],[0.54448,41.05072],[0.53946,41.05156],[0.53632,41.05141],[0.53507,41.05318],[0.53205,41.05384],[0.53046,41.05534],[0.52801,41.0555],[0.52686,41.05771],[0.52784,41.06182],[0.52708,41.06278],[0.52559,41.06316],[0.52069,41.0622],[0.51701,41.06235],[0.5149,41.06155],[0.51179,41.06182],[0.51029,41.06108],[0.50733,41.06128],[0.50226,41.05991],[0.49981,41.06323],[0.50376,41.06772],[0.51046,41.07002],[0.5122,41.06951],[0.51298,41.07132],[0.51734,41.07259],[0.52069,41.07561],[0.5209,41.07903],[0.53547,41.09335],[0.53625,41.09766],[0.542,41.10479],[0.54267,41.10768],[0.54506,41.10816],[0.54819,41.11],[0.54822,41.11072],[0.55034,41.11231],[0.55029,41.11436],[0.55354,41.11747],[0.55332,41.1183],[0.55151,41.11954],[0.54491,41.12071],[0.5424,41.12052],[0.53571,41.12377],[0.52769,41.12532],[0.52602,41.12835],[0.52403,41.13009],[0.51772,41.13245],[0.51647,41.13364],[0.49754,41.13669],[0.49378,41.13651],[0.49052,41.14043],[0.48823,41.14203],[0.48793,41.1451],[0.49187,41.14828],[0.49428,41.14922],[0.49386,41.15125],[0.49546,41.15516],[0.49876,41.15508],[0.50188,41.1575],[0.49989,41.15921],[0.50131,41.16279],[0.50081,41.1643],[0.49858,41.16607],[0.49772,41.16825],[0.49845,41.17001],[0.5016,41.17161],[0.50249,41.1734],[0.50062,41.17494],[0.5003,41.17865],[0.4981,41.18305],[0.49705,41.18896],[0.49591,41.19061],[0.49642,41.19367],[0.49544,41.19646],[0.4904,41.1978],[0.48637,41.19806],[0.48422,41.20114],[0.48172,41.20293],[0.47951,41.20349],[0.4753,41.20285],[0.46975,41.20315],[0.46655,41.20353],[0.46542,41.20467],[0.46251,41.20412],[0.45882,41.20477],[0.45798,41.2053],[0.45875,41.20669],[0.45639,41.20862],[0.45667,41.21075],[0.45849,41.21221],[0.45731,41.21414],[0.45309,41.21525],[0.45158,41.21754],[0.44792,41.21888],[0.44704,41.22109],[0.44587,41.22191],[0.43837,41.2238],[0.43589,41.22637],[0.43051,41.22863],[0.42442,41.22661],[0.42215,41.22669],[0.42075,41.22421],[0.41714,41.22312],[0.41338,41.22018],[0.40321,41.21858],[0.40222,41.21636],[0.38867,41.21346],[0.39019,41.21291],[0.37861,41.21218],[0.36702,41.20681],[0.3664,41.20861],[0.36712,41.21184],[0.36987,41.21562],[0.37141,41.21622],[0.37166,41.2197],[0.37299,41.22307],[0.37307,41.22593],[0.37112,41.22807],[0.37158,41.22958],[0.3742,41.23279],[0.38173,41.23477],[0.38172,41.23663],[0.3773,41.23634]]]]}},{"type":"Feature","properties":{"comarca":"38","nom_comar":"Urgell"},"geometry":{"type":"MultiPolygon","coordinates":[[[[0.96045,41.74928],[0.96368,41.75107],[0.97007,41.7562],[0.97388,41.76071],[0.97554,41.76329],[0.97706,41.77132],[0.97914,41.77549],[0.97662,41.77572],[0.9758,41.77044],[0.97278,41.76394],[0.96809,41.7565],[0.96321,41.75261],[0.95683,41.75002],[0.95262,41.74711],[0.95382,41.74523],[0.96045,41.74928]],[[1.10448,41.85555],[1.0995,41.85669],[1.09452,41.851],[1.09092,41.84362],[1.07549,41.82304],[1.08055,41.82405],[1.07755,41.82034],[1.06835,41.80443],[1.06068,41.79295],[1.04694,41.78206],[1.03336,41.76882],[1.01974,41.77688],[1.01511,41.77654],[1.00773,41.77099],[0.98624,41.77158],[0.98757,41.77432],[0.97697,41.76054],[0.97109,41.7545],[0.95727,41.74404],[0.95402,41.74275],[0.95754,41.73897],[0.96046,41.73237],[0.96747,41.73503],[0.97747,41.73133],[0.9831,41.73177],[0.98244,41.71309],[0.97973,41.71014],[0.97419,41.70637],[0.97673,41.70494],[0.98131,41.70416],[0.98171,41.70331],[0.98844,41.70223],[0.98777,41.70154],[0.98908,41.70128],[0.99024,41.69977],[0.99205,41.69911],[0.9984,41.69813],[1.00021,41.70057],[1.0059,41.7018],[1.01577,41.70581],[1.02274,41.7125],[1.02816,41.71112],[1.0101,41.69868],[0.99768,41.69119],[1.00648,41.68986],[1.00966,41.68853],[1.01462,41.6945],[1.01976,41.69593],[1.04163,41.68749],[1.0371,41.67893],[1.03385,41.67996],[1.03036,41.6794],[1.02842,41.68018],[1.02731,41.67771],[1.02911,41.67734],[1.02793,41.67613],[1.02618,41.67694],[1.02499,41.67489],[1.02719,41.67404],[1.02728,41.67243],[1.02651,41.67258],[1.02573,41.67039],[1.01662,41.6763],[1.00625,41.67805],[1.00335,41.67615],[0.99997,41.67095],[1.0066,41.66869],[1.00544,41.66737],[1.00213,41.65758],[1.001,41.65109],[0.99073,41.65067],[0.98458,41.64135],[0.98647,41.6404],[0.98491,41.63704],[0.98378,41.63675],[0.98283,41.63541],[0.97638,41.63538],[0.97411,41.62978],[0.96923,41.62952],[0.96708,41.62206],[0.97376,41.62004],[0.96982,41.61488],[0.97696,41.6123],[0.97266,41.60683],[0.97554,41.60147],[0.97822,41.5995],[0.97422,41.59695],[0.97409,41.59428],[0.97581,41.59154],[0.9644,41.57936],[0.96864,41.57784],[0.96492,41.57217],[0.96148,41.56844],[0.96911,41.56506],[0.97005,41.56108],[0.97224,41.55886],[0.97455,41.55744],[0.97936,41.55661],[0.97956,41.55507],[0.98669,41.55006],[0.98771,41.54641],[0.98335,41.54635],[0.98383,41.54305],[0.9881,41.53637],[0.98543,41.53233],[0.98134,41.5281],[0.97883,41.51801],[0.98615,41.51664],[0.99724,41.51323],[1.01112,41.512],[1.013,41.51041],[1.01388,41.5084],[1.01651,41.50744],[1.01714,41.50595],[1.02013,41.5034],[1.02246,41.50318],[1.027,41.50436],[1.02899,41.50567],[1.03208,41.50601],[1.03801,41.50508],[1.03651,41.5033],[1.03739,41.49892],[1.03945,41.50138],[1.04558,41.4992],[1.04954,41.49713],[1.05121,41.49546],[1.05653,41.49377],[1.06013,41.4911],[1.06162,41.48887],[1.06426,41.48739],[1.06899,41.48704],[1.07612,41.48501],[1.07949,41.48341],[1.08292,41.47964],[1.09083,41.47657],[1.09406,41.47818],[1.10458,41.47535],[1.10644,41.47322],[1.10647,41.47154],[1.10734,41.47014],[1.10701,41.46885],[1.10807,41.46717],[1.11165,41.4673],[1.11285,41.46871],[1.11635,41.46941],[1.11657,41.47021],[1.11919,41.47019],[1.12058,41.4712],[1.12964,41.47425],[1.12922,41.47554],[1.13086,41.47732],[1.16184,41.48246],[1.17099,41.48619],[1.17247,41.48749],[1.17573,41.48679],[1.17978,41.48843],[1.17622,41.49356],[1.17679,41.49626],[1.17518,41.49835],[1.17572,41.50112],[1.17483,41.502],[1.17186,41.50271],[1.17024,41.50441],[1.16675,41.5054],[1.16537,41.50854],[1.16472,41.50849],[1.16362,41.5132],[1.16542,41.51772],[1.16807,41.51745],[1.17007,41.51924],[1.17139,41.52781],[1.17394,41.53131],[1.16904,41.53134],[1.16409,41.53429],[1.16464,41.53465],[1.16716,41.53296],[1.17122,41.5325],[1.17619,41.53377],[1.1759,41.53452],[1.16648,41.53714],[1.16832,41.54027],[1.17115,41.54049],[1.18088,41.54329],[1.18658,41.54366],[1.19196,41.54284],[1.19769,41.54371],[1.21069,41.54869],[1.21314,41.55168],[1.21169,41.55625],[1.21263,41.55907],[1.21651,41.56217],[1.21574,41.56716],[1.21969,41.56972],[1.21282,41.57882],[1.21346,41.58467],[1.21096,41.58806],[1.20642,41.5886],[1.18484,41.59604],[1.1798,41.59581],[1.17196,41.59943],[1.16703,41.60221],[1.16866,41.60626],[1.16543,41.61028],[1.16747,41.61349],[1.17181,41.61491],[1.1745,41.6147],[1.17754,41.61801],[1.18241,41.6183],[1.18662,41.61989],[1.18668,41.62193],[1.18775,41.62404],[1.18803,41.62891],[1.18995,41.63409],[1.18827,41.63747],[1.18877,41.641],[1.18736,41.64535],[1.18529,41.64914],[1.18579,41.65042],[1.19064,41.65256],[1.19109,41.65652],[1.19022,41.65854],[1.18898,41.65964],[1.1889,41.66072],[1.19123,41.66118],[1.19104,41.66641],[1.19015,41.66685],[1.19071,41.66959],[1.18884,41.67115],[1.18983,41.6746],[1.18577,41.67549],[1.18488,41.67641],[1.1868,41.67722],[1.18835,41.67914],[1.18689,41.68117],[1.18568,41.68588],[1.18941,41.68594],[1.19027,41.68816],[1.19215,41.69025],[1.19424,41.69106],[1.19867,41.70651],[1.2045,41.71423],[1.20781,41.71677],[1.20414,41.71633],[1.20482,41.71783],[1.19763,41.71956],[1.19691,41.72007],[1.19704,41.72099],[1.19318,41.72022],[1.1782,41.70942],[1.17322,41.70794],[1.15658,41.71247],[1.15947,41.71774],[1.16059,41.71831],[1.16599,41.72653],[1.17067,41.73183],[1.17203,41.73584],[1.1796,41.74775],[1.17981,41.74962],[1.17864,41.75353],[1.16916,41.75582],[1.16617,41.75573],[1.16421,41.75723],[1.16112,41.75816],[1.16165,41.75897],[1.16517,41.75977],[1.17142,41.75973],[1.17258,41.7601],[1.1742,41.76182],[1.17456,41.7629],[1.17303,41.76497],[1.17281,41.76683],[1.1677,41.76891],[1.1662,41.77509],[1.16999,41.78003],[1.17619,41.78629],[1.17508,41.78708],[1.17025,41.78706],[1.16362,41.78143],[1.15963,41.78119],[1.15793,41.78191],[1.15263,41.78226],[1.14733,41.78417],[1.14029,41.78572],[1.14052,41.79273],[1.13619,41.79846],[1.13666,41.79985],[1.13627,41.80116],[1.13832,41.80523],[1.14111,41.80825],[1.14313,41.80898],[1.14405,41.81034],[1.14761,41.81298],[1.14995,41.81395],[1.15108,41.81653],[1.15276,41.81826],[1.15112,41.82015],[1.14614,41.82091],[1.14436,41.81968],[1.14208,41.81621],[1.13802,41.81454],[1.1362,41.81114],[1.13418,41.81076],[1.13471,41.80727],[1.13354,41.80444],[1.12611,41.8054],[1.12328,41.80746],[1.11122,41.8093],[1.10658,41.81069],[1.09874,41.81149],[1.0982,41.81415],[1.09863,41.8195],[1.0994,41.82042],[1.10184,41.82105],[1.10174,41.82549],[1.10312,41.82774],[1.1044,41.8276],[1.10493,41.82648],[1.10829,41.82403],[1.11087,41.82353],[1.11215,41.8222],[1.11424,41.82156],[1.11678,41.82293],[1.11803,41.82581],[1.11932,41.82717],[1.12254,41.8287],[1.12464,41.83263],[1.12387,41.83843],[1.12074,41.84894],[1.11502,41.85086],[1.11545,41.85414],[1.10344,41.85293],[1.10448,41.85555]],[[1.0991,41.70522],[1.10014,41.70273],[1.0923,41.69803],[1.07736,41.68679],[1.07135,41.68479],[1.05854,41.68204],[1.05829,41.68122],[1.05522,41.68279],[1.05948,41.68717],[1.06948,41.69433],[1.07055,41.6945],[1.07866,41.7021],[1.08249,41.70052],[1.0991,41.70522]],[[1.04627,41.85724],[1.04501,41.85944],[1.04208,41.8568],[1.03971,41.85738],[1.0396,41.85416],[1.0369,41.85451],[1.03535,41.85255],[1.03359,41.85325],[1.03315,41.85187],[1.03124,41.8521],[1.03144,41.85432],[1.02905,41.85583],[1.0257,41.85183],[1.02076,41.85008],[1.01961,41.84725],[1.02057,41.84085],[1.0201,41.83873],[1.02451,41.83843],[1.02441,41.83169],[1.0223,41.83035],[1.02167,41.82836],[1.02424,41.82784],[1.0253,41.82205],[1.02694,41.82018],[1.02934,41.81944],[1.03232,41.82058],[1.03592,41.8257],[1.03706,41.82576],[1.04207,41.82866],[1.05115,41.82992],[1.05443,41.83704],[1.0666,41.83523],[1.06507,41.83672],[1.06402,41.84298],[1.0626,41.84492],[1.06158,41.84899],[1.05807,41.84869],[1.05677,41.85341],[1.05565,41.8533],[1.05536,41.85755],[1.04627,41.85724]]]]}},{"type":"Feature","properties":{"comarca":"39","nom_comar":"Val d'Aran"},"geometry":{"type":"MultiPolygon","coordinates":[[[[0.71499,42.85955],[0.70839,42.86144],[0.7001,42.85754],[0.69159,42.85512],[0.67824,42.85479],[0.67919,42.85021],[0.67854,42.84764],[0.67723,42.84759],[0.67188,42.84476],[0.66421,42.84226],[0.6593,42.83871],[0.6589,42.83661],[0.65973,42.83317],[0.66188,42.82907],[0.66995,42.82431],[0.67025,42.82158],[0.66722,42.81918],[0.66498,42.81523],[0.66497,42.81379],[0.66578,42.8122],[0.66829,42.80983],[0.6691,42.80775],[0.67077,42.80585],[0.67082,42.80455],[0.66945,42.80184],[0.66727,42.80137],[0.66611,42.79995],[0.66288,42.79843],[0.65935,42.7979],[0.65663,42.79402],[0.65535,42.79355],[0.6542,42.79216],[0.65266,42.78798],[0.65047,42.78538],[0.64759,42.78511],[0.64506,42.78312],[0.64799,42.78176],[0.65163,42.77767],[0.6547,42.77689],[0.65699,42.77728],[0.66038,42.77593],[0.66722,42.77511],[0.66581,42.77421],[0.6644,42.77144],[0.6623,42.77001],[0.65856,42.76815],[0.65567,42.76854],[0.65042,42.76495],[0.64994,42.76432],[0.65109,42.76327],[0.65006,42.76024],[0.64895,42.75841],[0.64797,42.75818],[0.64636,42.75618],[0.64152,42.75446],[0.63928,42.75487],[0.64731,42.75145],[0.65944,42.75223],[0.66082,42.75174],[0.6613,42.75066],[0.66374,42.74946],[0.66399,42.74806],[0.66269,42.74572],[0.66323,42.74327],[0.66424,42.74219],[0.66717,42.74145],[0.66649,42.7401],[0.66653,42.7392],[0.66746,42.73849],[0.66697,42.73703],[0.66995,42.73399],[0.67048,42.73086],[0.677,42.72807],[0.67833,42.72628],[0.67864,42.7245],[0.68017,42.72325],[0.67531,42.71942],[0.67375,42.7174],[0.67738,42.71253],[0.68253,42.70902],[0.68106,42.70534],[0.67617,42.70289],[0.67395,42.69892],[0.67417,42.69605],[0.67482,42.69484],[0.67622,42.69418],[0.67675,42.69082],[0.66871,42.68916],[0.6647,42.69105],[0.66216,42.69143],[0.6602,42.69085],[0.65991,42.68845],[0.66652,42.68218],[0.67114,42.68089],[0.6735,42.67898],[0.67415,42.67519],[0.67588,42.67101],[0.67972,42.66859],[0.68048,42.66603],[0.68418,42.66492],[0.6847,42.66363],[0.6839,42.66112],[0.68466,42.65947],[0.68715,42.65822],[0.69257,42.65894],[0.69576,42.65827],[0.69537,42.65574],[0.69613,42.6544],[0.69487,42.65322],[0.69637,42.64991],[0.69973,42.64409],[0.70339,42.64218],[0.70058,42.63924],[0.69952,42.637],[0.70086,42.6327],[0.69852,42.6298],[0.69868,42.62882],[0.7025,42.62477],[0.70779,42.62103],[0.71302,42.61985],[0.71727,42.61981],[0.72093,42.61866],[0.72362,42.61681],[0.7261,42.61657],[0.72881,42.61515],[0.73298,42.61538],[0.73876,42.61235],[0.74136,42.61266],[0.74496,42.61514],[0.76757,42.61159],[0.77838,42.61315],[0.78806,42.61571],[0.7939,42.61508],[0.79721,42.61722],[0.80529,42.61913],[0.8093,42.61873],[0.8127,42.61934],[0.81367,42.61765],[0.8129,42.61429],[0.81625,42.61443],[0.822,42.61161],[0.8218,42.60999],[0.82495,42.60607],[0.82631,42.60528],[0.83162,42.60643],[0.83608,42.60858],[0.8394,42.60802],[0.84132,42.60883],[0.84187,42.60993],[0.84385,42.61093],[0.84405,42.61279],[0.84645,42.61356],[0.84684,42.61554],[0.85587,42.61955],[0.85653,42.62086],[0.86624,42.6224],[0.8691,42.6235],[0.87127,42.62519],[0.87565,42.6264],[0.87657,42.62771],[0.87627,42.631],[0.87854,42.63191],[0.88232,42.63078],[0.88335,42.6286],[0.88494,42.62712],[0.88934,42.62738],[0.89233,42.62602],[0.89553,42.6259],[0.89632,42.62309],[0.89498,42.62055],[0.89538,42.61888],[0.8967,42.61779],[0.89434,42.61603],[0.89536,42.61224],[0.89814,42.60979],[0.90131,42.6101],[0.90455,42.60779],[0.91202,42.60679],[0.91393,42.60392],[0.91455,42.60069],[0.91531,42.59966],[0.91508,42.59761],[0.91723,42.59554],[0.91868,42.59278],[0.92302,42.59141],[0.92514,42.59177],[0.92837,42.59072],[0.93497,42.59102],[0.93781,42.58939],[0.94357,42.58924],[0.94693,42.59204],[0.95284,42.594],[0.95351,42.59466],[0.95395,42.59718],[0.95334,42.60107],[0.95414,42.60283],[0.9572,42.60361],[0.95982,42.60321],[0.96237,42.60369],[0.96296,42.6041],[0.96237,42.60467],[0.96419,42.60539],[0.9666,42.60824],[0.96949,42.6092],[0.96838,42.61281],[0.96954,42.61459],[0.96938,42.61799],[0.96586,42.61971],[0.96705,42.62193],[0.96649,42.62409],[0.96353,42.62475],[0.96272,42.62393],[0.96226,42.62418],[0.96196,42.62641],[0.96058,42.62821],[0.96166,42.62938],[0.96079,42.63125],[0.96139,42.63195],[0.96367,42.63187],[0.96402,42.63339],[0.96802,42.63636],[0.96883,42.63979],[0.9708,42.6411],[0.97114,42.64412],[0.97242,42.64532],[0.97246,42.64986],[0.97365,42.6503],[0.97721,42.66749],[0.98032,42.67669],[0.98378,42.67763],[0.98365,42.68007],[0.98558,42.68131],[0.9867,42.68316],[0.98654,42.68392],[0.98527,42.68414],[0.98192,42.68773],[0.97797,42.6896],[0.97616,42.69338],[0.97992,42.69753],[0.98173,42.69865],[0.98558,42.69883],[0.99345,42.70073],[1.00604,42.71285],[1.00939,42.71015],[1.0124,42.70925],[1.01456,42.70985],[1.02854,42.70999],[1.0273,42.71726],[1.02427,42.71679],[1.02238,42.71754],[1.02267,42.72043],[1.02444,42.72225],[1.02432,42.72309],[1.02354,42.72277],[1.02262,42.72375],[1.02222,42.72698],[1.0263,42.72965],[1.02739,42.73181],[1.02909,42.73237],[1.03,42.7346],[1.02724,42.74297],[1.03036,42.75187],[1.03265,42.75505],[1.03124,42.75669],[1.02931,42.75738],[1.028,42.7594],[1.02973,42.76443],[1.02715,42.76643],[1.02691,42.76809],[1.02812,42.76919],[1.02844,42.77148],[1.03143,42.77279],[1.031,42.77617],[1.0335,42.77908],[1.03723,42.78695],[1.03301,42.78674],[1.03244,42.78529],[1.03137,42.78479],[1.02812,42.78643],[1.02283,42.7865],[1.01897,42.78738],[1.01701,42.78705],[1.0135,42.7886],[1.01126,42.78786],[1.00747,42.79033],[1.0051,42.79087],[0.99475,42.78689],[0.99336,42.78736],[0.99065,42.78664],[0.98295,42.78691],[0.97709,42.79133],[0.97865,42.79305],[0.97762,42.79485],[0.97432,42.79731],[0.96951,42.79862],[0.96807,42.79962],[0.966,42.80364],[0.96023,42.8059],[0.95697,42.80335],[0.94695,42.80153],[0.94631,42.79912],[0.9435,42.7989],[0.93822,42.79616],[0.93311,42.78955],[0.93033,42.78897],[0.92602,42.78945],[0.92148,42.79161],[0.92021,42.7931],[0.91717,42.79371],[0.91627,42.79594],[0.90751,42.79687],[0.9064,42.80107],[0.89969,42.80372],[0.89755,42.80683],[0.89572,42.80679],[0.89197,42.80828],[0.89041,42.81029],[0.8852,42.81324],[0.88216,42.81357],[0.87995,42.815],[0.87721,42.81432],[0.87369,42.81598],[0.87106,42.81567],[0.86137,42.82113],[0.85855,42.82348],[0.85747,42.82581],[0.85553,42.82686],[0.85197,42.82672],[0.84375,42.82926],[0.83565,42.82808],[0.83377,42.8284],[0.82673,42.83129],[0.82228,42.83242],[0.82064,42.8346],[0.81782,42.83457],[0.81565,42.83709],[0.81079,42.8387],[0.80622,42.83895],[0.80151,42.8406],[0.7963,42.84003],[0.79401,42.83894],[0.79307,42.83771],[0.78979,42.83646],[0.77726,42.83618],[0.77259,42.83828],[0.7628,42.84028],[0.7614,42.8428],[0.75187,42.84543],[0.74947,42.8471],[0.74518,42.84703],[0.73632,42.84895],[0.7345,42.85436],[0.73252,42.85524],[0.73095,42.85508],[0.7283,42.85712],[0.7246,42.85858],[0.71959,42.8596],[0.71756,42.85926],[0.71728,42.85838],[0.71499,42.85955]]]]}},{"type":"Feature","properties":{"comarca":"40","nom_comar":"Vallès Occidental"},"geometry":{"type":"MultiPolygon","coordinates":[[[[2.11034,41.71742],[2.10809,41.7179],[2.09969,41.71486],[2.09906,41.71096],[2.09691,41.70908],[2.09349,41.70932],[2.08728,41.70776],[2.08636,41.70799],[2.08475,41.71081],[2.08167,41.7106],[2.0791,41.70957],[2.06628,41.71407],[2.06486,41.71172],[2.0586,41.71113],[2.05429,41.71203],[2.05078,41.71076],[2.04725,41.7117],[2.04358,41.71473],[2.0411,41.71508],[2.03891,41.71645],[2.03573,41.71693],[2.035,41.71616],[2.03243,41.7165],[2.0308,41.71533],[2.02913,41.71102],[2.0266,41.71005],[2.02463,41.70826],[2.02295,41.70828],[2.02057,41.70546],[2.02199,41.69843],[2.0179,41.6945],[2.01569,41.69422],[2.01299,41.69215],[2.0096,41.69216],[2.00913,41.69127],[2.00958,41.68669],[2.01281,41.6807],[2.01074,41.67848],[2.006,41.67752],[2.00463,41.67553],[2.00707,41.67093],[2.00876,41.67047],[2.00936,41.66825],[2.01178,41.66584],[2.01073,41.66457],[2.01077,41.65876],[2.00884,41.65618],[2.00284,41.65431],[1.99555,41.65542],[1.99443,41.65475],[1.99017,41.65442],[1.98293,41.64817],[1.97145,41.64883],[1.96112,41.64419],[1.95709,41.64652],[1.95479,41.64568],[1.95259,41.6467],[1.95103,41.64609],[1.94944,41.64636],[1.94854,41.64684],[1.9487,41.64877],[1.94824,41.64907],[1.94213,41.64887],[1.94015,41.6518],[1.94204,41.65632],[1.94028,41.65791],[1.93697,41.65865],[1.93688,41.66119],[1.93389,41.66322],[1.93284,41.66324],[1.9303,41.658],[1.92755,41.65855],[1.9252,41.66118],[1.92352,41.66175],[1.92169,41.66451],[1.91994,41.66579],[1.90763,41.66461],[1.90498,41.66278],[1.90361,41.6601],[1.90212,41.6593],[1.90118,41.65719],[1.89707,41.65731],[1.89474,41.65566],[1.8938,41.65596],[1.89143,41.65319],[1.88917,41.65318],[1.88732,41.64991],[1.8865,41.64946],[1.88911,41.64833],[1.89013,41.64622],[1.89053,41.64382],[1.8893,41.64063],[1.88996,41.64062],[1.89136,41.63883],[1.89168,41.63616],[1.89251,41.63508],[1.89142,41.63348],[1.89097,41.62951],[1.89332,41.62322],[1.89391,41.61932],[1.893,41.61718],[1.88922,41.6149],[1.88693,41.61436],[1.88314,41.61507],[1.88127,41.6141],[1.87754,41.61411],[1.87588,41.61289],[1.87323,41.61272],[1.86526,41.61873],[1.86281,41.61665],[1.86248,41.6154],[1.86315,41.61356],[1.86183,41.61241],[1.86079,41.60963],[1.86158,41.60346],[1.86396,41.59877],[1.86331,41.59228],[1.86737,41.59101],[1.86807,41.58921],[1.86965,41.5882],[1.8713,41.58941],[1.87558,41.58988],[1.87888,41.58949],[1.88101,41.5854],[1.88633,41.58492],[1.88841,41.58399],[1.89117,41.58069],[1.88444,41.57907],[1.90921,41.57049],[1.92041,41.5711],[1.92042,41.56973],[1.92304,41.5684],[1.92352,41.56757],[1.92174,41.56657],[1.9204,41.56471],[1.92072,41.56417],[1.92163,41.56464],[1.92231,41.5641],[1.92238,41.56346],[1.9205,41.5618],[1.92049,41.56074],[1.92138,41.56012],[1.92242,41.56085],[1.92227,41.55945],[1.9188,41.55646],[1.92016,41.55669],[1.92079,41.55598],[1.92435,41.55552],[1.92676,41.55236],[1.92782,41.55312],[1.92856,41.55287],[1.92779,41.55153],[1.92561,41.55085],[1.92919,41.5486],[1.92967,41.54402],[1.93084,41.54331],[1.93104,41.54189],[1.93258,41.54194],[1.93139,41.53971],[1.93169,41.53881],[1.93353,41.53745],[1.93206,41.53663],[1.93353,41.53404],[1.93637,41.53192],[1.93613,41.53033],[1.9388,41.52846],[1.94187,41.52813],[1.94289,41.52698],[1.94901,41.52571],[1.95133,41.52293],[1.95115,41.51016],[1.93663,41.50913],[1.93559,41.50547],[1.9335,41.50457],[1.93279,41.50272],[1.93325,41.50083],[1.9302,41.49594],[1.92357,41.49479],[1.9223,41.49542],[1.92154,41.49288],[1.92231,41.48972],[1.92423,41.48812],[1.93243,41.48546],[1.93371,41.48314],[1.93351,41.48049],[1.93401,41.47926],[1.93942,41.47287],[1.94488,41.46772],[1.94649,41.46748],[1.95074,41.47176],[1.95167,41.46897],[1.95085,41.46701],[1.96158,41.45973],[1.96869,41.46386],[1.97329,41.46371],[1.97549,41.46011],[1.97676,41.45594],[1.97731,41.45086],[1.97821,41.44939],[1.98224,41.44528],[1.99258,41.43803],[1.99391,41.43671],[1.99408,41.43559],[1.99509,41.43628],[1.99596,41.43993],[1.99572,41.45141],[1.9968,41.45295],[1.99954,41.45453],[2.00113,41.45631],[1.99898,41.45886],[1.99926,41.45991],[1.99973,41.46024],[2.01052,41.45665],[2.01122,41.45796],[2.01557,41.45898],[2.02006,41.45834],[2.02357,41.45747],[2.0241,41.45652],[2.0235,41.4548],[2.02459,41.4519],[2.02372,41.45069],[2.02571,41.4491],[2.02716,41.44675],[2.03126,41.44555],[2.03156,41.44267],[2.03295,41.44169],[2.03756,41.44219],[2.04105,41.4442],[2.04983,41.44465],[2.05471,41.44556],[2.06077,41.44499],[2.06364,41.44377],[2.06418,41.44214],[2.06165,41.43761],[2.05968,41.4374],[2.0595,41.43448],[2.06212,41.43336],[2.06291,41.43358],[2.06458,41.42991],[2.06781,41.42954],[2.0668,41.42732],[2.06704,41.42627],[2.06967,41.42518],[2.0694,41.42335],[2.07084,41.41832],[2.07233,41.41827],[2.07428,41.41656],[2.07907,41.41494],[2.07981,41.41625],[2.07695,41.41939],[2.07665,41.4212],[2.07534,41.42198],[2.08007,41.42306],[2.08059,41.42406],[2.07812,41.42494],[2.0727,41.42515],[2.0732,41.42746],[2.07662,41.42871],[2.07312,41.43067],[2.07148,41.43308],[2.07094,41.4344],[2.07181,41.43633],[2.07303,41.43661],[2.07252,41.43549],[2.07477,41.4353],[2.07558,41.43294],[2.07993,41.43191],[2.08077,41.43064],[2.08144,41.43158],[2.08232,41.43163],[2.08573,41.429],[2.09101,41.42907],[2.09607,41.43327],[2.09894,41.4317],[2.09915,41.43012],[2.10115,41.42979],[2.10322,41.42807],[2.10531,41.42884],[2.11332,41.4285],[2.11508,41.42782],[2.11566,41.42678],[2.11893,41.42581],[2.12127,41.42583],[2.12308,41.42869],[2.12815,41.43348],[2.12994,41.44303],[2.13291,41.44494],[2.13461,41.44725],[2.1383,41.44785],[2.14257,41.44714],[2.14521,41.44788],[2.14848,41.44675],[2.15221,41.44718],[2.15354,41.44879],[2.15584,41.44993],[2.15956,41.45052],[2.16411,41.4498],[2.1656,41.45158],[2.16417,41.4558],[2.16567,41.45819],[2.16733,41.46021],[2.1719,41.46127],[2.17492,41.46385],[2.18071,41.46494],[2.17894,41.46653],[2.17869,41.46818],[2.17941,41.46759],[2.18379,41.4683],[2.18706,41.46772],[2.18893,41.47084],[2.19065,41.47061],[2.19398,41.47234],[2.19975,41.47342],[2.20625,41.47033],[2.21339,41.4715],[2.21662,41.47476],[2.21756,41.47701],[2.21744,41.47766],[2.21269,41.47826],[2.21182,41.48048],[2.21393,41.48195],[2.21584,41.48458],[2.21635,41.48583],[2.21545,41.48723],[2.21713,41.48845],[2.22022,41.48912],[2.22307,41.49061],[2.22469,41.49252],[2.22339,41.49615],[2.21505,41.49781],[2.21096,41.49925],[2.20381,41.5039],[2.20048,41.50142],[2.19339,41.50802],[2.1894,41.51393],[2.18908,41.51549],[2.19461,41.51686],[2.19886,41.51649],[2.2,41.51749],[2.20167,41.51914],[2.20331,41.52342],[2.20645,41.52807],[2.20651,41.52933],[2.20549,41.53016],[2.20371,41.53397],[2.20101,41.5367],[2.20088,41.54021],[2.19983,41.54121],[2.19845,41.54505],[2.19414,41.54678],[2.19412,41.54973],[2.18989,41.55697],[2.18814,41.56205],[2.18761,41.56627],[2.19319,41.56777],[2.19307,41.56951],[2.19675,41.57183],[2.19587,41.5729],[2.19731,41.57375],[2.19623,41.57541],[2.20269,41.57577],[2.19827,41.58325],[2.19796,41.58545],[2.19514,41.59101],[2.19223,41.59332],[2.1911,41.59717],[2.18886,41.59844],[2.18839,41.60125],[2.18905,41.60335],[2.18796,41.60656],[2.18521,41.60618],[2.18463,41.60487],[2.18485,41.60297],[2.18163,41.60146],[2.16469,41.60119],[2.16083,41.61471],[2.15774,41.61859],[2.15686,41.62146],[2.14869,41.63078],[2.14483,41.63296],[2.14099,41.63388],[2.14007,41.63642],[2.13596,41.63924],[2.13472,41.63954],[2.13216,41.63892],[2.13051,41.64026],[2.12712,41.63988],[2.12392,41.64108],[2.1235,41.64279],[2.12148,41.64552],[2.11883,41.64527],[2.118,41.64374],[2.11625,41.6436],[2.11678,41.64499],[2.11295,41.64592],[2.11242,41.64879],[2.1107,41.64972],[2.1111,41.651],[2.10991,41.65214],[2.10928,41.65419],[2.10638,41.65505],[2.10569,41.656],[2.10194,41.657],[2.10205,41.65831],[2.09611,41.65913],[2.09977,41.65946],[2.10456,41.66445],[2.10726,41.66465],[2.10855,41.66583],[2.11238,41.66665],[2.12103,41.67011],[2.13456,41.66925],[2.13441,41.67436],[2.13204,41.67677],[2.13234,41.67831],[2.1308,41.67989],[2.13196,41.68194],[2.13208,41.68362],[2.13375,41.68616],[2.13335,41.68699],[2.13843,41.68983],[2.13976,41.69277],[2.13741,41.69639],[2.13787,41.69842],[2.1348,41.70027],[2.13554,41.70226],[2.13534,41.70422],[2.13412,41.70488],[2.13393,41.70572],[2.13305,41.71559],[2.12492,41.71248],[2.11704,41.71458],[2.11034,41.71742]]]]}},{"type":"Feature","properties":{"comarca":"41","nom_comar":"Vallès Oriental"},"geometry":{"type":"MultiPolygon","coordinates":[[[[2.38727,41.80463],[2.38577,41.80689],[2.38268,41.8088],[2.38037,41.80484],[2.37997,41.80255],[2.37582,41.79789],[2.37544,41.79654],[2.37262,41.79591],[2.37173,41.79446],[2.36829,41.79392],[2.3642,41.79196],[2.36222,41.78988],[2.36507,41.78655],[2.36722,41.78254],[2.36605,41.78082],[2.36609,41.77889],[2.36473,41.77909],[2.36383,41.77832],[2.36547,41.7755],[2.36586,41.77127],[2.36519,41.76959],[2.36339,41.76833],[2.35586,41.76546],[2.35207,41.76547],[2.34893,41.76416],[2.34353,41.76329],[2.34125,41.7632],[2.33959,41.76395],[2.33436,41.76365],[2.33291,41.76717],[2.33231,41.77186],[2.32847,41.77575],[2.32964,41.77868],[2.32819,41.78879],[2.3209,41.78783],[2.31838,41.7923],[2.31353,41.79358],[2.30915,41.79624],[2.30368,41.79851],[2.29874,41.79736],[2.29153,41.79322],[2.28924,41.79023],[2.28928,41.78829],[2.2879,41.78671],[2.28742,41.78495],[2.28291,41.78309],[2.27821,41.77917],[2.27609,41.77609],[2.27457,41.77204],[2.27258,41.77132],[2.272,41.77013],[2.2695,41.77093],[2.26517,41.76747],[2.26621,41.76659],[2.26578,41.76595],[2.26184,41.76508],[2.25822,41.76603],[2.2544,41.76536],[2.25345,41.76379],[2.25177,41.76286],[2.24928,41.75895],[2.25079,41.74938],[2.25832,41.74745],[2.25954,41.74665],[2.26073,41.74461],[2.26059,41.74066],[2.25709,41.73707],[2.25444,41.73558],[2.26221,41.73527],[2.26315,41.73131],[2.25634,41.7282],[2.2559,41.7282],[2.25532,41.73077],[2.24948,41.7301],[2.24583,41.73126],[2.24317,41.72969],[2.24058,41.72961],[2.24177,41.72742],[2.24387,41.7261],[2.24284,41.72467],[2.24013,41.72409],[2.23843,41.72198],[2.24001,41.72077],[2.23945,41.71446],[2.24007,41.71129],[2.24217,41.70769],[2.24028,41.70567],[2.23742,41.70951],[2.22843,41.70726],[2.22243,41.7045],[2.21918,41.70493],[2.21665,41.70405],[2.21323,41.70393],[2.21258,41.70481],[2.21417,41.70718],[2.21226,41.70789],[2.21067,41.71035],[2.20983,41.71008],[2.20868,41.70782],[2.20658,41.70903],[2.19998,41.70684],[2.19856,41.70583],[2.19538,41.70575],[2.19479,41.7087],[2.19228,41.71134],[2.19169,41.71579],[2.191,41.71645],[2.1871,41.7151],[2.18627,41.71572],[2.1868,41.71735],[2.18635,41.71825],[2.1824,41.71604],[2.17919,41.7168],[2.17584,41.71315],[2.17209,41.71356],[2.17011,41.71191],[2.16592,41.71328],[2.16361,41.71494],[2.16388,41.71545],[2.15665,41.71635],[2.15459,41.71634],[2.14342,41.71331],[2.13305,41.71559],[2.13393,41.70572],[2.13412,41.70488],[2.13534,41.70422],[2.13554,41.70226],[2.1348,41.70027],[2.13787,41.69842],[2.13741,41.69639],[2.13976,41.69277],[2.13843,41.68983],[2.13335,41.68699],[2.13375,41.68616],[2.13208,41.68362],[2.13196,41.68194],[2.1308,41.67989],[2.13234,41.67831],[2.13204,41.67677],[2.13441,41.67436],[2.13456,41.66925],[2.12103,41.67011],[2.11238,41.66665],[2.10855,41.66583],[2.10726,41.66465],[2.10456,41.66445],[2.09977,41.65946],[2.09611,41.65913],[2.10205,41.65831],[2.10194,41.657],[2.10569,41.656],[2.10638,41.65505],[2.10928,41.65419],[2.10991,41.65214],[2.1111,41.651],[2.1107,41.64972],[2.11242,41.64879],[2.11295,41.64592],[2.11678,41.64499],[2.11625,41.6436],[2.118,41.64374],[2.11883,41.64527],[2.12148,41.64552],[2.1235,41.64279],[2.12392,41.64108],[2.12712,41.63988],[2.13051,41.64026],[2.13216,41.63892],[2.13472,41.63954],[2.13596,41.63924],[2.14007,41.63642],[2.14099,41.63388],[2.14483,41.63296],[2.14869,41.63078],[2.15686,41.62146],[2.15774,41.61859],[2.16083,41.61471],[2.16469,41.60119],[2.18163,41.60146],[2.18485,41.60297],[2.18463,41.60487],[2.18521,41.60618],[2.18796,41.60656],[2.18905,41.60335],[2.18839,41.60125],[2.18886,41.59844],[2.1911,41.59717],[2.19223,41.59332],[2.19514,41.59101],[2.19796,41.58545],[2.19827,41.58325],[2.20269,41.57577],[2.19623,41.57541],[2.19731,41.57375],[2.19587,41.5729],[2.19675,41.57183],[2.19307,41.56951],[2.19319,41.56777],[2.18761,41.56627],[2.18814,41.56205],[2.18989,41.55697],[2.19412,41.54973],[2.19414,41.54678],[2.19845,41.54505],[2.19983,41.54121],[2.20088,41.54021],[2.20101,41.5367],[2.20371,41.53397],[2.20549,41.53016],[2.20651,41.52933],[2.20645,41.52807],[2.20331,41.52342],[2.20167,41.51914],[2.19886,41.51649],[2.19461,41.51686],[2.18908,41.51549],[2.18992,41.51281],[2.19339,41.50802],[2.20048,41.50142],[2.20381,41.5039],[2.21096,41.49925],[2.21505,41.49781],[2.22339,41.49615],[2.22469,41.49252],[2.22816,41.49187],[2.23106,41.49298],[2.23693,41.49124],[2.24073,41.49141],[2.24256,41.49045],[2.24574,41.49037],[2.24622,41.48869],[2.2468,41.48854],[2.2523,41.49196],[2.25432,41.49223],[2.25535,41.49336],[2.25551,41.49597],[2.25922,41.49726],[2.26025,41.49931],[2.26299,41.5016],[2.26222,41.50234],[2.26328,41.50397],[2.2668,41.50477],[2.2682,41.50921],[2.27322,41.51139],[2.2783,41.51237],[2.28501,41.51535],[2.28927,41.51417],[2.30167,41.51527],[2.30724,41.51336],[2.30974,41.51633],[2.31667,41.5174],[2.32301,41.51664],[2.33097,41.52387],[2.32946,41.52393],[2.32855,41.52691],[2.32889,41.52846],[2.32681,41.52867],[2.32366,41.53032],[2.3204,41.53003],[2.31886,41.53131],[2.31895,41.53281],[2.31728,41.53241],[2.31605,41.53344],[2.32817,41.5393],[2.32798,41.54126],[2.33474,41.54388],[2.33352,41.54455],[2.33551,41.54601],[2.33498,41.54896],[2.33858,41.55093],[2.33919,41.55504],[2.33744,41.55624],[2.33836,41.55861],[2.33751,41.56115],[2.34027,41.56076],[2.34205,41.56141],[2.34409,41.56367],[2.34395,41.56531],[2.34718,41.56703],[2.34868,41.5698],[2.35341,41.57195],[2.35589,41.57388],[2.36847,41.5854],[2.3751,41.59512],[2.38042,41.59476],[2.38221,41.59589],[2.38329,41.59899],[2.38253,41.59994],[2.38507,41.6001],[2.38614,41.59953],[2.38901,41.60181],[2.39082,41.60543],[2.39314,41.60634],[2.39417,41.60855],[2.39943,41.60837],[2.40107,41.6077],[2.4012,41.61091],[2.40285,41.61156],[2.4031,41.61283],[2.40488,41.61391],[2.4103,41.62138],[2.41374,41.62364],[2.41514,41.62608],[2.41709,41.62647],[2.41767,41.62716],[2.41937,41.62565],[2.42034,41.62559],[2.42165,41.63066],[2.42876,41.62943],[2.42923,41.63103],[2.43108,41.62965],[2.43192,41.63089],[2.43391,41.63044],[2.43634,41.62829],[2.43782,41.62859],[2.44065,41.63066],[2.44236,41.63092],[2.44518,41.62978],[2.44798,41.6306],[2.44757,41.62907],[2.44858,41.62814],[2.44806,41.62759],[2.45208,41.62605],[2.45376,41.62925],[2.45562,41.63123],[2.45719,41.62953],[2.45678,41.62851],[2.45861,41.62839],[2.46381,41.63058],[2.47132,41.62974],[2.4733,41.63106],[2.47643,41.63076],[2.47778,41.63129],[2.47952,41.62919],[2.48175,41.62941],[2.48349,41.63113],[2.4844,41.63116],[2.4852,41.63097],[2.48402,41.62961],[2.48522,41.62686],[2.49263,41.62408],[2.49489,41.62468],[2.49721,41.62331],[2.49885,41.62431],[2.50433,41.6244],[2.51138,41.62582],[2.51487,41.62774],[2.51641,41.62653],[2.52001,41.62669],[2.52316,41.62591],[2.52695,41.62702],[2.52913,41.6289],[2.52893,41.63143],[2.52937,41.6319],[2.53194,41.63319],[2.53377,41.63307],[2.53473,41.63387],[2.53538,41.63639],[2.53462,41.63826],[2.53567,41.63984],[2.5355,41.64101],[2.53951,41.64283],[2.54022,41.64406],[2.54023,41.6474],[2.54141,41.64926],[2.54407,41.65038],[2.54465,41.65538],[2.54712,41.65832],[2.55137,41.65998],[2.5548,41.65909],[2.5619,41.65883],[2.56607,41.66054],[2.57148,41.661],[2.58935,41.65889],[2.59387,41.65887],[2.59816,41.67014],[2.60638,41.67268],[2.60902,41.67545],[2.60609,41.67762],[2.60335,41.67835],[2.5997,41.68381],[2.5942,41.68673],[2.59418,41.68818],[2.59243,41.68894],[2.59276,41.69167],[2.59031,41.69344],[2.58987,41.69608],[2.58921,41.69679],[2.58979,41.69807],[2.5879,41.70023],[2.59,41.70411],[2.59652,41.70911],[2.59732,41.71131],[2.59885,41.71218],[2.59874,41.71397],[2.60019,41.71615],[2.59739,41.7176],[2.59571,41.7215],[2.59894,41.72833],[2.59252,41.72868],[2.58258,41.72549],[2.57708,41.72447],[2.57466,41.72456],[2.5716,41.72633],[2.5694,41.72612],[2.56647,41.72479],[2.56334,41.72432],[2.56256,41.72345],[2.55836,41.72269],[2.55827,41.72196],[2.54769,41.71899],[2.54411,41.72098],[2.53742,41.72169],[2.53477,41.72437],[2.5337,41.72899],[2.53059,41.73069],[2.53328,41.73581],[2.53192,41.73658],[2.53053,41.73923],[2.52578,41.74164],[2.52341,41.74202],[2.52066,41.74416],[2.51854,41.74706],[2.51504,41.74863],[2.51527,41.75295],[2.51813,41.75535],[2.51585,41.76025],[2.51583,41.76196],[2.51277,41.7617],[2.50543,41.76288],[2.49759,41.76565],[2.49443,41.76428],[2.49055,41.76543],[2.48788,41.76664],[2.48542,41.76926],[2.48239,41.77067],[2.48206,41.7717],[2.46924,41.77793],[2.47253,41.7896],[2.4555,41.78442],[2.44392,41.78936],[2.44273,41.79364],[2.44319,41.79878],[2.44103,41.79933],[2.44017,41.80086],[2.43452,41.80304],[2.42647,41.80492],[2.42337,41.80406],[2.41546,41.80486],[2.41252,41.80377],[2.40989,41.80166],[2.40537,41.80167],[2.39848,41.80421],[2.39604,41.80584],[2.38727,41.80463]]]]}},{"type":"Feature","properties":{"comarca":"42","nom_comar":"Moianès"},"geometry":{"type":"MultiPolygon","coordinates":[[[[2.14197,41.90376],[2.14125,41.9055],[2.13986,41.90618],[2.13918,41.91035],[2.13571,41.91444],[2.13532,41.91339],[2.13207,41.91065],[2.11343,41.90668],[2.10558,41.90327],[2.09725,41.90343],[2.09167,41.90457],[2.09127,41.909],[2.08108,41.90592],[2.07391,41.9001],[2.06373,41.90216],[2.06338,41.89988],[2.05124,41.89911],[2.04664,41.89752],[2.04048,41.90272],[2.03359,41.90206],[2.02846,41.90534],[2.02678,41.90859],[2.02212,41.91101],[2.01254,41.91208],[2.0103,41.90646],[2.01185,41.90279],[2.01459,41.90012],[2.01448,41.89547],[2.01278,41.88835],[2.01414,41.88412],[2.01092,41.88446],[2.00705,41.88295],[2.00537,41.88495],[2.00144,41.88285],[2.01132,41.8789],[2.01346,41.87559],[2.01446,41.87532],[2.01586,41.87333],[2.01377,41.87309],[2.00871,41.86977],[2.00614,41.86908],[2.00412,41.8672],[2.00344,41.86551],[2.00074,41.86462],[1.99576,41.85937],[1.99296,41.85752],[1.98888,41.85669],[1.98743,41.85448],[1.9839,41.85499],[1.97582,41.84719],[1.97508,41.8407],[1.97787,41.83955],[1.97715,41.83714],[1.99646,41.83511],[2.00333,41.83283],[2.00441,41.83192],[2.00388,41.83025],[2.01174,41.8224],[2.01588,41.82417],[2.02048,41.82336],[2.02237,41.82071],[2.02658,41.82085],[2.02612,41.8186],[2.02998,41.81467],[2.03325,41.81331],[2.03405,41.81044],[2.03806,41.80588],[2.02747,41.80174],[2.02369,41.80257],[2.02016,41.80216],[1.9948,41.79547],[1.9874,41.79474],[1.97742,41.79225],[1.9712,41.78929],[1.96912,41.78763],[1.96453,41.78749],[1.95781,41.78384],[1.95593,41.78353],[1.95424,41.78198],[1.93445,41.78066],[1.92565,41.7778],[1.92058,41.77737],[1.90401,41.77384],[1.91121,41.77463],[1.91394,41.77288],[1.91285,41.77047],[1.91322,41.77012],[1.91753,41.77],[1.9179,41.76934],[1.91631,41.76811],[1.91753,41.76553],[1.91808,41.76144],[1.91511,41.76024],[1.91613,41.75964],[1.91627,41.75693],[1.91715,41.75662],[1.91828,41.75878],[1.91938,41.75894],[1.92132,41.75311],[1.9241,41.75281],[1.92331,41.74987],[1.9256,41.74699],[1.92821,41.74509],[1.93323,41.74398],[1.93876,41.74551],[1.95246,41.74677],[1.95599,41.74742],[1.95952,41.74943],[1.96159,41.74936],[1.96655,41.75181],[1.97196,41.75295],[1.97597,41.75248],[1.9792,41.75323],[1.98924,41.74989],[1.99685,41.74425],[2.00203,41.74368],[2.00208,41.74143],[2.0014,41.73971],[2.00208,41.73637],[2.00397,41.73435],[2.00437,41.73271],[2.00389,41.72891],[2.01096,41.73029],[2.01337,41.72779],[2.01451,41.72745],[2.01467,41.7246],[2.01572,41.72359],[2.0151,41.72185],[2.01681,41.71952],[2.01636,41.71642],[2.01955,41.71319],[2.01951,41.7117],[2.0224,41.70813],[2.02207,41.70769],[2.02463,41.70826],[2.0266,41.71005],[2.02913,41.71102],[2.0308,41.71533],[2.03243,41.7165],[2.035,41.71616],[2.03573,41.71693],[2.04358,41.71473],[2.04556,41.71275],[2.04947,41.7109],[2.05088,41.71077],[2.05429,41.71203],[2.0586,41.71113],[2.06486,41.71172],[2.06628,41.71407],[2.0791,41.70957],[2.08167,41.7106],[2.08475,41.71081],[2.08636,41.70799],[2.08728,41.70776],[2.09349,41.70932],[2.0971,41.70916],[2.09906,41.71096],[2.09969,41.71486],[2.10809,41.7179],[2.10962,41.71791],[2.11413,41.71557],[2.12492,41.71248],[2.13305,41.71559],[2.14342,41.71331],[2.15459,41.71634],[2.15665,41.71635],[2.16388,41.71545],[2.16361,41.71494],[2.16592,41.71328],[2.17011,41.71191],[2.17209,41.71356],[2.17584,41.71315],[2.17919,41.7168],[2.1824,41.71604],[2.18635,41.71825],[2.1868,41.71735],[2.18627,41.71572],[2.1871,41.7151],[2.191,41.71645],[2.19169,41.71579],[2.19228,41.71134],[2.19479,41.7087],[2.19538,41.70575],[2.19856,41.70583],[2.19998,41.70684],[2.20658,41.70903],[2.20868,41.70782],[2.20983,41.71008],[2.21067,41.71035],[2.21226,41.70789],[2.21417,41.70718],[2.21258,41.70481],[2.21323,41.70393],[2.21665,41.70405],[2.21918,41.70493],[2.22243,41.7045],[2.22843,41.70726],[2.23742,41.70951],[2.24028,41.70567],[2.24217,41.70769],[2.24007,41.71129],[2.23945,41.71446],[2.24001,41.72077],[2.23843,41.72198],[2.24013,41.72409],[2.24284,41.72467],[2.24387,41.7261],[2.24177,41.72742],[2.24058,41.72961],[2.23617,41.73207],[2.23002,41.72919],[2.22364,41.72972],[2.22129,41.72831],[2.21965,41.72881],[2.21568,41.72806],[2.21325,41.72649],[2.20669,41.72885],[2.2035,41.72911],[2.20115,41.72858],[2.19735,41.73044],[2.19402,41.73014],[2.18951,41.73255],[2.18447,41.74267],[2.18745,41.74994],[2.18956,41.75237],[2.18847,41.75715],[2.18816,41.76616],[2.18876,41.77528],[2.18623,41.78207],[2.18563,41.78671],[2.18601,41.78918],[2.18347,41.79361],[2.17837,41.79585],[2.17562,41.79825],[2.17943,41.80095],[2.17987,41.80297],[2.18441,41.80862],[2.18727,41.81014],[2.18841,41.81354],[2.18753,41.81536],[2.1877,41.81664],[2.19177,41.82095],[2.19432,41.82948],[2.19437,41.83143],[2.19653,41.8361],[2.19337,41.83861],[2.19197,41.83793],[2.18848,41.84412],[2.18994,41.84876],[2.18631,41.8599],[2.18415,41.85782],[2.18422,41.85583],[2.18362,41.85468],[2.1797,41.85258],[2.17702,41.85248],[2.16823,41.85549],[2.15782,41.85645],[2.15681,41.85622],[2.15395,41.85347],[2.1462,41.8526],[2.14189,41.85582],[2.14208,41.85927],[2.14036,41.85955],[2.13671,41.85887],[2.13525,41.86278],[2.1285,41.86902],[2.12927,41.8696],[2.12883,41.87113],[2.13181,41.87396],[2.13188,41.87821],[2.13064,41.87959],[2.12403,41.88106],[2.123,41.88563],[2.13304,41.88637],[2.13819,41.88937],[2.1399,41.89189],[2.14115,41.89888],[2.14019,41.90006],[2.14329,41.90031],[2.14395,41.90171],[2.14197,41.90376]]]]}},{"type":"Feature","properties":{"comarca":"43","nom_comar":"Lluçanès"},"geometry":{"type":"MultiPolygon","coordinates":[[[[2.01787,41.93627],[2.01911,41.93784],[2.02232,41.93795],[2.01887,41.93975],[2.01959,41.94294],[2.0187,41.94452],[2.01667,41.94307],[2.0151,41.94281],[2.01097,41.93873],[2.01458,41.93566],[2.01787,41.93627]],[[2.09603,42.14172],[2.09411,42.14192],[2.09225,42.1444],[2.09031,42.14244],[2.08636,42.14155],[2.07058,42.14173],[2.07045,42.13907],[2.06486,42.13853],[2.06154,42.13658],[2.06115,42.13516],[2.06768,42.13443],[2.07005,42.13187],[2.07075,42.129],[2.06894,42.12802],[2.07014,42.12686],[2.06825,42.12603],[2.06765,42.1247],[2.06804,42.12269],[2.06406,42.12189],[2.0496,42.12161],[2.0507,42.11654],[2.05449,42.10751],[2.04563,42.10447],[2.0569,42.10102],[2.06246,42.09862],[2.06022,42.09458],[2.05768,42.08768],[2.05387,42.09066],[2.05304,42.09454],[2.04246,42.09237],[2.03974,42.08737],[2.0399,42.08649],[2.04163,42.08184],[2.04291,42.08107],[2.04533,42.08104],[2.03471,42.07714],[2.0306,42.08195],[2.02592,42.09295],[2.02703,42.09537],[2.02533,42.09632],[2.01766,42.09494],[2.01362,42.09356],[2.00811,42.08515],[2.00998,42.0831],[2.01014,42.08213],[2.00937,42.08054],[2.00997,42.07844],[2.00841,42.07384],[2.00954,42.07094],[2.00823,42.06955],[2.00766,42.06733],[2.00859,42.06469],[2.00862,42.06229],[2.00999,42.06077],[2.0081,42.0577],[2.00758,42.05416],[2.00636,42.05289],[2.00761,42.04993],[2.00544,42.04923],[2.00479,42.04838],[2.00451,42.04661],[2.003,42.04406],[2.00259,42.03951],[2.00027,42.03903],[1.99733,42.03606],[1.99961,42.03179],[1.99898,42.03101],[1.99709,42.03072],[1.9955,42.02864],[1.99664,42.02798],[1.99939,42.02958],[2.00333,42.03035],[2.00525,42.02975],[2.01004,42.02968],[2.01307,42.02853],[2.01823,42.02835],[2.02155,42.02621],[2.02147,42.02384],[2.01064,42.01321],[2.00769,42.00886],[2.00712,42.00447],[2.00817,42.00372],[2.00803,42.00283],[2.00733,42.00088],[2.00625,42.00062],[2.00575,41.99955],[2.00636,41.9961],[2.00542,41.9949],[1.99967,41.99019],[1.99612,41.99108],[1.99475,41.98981],[1.99429,41.98813],[1.99684,41.98157],[1.99674,41.97927],[1.99832,41.97752],[1.98559,41.96965],[1.99822,41.9704],[2.00146,41.96643],[2.00455,41.96508],[2.0145,41.96627],[2.01809,41.96615],[2.03312,41.96108],[2.03153,41.9599],[2.03133,41.9592],[2.03223,41.9586],[2.03074,41.95748],[2.0312,41.95689],[2.02712,41.95036],[2.0289,41.94882],[2.02806,41.94273],[2.02565,41.94106],[2.02315,41.94162],[2.02418,41.94038],[2.02453,41.93845],[2.02739,41.93623],[2.02977,41.93273],[2.03001,41.93198],[2.02924,41.93057],[2.03048,41.9275],[2.03071,41.92441],[2.03299,41.92216],[2.03408,41.91945],[2.03408,41.9164],[2.03572,41.91132],[2.04088,41.90934],[2.04249,41.90799],[2.04277,41.90698],[2.04514,41.90712],[2.04573,41.90866],[2.04718,41.90896],[2.04782,41.90838],[2.04721,41.90598],[2.04399,41.90301],[2.04493,41.89951],[2.04048,41.90272],[2.04664,41.89752],[2.05124,41.89911],[2.06338,41.89988],[2.06373,41.90216],[2.07391,41.9001],[2.08108,41.90592],[2.09127,41.909],[2.0934,41.91386],[2.09038,41.91505],[2.09812,41.92136],[2.10121,41.92002],[2.10362,41.9226],[2.10554,41.92343],[2.10784,41.92616],[2.11223,41.92938],[2.11352,41.93079],[2.11525,41.93556],[2.12044,41.94105],[2.12123,41.94415],[2.12193,41.94467],[2.12801,41.94268],[2.1396,41.94462],[2.13645,41.94804],[2.13577,41.95519],[2.13369,41.95678],[2.13149,41.95655],[2.12871,41.9579],[2.12849,41.96133],[2.13119,41.96444],[2.12149,41.96671],[2.12829,41.9719],[2.12733,41.97858],[2.12887,41.98186],[2.12907,41.98503],[2.12719,41.98919],[2.12436,41.99084],[2.1348,42.00195],[2.13985,42.0036],[2.1417,42.00706],[2.14665,42.01046],[2.15475,42.01101],[2.15536,42.00954],[2.16884,42.00615],[2.17404,42.00299],[2.17577,42.00281],[2.17861,42.0038],[2.18071,42.00571],[2.18383,42.0051],[2.1876,42.0074],[2.18903,42.01116],[2.18988,42.01042],[2.1892,42.0079],[2.19095,42.00767],[2.19208,42.00878],[2.19255,42.00807],[2.19449,42.00804],[2.19308,42.01188],[2.19329,42.01446],[2.19764,42.01541],[2.20022,42.01838],[2.19749,42.02133],[2.19877,42.02418],[2.19806,42.0252],[2.19561,42.02604],[2.19223,42.02965],[2.18765,42.03309],[2.18054,42.04195],[2.17485,42.03961],[2.16507,42.03768],[2.16317,42.038],[2.16197,42.03637],[2.15112,42.03227],[2.14869,42.02971],[2.13635,42.02529],[2.13504,42.02598],[2.13175,42.0255],[2.12396,42.03284],[2.1292,42.03675],[2.12974,42.04093],[2.12632,42.04353],[2.12391,42.04926],[2.12588,42.05129],[2.12732,42.05183],[2.13584,42.05188],[2.13416,42.05409],[2.13553,42.05754],[2.12475,42.06357],[2.12325,42.06849],[2.12067,42.06992],[2.11776,42.06967],[2.11548,42.07296],[2.11006,42.07612],[2.10813,42.07833],[2.10744,42.08199],[2.10507,42.08545],[2.1086,42.08999],[2.10885,42.09261],[2.11092,42.0939],[2.11054,42.09437],[2.11262,42.09844],[2.11241,42.09987],[2.11605,42.10182],[2.12158,42.10007],[2.12263,42.09919],[2.13004,42.10043],[2.12972,42.10158],[2.13293,42.10524],[2.12788,42.1084],[2.12591,42.11241],[2.12465,42.11252],[2.12454,42.11385],[2.12266,42.11512],[2.12041,42.11602],[2.11795,42.11541],[2.11475,42.1175],[2.11316,42.11691],[2.1097,42.11996],[2.10682,42.1208],[2.10416,42.12303],[2.10096,42.12357],[2.09978,42.12447],[2.09968,42.12497],[2.1009,42.12535],[2.09959,42.1277],[2.10108,42.12937],[2.09762,42.13018],[2.10074,42.13669],[2.10133,42.13984],[2.09552,42.14007],[2.09603,42.14172]]]]}}]}